/home/lee/miniconda3/envs/boundflow/lib/python3.12/site-packages/torch/jit/_script.py:1488: DeprecationWarning: `torch.jit.script` is deprecated. Please switch to `torch.compile` or `torch.export`.
  warnings.warn(
W0804 12:39:30.774000 157302 site-packages/torch/utils/cpp_extension.py:140] No CUDA runtime is found, using CUDA_HOME='/opt/cuda'
Adding complete_verifier to sys.path
INFO     12:39:30     [tensor_storage.py:70] Hugepage enabled for branch-and-bound domains.
/home/lee/miniconda3/envs/boundflow/lib/python3.12/site-packages/onnx2pytorch/convert/layer.py:29: UserWarning: The given NumPy array is not writable, and PyTorch does not support non-writable tensors. This means writing to this tensor will result in undefined behavior. You may want to copy the array to protect its data or make it writable before converting it to a tensor. This type of warning will be suppressed for the rest of this program. (Triggered internally at /pytorch/torch/csrc/utils/tensor_numpy.cpp:213.)
  layer.weight.data = torch.from_numpy(numpy_helper.to_array(weight))
/home/lee/miniconda3/envs/boundflow/lib/python3.12/site-packages/onnx2pytorch/convert/model.py:151: UserWarning: Using experimental implementation that allows 'batch_size > 1'.Batchnorm layers could potentially produce false outputs.
  warnings.warn(
/home/lee/miniconda3/envs/boundflow/lib/python3.12/site-packages/onnx2pytorch/utils.py:21: TracerWarning: Converting a tensor to a Python boolean might cause the trace to be incorrect. We can't record the data flow of Python values, so this value will be treated as a constant in the future. This means that the trace might not generalize to other inputs!
  return value.ndim == 0 or value.shape == torch.Size([1])
/home/lee/miniconda3/envs/boundflow/lib/python3.12/site-packages/onnx2pytorch/operations/add.py:34: TracerWarning: Converting a tensor to a Python boolean might cause the trace to be incorrect. We can't record the data flow of Python values, so this value will be treated as a constant in the future. This means that the trace might not generalize to other inputs!
  elif all(x == 1 for x in input[0].shape):
Precompiled vnnlib file found at /tmp/boundflow-nrir8-vnncomp.oSGXiS/benchmarks/cifar10_resnet/vnnlib_properties_pgd_filtered/resnet2b_pgd_filtered/prop_0_eps_0.008.vnnlib.compiled
Loading onnx /tmp/boundflow-nrir8-vnncomp.oSGXiS/benchmarks/cifar10_resnet/onnx/resnet_2b.onnx with quirks {}
Finished onnx model loading in 0.0099 seconds
Model: BoundedModule(
  (/input-1): BoundInput(name=/input-1, inputs=[], perturbed=True)
  (/17): BoundParams(name=/17, inputs=[], perturbed=False)
  (/18): BoundParams(name=/18, inputs=[], perturbed=False)
  (/19): BoundParams(name=/19, inputs=[], perturbed=False)
  (/20): BoundParams(name=/20, inputs=[], perturbed=False)
  (/21): BoundParams(name=/21, inputs=[], perturbed=False)
  (/22): BoundParams(name=/22, inputs=[], perturbed=False)
  (/23): BoundParams(name=/23, inputs=[], perturbed=False)
  (/24): BoundParams(name=/24, inputs=[], perturbed=False)
  (/25): BoundParams(name=/25, inputs=[], perturbed=False)
  (/26): BoundParams(name=/26, inputs=[], perturbed=False)
  (/27): BoundParams(name=/27, inputs=[], perturbed=False)
  (/28): BoundParams(name=/28, inputs=[], perturbed=False)
  (/29): BoundParams(name=/29, inputs=[], perturbed=False)
  (/30): BoundParams(name=/30, inputs=[], perturbed=False)
  (/31): BoundParams(name=/31, inputs=[], perturbed=False)
  (/32): BoundParams(name=/32, inputs=[], perturbed=False)
  (/input): BoundConv(name=/input, inputs=[/input-1, /17, /18], perturbed=True)
  (/input-4): BoundRelu(name=/input-4, inputs=[/input], perturbed=True)
  (/input-8): BoundConv(name=/input-8, inputs=[/input-4, /19, /20], perturbed=True)
  (/input-12): BoundRelu(name=/input-12, inputs=[/input-8], perturbed=True)
  (/37): BoundConv(name=/37, inputs=[/input-12, /21, /22], perturbed=True)
  (/38): BoundConv(name=/38, inputs=[/input-4, /23, /24], perturbed=True)
  (/39): BoundAdd(name=/39, inputs=[/37, /38], perturbed=True)
  (/input-16): BoundRelu(name=/input-16, inputs=[/39], perturbed=True)
  (/input-20): BoundConv(name=/input-20, inputs=[/input-16, /25, /26], perturbed=True)
  (/input-24): BoundRelu(name=/input-24, inputs=[/input-20], perturbed=True)
  (/43): BoundConv(name=/43, inputs=[/input-24, /27, /28], perturbed=True)
  (/44): BoundAdd(name=/44, inputs=[/43, /input-16], perturbed=True)
  (/45): BoundRelu(name=/45, inputs=[/44], perturbed=True)
  (/46): BoundFlatten(name=/46, inputs=[/45], perturbed=True)
  (/input-28): BoundLinear(name=/input-28, inputs=[/46, /29, /30], perturbed=True)
  (/48): BoundRelu(name=/48, inputs=[/input-28], perturbed=True)
  (/49): BoundLinear(name=/49, inputs=[/48, /31, /32], perturbed=True)
)
Original output in the first batch: tensor([[ 1.50501573, -3.74796200,  2.36145067,  1.75443721,  0.24119473,
          1.70216727,  1.10977185, -0.08753173, -2.12495875, -2.71368599]])
Split layers:
Nonlinear functions:
   BoundRelu(name=/input-4, inputs=[/input], perturbed=True)
   BoundRelu(name=/input-12, inputs=[/input-8], perturbed=True)
   BoundRelu(name=/input-16, inputs=[/39], perturbed=True)
   BoundRelu(name=/input-24, inputs=[/input-20], perturbed=True)
   BoundRelu(name=/45, inputs=[/44], perturbed=True)
   BoundRelu(name=/48, inputs=[/input-28], perturbed=True)
build batch [1/1]
layer /input-4 using sparse-features alpha with shape [164]; unstable size 164; total size 2048 ([1, 8, 16, 16])
layer /input-4 start_node /input-8 using sparse-spec alpha [2, 133, 1, 164] with unstable size 132 total_size 1024 output_shape (16, 8, 8)
layer /input-4 start_node /39 using sparse-spec alpha [2, 122, 1, 164] with unstable size 121 total_size 1024 output_shape (16, 8, 8)
layer /input-4 start_node /input-20 using sparse-spec alpha [2, 87, 1, 164] with unstable size 86 total_size 1024 output_shape (16, 8, 8)
layer /input-4 start_node /44 using sparse-spec alpha [2, 179, 1, 164] with unstable size 178 total_size 1024 output_shape (16, 8, 8)
layer /input-4 start_node /input-28 using sparse-spec alpha [2, 28, 1, 164] with unstable size 27 total_size 100 output_shape torch.Size([100])
layer /input-4 start_node /49 using full alpha [2, 9, 1, 164] with unstable size None total_size 9 output_shape 9
layer /input-12 using sparse-features alpha with shape [132]; unstable size 132; total size 1024 ([1, 16, 8, 8])
layer /input-12 start_node /39 using sparse-spec alpha [2, 122, 1, 132] with unstable size 121 total_size 1024 output_shape (16, 8, 8)
layer /input-12 start_node /input-20 using sparse-spec alpha [2, 87, 1, 132] with unstable size 86 total_size 1024 output_shape (16, 8, 8)
layer /input-12 start_node /44 using sparse-spec alpha [2, 179, 1, 132] with unstable size 178 total_size 1024 output_shape (16, 8, 8)
layer /input-12 start_node /input-28 using sparse-spec alpha [2, 28, 1, 132] with unstable size 27 total_size 100 output_shape torch.Size([100])
layer /input-12 start_node /49 using full alpha [2, 9, 1, 132] with unstable size None total_size 9 output_shape 9
layer /input-16 using sparse-features alpha with shape [121]; unstable size 121; total size 1024 ([1, 16, 8, 8])
layer /input-16 start_node /input-20 using sparse-spec alpha [2, 87, 1, 121] with unstable size 86 total_size 1024 output_shape (16, 8, 8)
layer /input-16 start_node /44 using sparse-spec alpha [2, 179, 1, 121] with unstable size 178 total_size 1024 output_shape (16, 8, 8)
layer /input-16 start_node /input-28 using sparse-spec alpha [2, 28, 1, 121] with unstable size 27 total_size 100 output_shape torch.Size([100])
layer /input-16 start_node /49 using full alpha [2, 9, 1, 121] with unstable size None total_size 9 output_shape 9
layer /input-24 using sparse-features alpha with shape [86]; unstable size 86; total size 1024 ([1, 16, 8, 8])
layer /input-24 start_node /44 using sparse-spec alpha [2, 179, 1, 86] with unstable size 178 total_size 1024 output_shape (16, 8, 8)
layer /input-24 start_node /input-28 using sparse-spec alpha [2, 28, 1, 86] with unstable size 27 total_size 100 output_shape torch.Size([100])
layer /input-24 start_node /49 using full alpha [2, 9, 1, 86] with unstable size None total_size 9 output_shape 9
layer /45 using sparse-features alpha with shape [178]; unstable size 178; total size 1024 ([1, 16, 8, 8])
layer /45 start_node /input-28 using sparse-spec alpha [2, 28, 1, 178] with unstable size 27 total_size 100 output_shape torch.Size([100])
layer /45 start_node /49 using full alpha [2, 9, 1, 178] with unstable size None total_size 9 output_shape 9
layer /48 using sparse-features alpha with shape [27]; unstable size 27; total size 100 ([1, 100])
layer /48 start_node /49 using full alpha [2, 9, 1, 27] with unstable size None total_size 9 output_shape 9
Optimizable variables initialized.
initial CROWN bounds (first 10 items): [-0.5429365634918213, 4.325179100036621, -0.5281871557235718, 0.8300086259841919, -0.5984487533569336, 0.10806775093078613, 0.6772157549858093, 2.7271907329559326, 3.105266809463501]
prune_after_crown optimization in use
  original spec size = torch.Size([1, 9])
  pruned spec size = torch.Size([1, 3])
Using alpha-CROWN to initialize bounds.
best_l after optimization: -1.3823435306549072
alpha/beta optimization time: 5.452923774719238
initial alpha-crown bounds (first 10 items): [-0.4012397527694702, -0.45986032485961914, -0.5212434530258179]
Global lower bound: -0.5212434530258179
6 / 9 OR specs are verified.
Verified OR indices (first 10 items): [1, 3, 5, 6, 7, 8]
Verified OR lbs (first 10 items): [[inf], [inf], [inf], [inf], [inf], [inf]]
Unverified OR indices (first 10 items): [0, 2, 4]
Unverified OR lbs (first 10 items): [[-0.4012397527694702], [-0.45986032485961914], [-0.5212434530258179]]
###### Verifying property Instance 0 ######
Batch size: 3
First 10 spec matrices
C: tensor([[[-1.,  0.,  1.,  0.,  0.,  0.,  0.,  0.,  0.,  0.]],

        [[ 0.,  0.,  1., -1.,  0.,  0.,  0.,  0.,  0.,  0.]],

        [[ 0.,  0.,  1.,  0.,  0., -1.,  0.,  0.,  0.,  0.]]])
RHS: tensor([[0.],
        [0.],
        [0.]])
OR spec sizes: tensor([1, 1, 1], dtype=torch.int32)
Remaining timeout: 54.23081088066101
Model prediction is: tensor([ 1.50501573, -3.74796200,  2.36145067,  1.75443721,  0.24119473,
         1.70216727,  1.10977185, -0.08753173, -2.12495875, -2.71368599])
Activation BaB batch 1/1 
build_with_refined_bounds batch [1/1]
Optimizable variables initialized.
all alpha initialized
directly get lb and ub from refined bounds
c shape: torch.Size([3, 1, 10])
lA shapes: [torch.Size([3, 1, 8, 16, 16]), torch.Size([3, 1, 16, 8, 8]), torch.Size([3, 1, 16, 8, 8]), torch.Size([3, 1, 16, 8, 8]), torch.Size([3, 1, 16, 8, 8]), torch.Size([3, 1, 100])]
(alpha-)CROWN with fixed intermediate bounds: tensor([[-0.40123975],
        [-0.45986032],
        [-0.52124345]]) tensor([[inf],
        [inf],
        [inf]])
Intermediate layers: /input,/input-8,/39,/input-20,/44,/input-28
Keeping alphas for these layers: ['/49']
Node /input-4 input 0: size torch.Size([8, 16, 16]) unstable 164
Node /input-12 input 0: size torch.Size([16, 8, 8]) unstable 131
Node /input-16 input 0: size torch.Size([16, 8, 8]) unstable 118
Node /input-24 input 0: size torch.Size([16, 8, 8]) unstable 84
Node /45 input 0: size torch.Size([16, 8, 8]) unstable 169
Node /48 input 0: size torch.Size([100]) unstable 26
-----------------
# of unstable neurons: 692
-----------------

BaB round 1
batch: 3
splitting decisions: 
split level 0: [/input-28, 17] [/input-28, 17] [/input-28, 31] 
best_l after optimization: -2.3042516708374023
beta sum per layer: [0.0, 0.0, 0.0, 0.0, 0.0, 0.04467431828379631]
alpha/beta optimization time: 0.0653524398803711
pruning_in_iteration open status: False
ratio of positive domain = 0 / 6 = 0.0
pruning-in-iteration extra time: 2.2172927856445312e-05
Time: get_branching_decision.update_bounds 0.0154    pickout 0.0007    branching_decision 0.0000    decision 0.0000    set_bounds 0.0004    prepare 0.0003    transfer 0.0000    finalize 0.0003    func 0.0863    
Accumulated time: get_branching_decision.update_bounds 0.0154    bab_iteration 0.0000    pickout 0.0007    decision 0.0000    branching_decision 0.0000    set_bounds 0.0004    solve 0.0000    func 0.0863    prepare 0.0003    transfer 0.0000    finalize 0.0003    
max lb -0.30160677433013916 min lb -0.4558591842651367
Number of Verified Splits: 0 of 6
Current worst splitting domains lb-rhs (depth):
-0.45586 (1), -0.44143 (1), -0.40978 (1), -0.39077 (1), -0.30480 (1), -0.30161 (1), 
Current (lb-rhs): -0.4558591842651367
6 domains visited
Length of domains: 6
Cumulative time: 0.10951042175292969

BaB round 2
batch: 6
splitting decisions: 
split level 0: [/input-28, 27] [/input-28, 32] [/input-28, 90] [/input-28, 27] [/input-28, 32] [/input-28, 90] 
best_l after optimization: -3.416715621948242
beta sum per layer: [0.0, 0.0, 0.0, 0.0, 0.0, 2.488524913787842]
alpha/beta optimization time: 0.07429742813110352
pruning_in_iteration open status: False
ratio of positive domain = 0 / 12 = 0.0
pruning-in-iteration extra time: 1.9788742065429688e-05
Time: get_branching_decision.update_bounds 0.0154    pickout 0.0011    branching_decision 0.0000    decision 0.0000    set_bounds 0.0005    prepare 0.0005    transfer 0.0000    finalize 0.0004    func 0.0990    solve 0.0864    add 0.0004    bab_iteration 0.0880    
Accumulated time: get_branching_decision.update_bounds 0.0154    bab_iteration 0.0880    pickout 0.0018    decision 0.0001    branching_decision 0.0001    set_bounds 0.0009    solve 0.0864    func 0.1853    prepare 0.0009    transfer 0.0000    finalize 0.0007    add 0.0004    
max lb -0.12635445594787598 min lb -0.4159517288208008
Number of Verified Splits: 0 of 12
Current worst splitting domains lb-rhs (depth):
-0.41595 (2), -0.40071 (2), -0.36968 (2), -0.35077 (2), -0.31536 (2), -0.30097 (2), -0.25482 (2), -0.25429 (2), -0.25317 (2), -0.23130 (2), -0.14334 (2), -0.12635 (2), 
Current (lb-rhs): -0.4159517288208008
18 domains visited
Length of domains: 12
Cumulative time: 0.21080803871154785

BaB round 3
batch: 12
splitting decisions: 
split level 0: [/input-28, 90] [/input-28, 31] [/44, 548] [/input-28, 90] [/input-28, 31] [/input-28, 17] [/input-28, 90] [/input-28, 31] [/input-28, 17] [/input-28, 90] 
best_l after optimization: -5.43302059173584
beta sum per layer: [0.0, 0.0, 0.0, 0.0, 0.0, 9.64907169342041]
alpha/beta optimization time: 0.08461594581604004
pruning_in_iteration open status: False
ratio of positive domain = 0 / 24 = 0.0
pruning-in-iteration extra time: 2.09808349609375e-05
Time: get_branching_decision.update_bounds 0.0154    pickout 0.0016    branching_decision 0.0000    decision 0.0000    set_bounds 0.0008    prepare 0.0008    transfer 0.0000    finalize 0.0006    func 0.1205    solve 0.0991    add 0.0004    bab_iteration 0.1013    
Accumulated time: get_branching_decision.update_bounds 0.0154    bab_iteration 0.1893    pickout 0.0034    decision 0.0001    branching_decision 0.0001    set_bounds 0.0017    solve 0.1854    func 0.3059    prepare 0.0017    transfer 0.0000    finalize 0.0013    add 0.0009    
max lb -0.031583547592163086 min lb -0.3850449323654175
Number of Verified Splits: 0 of 24
Current worst splitting domains lb-rhs (depth):
-0.38504 (3), -0.36846 (3), -0.36600 (3), -0.34560 (3), -0.33416 (3), -0.31531 (3), -0.30201 (3), -0.28049 (3), -0.27610 (3), -0.26274 (3), -0.26246 (3), -0.24906 (3), -0.21065 (3), -0.20622 (3), -0.20603 (3), -0.18432 (3), -0.17726 (3), -0.15555 (3), -0.14956 (3), -0.14564 (3), 
Current (lb-rhs): -0.3850449323654175
42 domains visited
Length of domains: 24
Cumulative time: 0.33438944816589355

BaB round 4
batch: 24
splitting decisions: 
split level 0: [/input-28, 31] [/input-28, 90] [/input-28, 17] [/input-28, 31] [/input-28, 90] [/44, 548] [/input-28, 31] [/input-28, 90] [/input-28, 32] [/input-28, 31] 
best_l after optimization: -7.924339294433594
beta sum per layer: [0.0, 0.0, 0.0, 0.0, 0.0, 24.817279815673828]
alpha/beta optimization time: 0.10164189338684082
pruning_in_iteration open status: False
ratio of positive domain = 5 / 48 = 0.10416666666666663
pruning-in-iteration extra time: 1.7881393432617188e-05
Time: get_branching_decision.update_bounds 0.0154    pickout 0.0026    branching_decision 0.0000    decision 0.0001    set_bounds 0.0012    prepare 0.0013    transfer 0.0000    finalize 0.0014    func 0.1408    solve 0.1205    add 0.0005    bab_iteration 0.1236    
Accumulated time: get_branching_decision.update_bounds 0.0154    bab_iteration 0.3129    pickout 0.0061    decision 0.0002    branching_decision 0.0001    set_bounds 0.0028    solve 0.3060    func 0.4467    prepare 0.0030    transfer 0.0000    finalize 0.0027    add 0.0014    
max lb 0.06015729904174805 min lb -0.35525357723236084
Number of Verified Splits: 5 of 48
Current worst splitting domains lb-rhs (depth):
-0.35525 (4), -0.35511 (4), -0.33685 (4), -0.33384 (4), -0.31719 (4), -0.31526 (4), -0.30857 (4), -0.29682 (4), -0.29661 (4), -0.28815 (4), -0.27436 (4), -0.25118 (4), -0.24921 (4), -0.23574 (4), -0.23555 (4), -0.23136 (4), -0.22395 (4), -0.22278 (4), -0.20308 (4), -0.19877 (4), 
Current (lb-rhs): -0.35525357723236084
90 domains visited
Length of domains: 43
Cumulative time: 0.4799184799194336

BaB round 5
batch: 43
splitting decisions: 
split level 0: [/44, 548] [/input-28, 32] [/44, 548] [/input-28, 32] [/input-20, 556] [/44, 548] [/input-28, 13] [/44, 548] [/44, 548] [/input-28, 13] 
best_l after optimization: -11.86439323425293
beta sum per layer: [0.0, 0.0, 0.0, 0.1470700353384018, 0.0595397874712944, 55.481605529785156]
alpha/beta optimization time: 0.11931824684143066
pruning_in_iteration open status: False
ratio of positive domain = 10 / 86 = 0.11627906976744184
pruning-in-iteration extra time: 1.9073486328125e-05
Time: get_branching_decision.update_bounds 0.0154    pickout 0.0050    branching_decision 0.0001    decision 0.0001    set_bounds 0.0017    prepare 0.0024    transfer 0.0000    finalize 0.0015    func 0.1882    solve 0.1409    add 0.0006    bab_iteration 0.1455    
Accumulated time: get_branching_decision.update_bounds 0.0154    bab_iteration 0.4584    pickout 0.0111    decision 0.0003    branching_decision 0.0002    set_bounds 0.0045    solve 0.4468    func 0.6349    prepare 0.0054    transfer 0.0001    finalize 0.0043    add 0.0020    
max lb 0.059062838554382324 min lb -0.33148491382598877
Number of Verified Splits: 10 of 86
Current worst splitting domains lb-rhs (depth):
-0.33148 (5), -0.33097 (5), -0.31271 (5), -0.30988 (5), -0.29449 (5), -0.29236 (5), -0.28669 (5), -0.28459 (5), -0.27236 (5), -0.27216 (5), -0.26645 (5), -0.26590 (5), -0.26515 (5), -0.26254 (5), -0.24781 (5), -0.24546 (5), -0.24440 (5), -0.24333 (5), -0.22689 (5), -0.22218 (5), 
Current (lb-rhs): -0.33148491382598877
176 domains visited
Length of domains: 76
Cumulative time: 0.6758134365081787

BaB round 6
batch: 64
splitting decisions: 
split level 0: [/input-28, 78] [/input-28, 6] [/44, 548] [/input-28, 6] [/44, 548] [/44, 548] [/input-28, 6] [/44, 532] [/44, 548] [/input-28, 6] 
best_l after optimization: -12.762195587158203
beta sum per layer: [0.0, 0.0, 0.0, 0.2845441401004791, 0.2970374822616577, 91.01453399658203]
alpha/beta optimization time: 0.162489652633667
pruning_in_iteration open status: True
ratio of positive domain = 37 / 128 = 0.2890625
pruning-in-iteration extra time: 0.003343343734741211
Time: get_branching_decision.update_bounds 0.0154    pickout 0.0064    branching_decision 0.0001    decision 0.0001    set_bounds 0.0025    prepare 0.0037    transfer 0.0000    finalize 0.0018    func 0.2397    solve 0.1882    add 0.0008    bab_iteration 0.1959    
Accumulated time: get_branching_decision.update_bounds 0.0154    bab_iteration 0.6543    pickout 0.0175    decision 0.0004    branching_decision 0.0003    set_bounds 0.0070    solve 0.6351    func 0.8746    prepare 0.0091    transfer 0.0001    finalize 0.0061    add 0.0028    
max lb 0.007774829864501953 min lb -0.3098543882369995
Number of Verified Splits: 37 of 128
Current worst splitting domains lb-rhs (depth):
-0.30985 (6), -0.30904 (6), -0.30738 (6), -0.30721 (6), -0.29449 (5), -0.29062 (6), -0.28748 (6), -0.28459 (5), -0.28008 (6), -0.27746 (6), -0.27236 (5), -0.27232 (6), -0.27216 (5), -0.26772 (6), -0.26645 (5), -0.24641 (6), -0.24440 (5), -0.23759 (6), -0.23754 (6), -0.23405 (6), 
Current (lb-rhs): -0.3098543882369995
304 domains visited
Length of domains: 103
Cumulative time: 0.9253394603729248

BaB round 7
batch: 64
splitting decisions: 
split level 0: [/input-20, 556] [/input-28, 78] [/input-20, 980] [/input-20, 980] [/input-28, 13] [/input-20, 980] [/input-28, 78] [/input-20, 980] [/input-28, 78] [/input-20, 557] 
best_l after optimization: -13.577386856079102
beta sum per layer: [0.0, 0.0, 0.0, 0.8564575910568237, 0.25810784101486206, 86.00533294677734]
alpha/beta optimization time: 0.14748191833496094
pruning_in_iteration open status: False
ratio of positive domain = 21 / 128 = 0.1640625
pruning-in-iteration extra time: 2.3365020751953125e-05
Time: get_branching_decision.update_bounds 0.0154    pickout 0.0064    branching_decision 0.0001    decision 0.0001    set_bounds 0.0025    prepare 0.0038    transfer 0.0000    finalize 0.0023    func 0.2335    solve 0.2397    add 0.0007    bab_iteration 0.2495    
Accumulated time: get_branching_decision.update_bounds 0.0154    bab_iteration 0.9038    pickout 0.0238    decision 0.0004    branching_decision 0.0004    set_bounds 0.0095    solve 0.8748    func 1.1081    prepare 0.0129    transfer 0.0001    finalize 0.0084    add 0.0035    
max lb 0.04007911682128906 min lb -0.28969621658325195
Number of Verified Splits: 21 of 128
Current worst splitting domains lb-rhs (depth):
-0.30738 (6), -0.30721 (6), -0.29449 (5), -0.28970 (7), -0.28843 (7), -0.28459 (5), -0.28008 (6), -0.27746 (6), -0.27236 (5), -0.27216 (5), -0.26861 (7), -0.26685 (7), -0.26645 (5), -0.26544 (7), -0.26371 (7), -0.25444 (7), -0.25306 (7), -0.25165 (7), -0.24440 (5), -0.24430 (7), 
Current (lb-rhs): -0.3073784112930298
432 domains visited
Length of domains: 146
Cumulative time: 1.1748480796813965

BaB round 8
batch: 64
splitting decisions: 
split level 0: [/input-28, 20] [/44, 532] [/input-28, 4] [/44, 532] [/44, 532] [/input-28, 4] [/44, 532] [/44, 532] [/44, 532] [/44, 532] 
best_l after optimization: -12.224913597106934
beta sum per layer: [0.0, 0.0, 0.0, 2.4123125076293945, 2.1271157264709473, 92.151123046875]
alpha/beta optimization time: 0.15479612350463867
pruning_in_iteration open status: False
ratio of positive domain = 15 / 128 = 0.1171875
pruning-in-iteration extra time: 2.47955322265625e-05
Time: get_branching_decision.update_bounds 0.0154    pickout 0.0066    branching_decision 0.0001    decision 0.0001    set_bounds 0.0028    prepare 0.0037    transfer 0.0000    finalize 0.0021    func 0.2428    solve 0.2335    add 0.0069    bab_iteration 0.2495    
Accumulated time: get_branching_decision.update_bounds 0.0154    bab_iteration 1.1533    pickout 0.0304    decision 0.0005    branching_decision 0.0004    set_bounds 0.0123    solve 1.1083    func 1.3508    prepare 0.0166    transfer 0.0001    finalize 0.0106    add 0.0104    
max lb 0.05561345815658569 min lb -0.27187371253967285
Number of Verified Splits: 16 of 128
Current worst splitting domains lb-rhs (depth):
-0.30738 (6), -0.30721 (6), -0.29449 (5), -0.28459 (5), -0.28008 (6), -0.27746 (6), -0.27236 (5), -0.27216 (5), -0.27187 (8), -0.27074 (8), -0.26685 (7), -0.26645 (5), -0.26371 (7), -0.25911 (8), -0.25722 (8), -0.25306 (7), -0.24726 (8), -0.24445 (8), -0.24440 (5), -0.24430 (7), 
Current (lb-rhs): -0.3073784112930298
560 domains visited
Length of domains: 194
Cumulative time: 1.4281532764434814

BaB round 9
batch: 64
splitting decisions: 
split level 0: [/input-20, 557] [/input-20, 556] [/input-20, 556] [/input-20, 556] [/input-28, 4] [/input-20, 556] [/input-20, 556] [/input-28, 4] [/input-20, 556] [/input-20, 556] 
best_l after optimization: -11.228711128234863
beta sum per layer: [0.0, 0.0, 0.0, 6.202207565307617, 2.1464004516601562, 95.10462951660156]
alpha/beta optimization time: 0.13534331321716309
pruning_in_iteration open status: False
ratio of positive domain = 10 / 128 = 0.078125
pruning-in-iteration extra time: 2.86102294921875e-05
Time: get_branching_decision.update_bounds 0.0154    pickout 0.0070    branching_decision 0.0001    decision 0.0001    set_bounds 0.0023    prepare 0.0043    transfer 0.0000    finalize 0.0022    func 0.2341    solve 0.2428    add 0.0008    bab_iteration 0.2533    
Accumulated time: get_branching_decision.update_bounds 0.0154    bab_iteration 1.4066    pickout 0.0374    decision 0.0006    branching_decision 0.0005    set_bounds 0.0146    solve 1.3511    func 1.5850    prepare 0.0209    transfer 0.0001    finalize 0.0127    add 0.0112    
max lb 0.06301373243331909 min lb -0.25709211826324463
Number of Verified Splits: 10 of 128
Current worst splitting domains lb-rhs (depth):
-0.30738 (6), -0.30721 (6), -0.29449 (5), -0.28459 (5), -0.28008 (6), -0.27746 (6), -0.27236 (5), -0.27216 (5), -0.26685 (7), -0.26645 (5), -0.26371 (7), -0.25911 (8), -0.25722 (8), -0.25709 (9), -0.25663 (9), -0.25306 (7), -0.24440 (5), -0.24430 (7), -0.23749 (9), -0.23632 (9), 
Current (lb-rhs): -0.3073784112930298
688 domains visited
Length of domains: 248
Cumulative time: 1.672734260559082

BaB round 10
batch: 64
splitting decisions: 
split level 0: [/input-20, 923] [/input-20, 923] [/44, 550] [/input-20, 923] [/input-20, 923] [/input-20, 923] [/input-20, 923] [/input-20, 923] [/input-20, 923] [/input-20, 923] 
best_l after optimization: -9.675527572631836
beta sum per layer: [0.0, 0.0, 0.0, 12.413228034973145, 2.1002705097198486, 108.51197814941406]
alpha/beta optimization time: 0.15023112297058105
pruning_in_iteration open status: True
ratio of positive domain = 27 / 128 = 0.2109375
pruning-in-iteration extra time: 0.004243373870849609
Time: get_branching_decision.update_bounds 0.0154    pickout 0.0067    branching_decision 0.0001    decision 0.0001    set_bounds 0.0030    prepare 0.0037    transfer 0.0000    finalize 0.0018    func 0.2280    solve 0.2342    add 0.0008    bab_iteration 0.2446    
Accumulated time: get_branching_decision.update_bounds 0.0154    bab_iteration 1.6512    pickout 0.0441    decision 0.0007    branching_decision 0.0006    set_bounds 0.0176    solve 1.5853    func 1.8130    prepare 0.0246    transfer 0.0001    finalize 0.0145    add 0.0121    
max lb 9.999999747378752e-05 min lb -0.2470998764038086
Number of Verified Splits: 27 of 128
Current worst splitting domains lb-rhs (depth):
-0.30738 (6), -0.30721 (6), -0.29449 (5), -0.28459 (5), -0.28008 (6), -0.27746 (6), -0.27236 (5), -0.27216 (5), -0.26685 (7), -0.26645 (5), -0.26371 (7), -0.25911 (8), -0.25722 (8), -0.25306 (7), -0.24710 (10), -0.24440 (5), -0.24430 (7), -0.24391 (10), -0.24390 (10), -0.23749 (9), 
Current (lb-rhs): -0.3073784112930298
816 domains visited
Length of domains: 285
Cumulative time: 1.9115004539489746

BaB round 11
batch: 64
splitting decisions: 
split level 0: [/input-20, 484] [/input-28, 6] [/input-20, 918] [/input-8, 604] [/input-28, 6] [/input-20, 923] [/input-20, 923] [/44, 537] [/input-20, 918] [/input-20, 557] 
best_l after optimization: -8.424568176269531
beta sum per layer: [0.0, 0.0, 1.4356321096420288, 26.05673599243164, 3.0319149494171143, 113.36666107177734]
alpha/beta optimization time: 0.1369786262512207
pruning_in_iteration open status: True
ratio of positive domain = 28 / 128 = 0.21875
pruning-in-iteration extra time: 0.0018825531005859375
Time: get_branching_decision.update_bounds 0.0154    pickout 0.0069    branching_decision 0.0001    decision 0.0001    set_bounds 0.0025    prepare 0.0042    transfer 0.0000    finalize 0.0021    func 0.2125    solve 0.2280    add 0.0008    bab_iteration 0.2388    
Accumulated time: get_branching_decision.update_bounds 0.0154    bab_iteration 1.8900    pickout 0.0511    decision 0.0008    branching_decision 0.0007    set_bounds 0.0201    solve 1.8133    func 2.0254    prepare 0.0288    transfer 0.0001    finalize 0.0166    add 0.0128    
max lb 0.00493207573890686 min lb -0.23941826820373535
Number of Verified Splits: 28 of 128
Current worst splitting domains lb-rhs (depth):
-0.30738 (6), -0.30721 (6), -0.29449 (5), -0.28459 (5), -0.28008 (6), -0.27746 (6), -0.27236 (5), -0.27216 (5), -0.26685 (7), -0.26645 (5), -0.26371 (7), -0.25911 (8), -0.25722 (8), -0.25306 (7), -0.24440 (5), -0.24430 (7), -0.24391 (10), -0.23942 (11), -0.23778 (11), -0.23749 (9), 
Current (lb-rhs): -0.3073784112930298
944 domains visited
Length of domains: 321
Cumulative time: 2.134406089782715

BaB round 12
batch: 64
splitting decisions: 
split level 0: [/input-20, 987] [/input-20, 918] [/input-20, 923] [/input-8, 36] [/44, 550] [/input-20, 484] [/39, 476] [/39, 404] [/input-28, 93] [/44, 550] 
best_l after optimization: -7.20082426071167
beta sum per layer: [0.0, 0.31982430815696716, 4.1420416831970215, 35.13725280761719, 3.8566462993621826, 113.61711120605469]
alpha/beta optimization time: 0.17073965072631836
pruning_in_iteration open status: True
ratio of positive domain = 33 / 128 = 0.2578125
pruning-in-iteration extra time: 0.005425930023193359
Time: get_branching_decision.update_bounds 0.0154    pickout 0.0083    branching_decision 0.0001    decision 0.0001    set_bounds 0.0026    prepare 0.0048    transfer 0.0000    finalize 0.0032    func 0.2439    solve 0.2125    add 0.0008    bab_iteration 0.2229    
Accumulated time: get_branching_decision.update_bounds 0.0154    bab_iteration 2.1129    pickout 0.0593    decision 0.0009    branching_decision 0.0007    set_bounds 0.0226    solve 2.0259    func 2.2693    prepare 0.0335    transfer 0.0001    finalize 0.0198    add 0.0136    
max lb 9.999999747378752e-05 min lb -0.22830629348754883
Number of Verified Splits: 33 of 128
Current worst splitting domains lb-rhs (depth):
-0.30738 (6), -0.30721 (6), -0.29449 (5), -0.28459 (5), -0.28008 (6), -0.27746 (6), -0.27236 (5), -0.27216 (5), -0.26685 (7), -0.26645 (5), -0.26371 (7), -0.25911 (8), -0.25722 (8), -0.25306 (7), -0.24440 (5), -0.24430 (7), -0.24391 (10), -0.23942 (11), -0.23749 (9), -0.23632 (9), 
Current (lb-rhs): -0.3073784112930298
1072 domains visited
Length of domains: 352
Cumulative time: 2.390784740447998

BaB round 13
batch: 64
splitting decisions: 
split level 0: [/input-28, 93] [/44, 537] [/input-28, 6] [/input-28, 29] [/input-8, 28] [/input-28, 29] [/39, 404] [/input-20, 923] [/39, 844] [/input-20, 484] 
best_l after optimization: -6.188249111175537
beta sum per layer: [0.0, 0.1538437157869339, 7.83275032043457, 45.92444610595703, 3.8600783348083496, 109.71931457519531]
alpha/beta optimization time: 0.1506636142730713
pruning_in_iteration open status: True
ratio of positive domain = 42 / 128 = 0.328125
pruning-in-iteration extra time: 0.006570339202880859
Time: get_branching_decision.update_bounds 0.0154    pickout 0.0076    branching_decision 0.0001    decision 0.0001    set_bounds 0.0028    prepare 0.0045    transfer 0.0000    finalize 0.0018    func 0.2163    solve 0.2440    add 0.0013    bab_iteration 0.2564    
Accumulated time: get_branching_decision.update_bounds 0.0154    bab_iteration 2.3692    pickout 0.0670    decision 0.0010    branching_decision 0.0008    set_bounds 0.0254    solve 2.2698    func 2.4857    prepare 0.0380    transfer 0.0001    finalize 0.0215    add 0.0149    
max lb 0.0017066001892089844 min lb -0.20246756076812744
Number of Verified Splits: 42 of 128
Current worst splitting domains lb-rhs (depth):
-0.30738 (6), -0.30721 (6), -0.29449 (5), -0.28459 (5), -0.28008 (6), -0.27746 (6), -0.27236 (5), -0.27216 (5), -0.26685 (7), -0.26645 (5), -0.26371 (7), -0.25911 (8), -0.25722 (8), -0.25306 (7), -0.24440 (5), -0.24430 (7), -0.24391 (10), -0.23942 (11), -0.23749 (9), -0.23632 (9), 
Current (lb-rhs): -0.3073784112930298
1200 domains visited
Length of domains: 374
Cumulative time: 2.618577480316162

BaB round 14
batch: 64
splitting decisions: 
split level 0: [/39, 404] [/input-28, 93] [/44, 537] [/input-28, 93] [/input-20, 557] [/input-8, 36] [/44, 537] [/input-28, 93] [/input-20, 557] [/input-20, 484] 
best_l after optimization: -6.031457901000977
beta sum per layer: [0.0, 0.3553394079208374, 9.495311737060547, 45.5798225402832, 6.272733688354492, 107.17639923095703]
alpha/beta optimization time: 0.16958832740783691
pruning_in_iteration open status: True
ratio of positive domain = 53 / 128 = 0.4140625
pruning-in-iteration extra time: 0.00893092155456543
Time: get_branching_decision.update_bounds 0.0154    pickout 0.0077    branching_decision 0.0001    decision 0.0001    set_bounds 0.0027    prepare 0.0046    transfer 0.0000    finalize 0.0015    func 0.2351    solve 0.2164    add 0.0008    bab_iteration 0.2278    
Accumulated time: get_branching_decision.update_bounds 0.0154    bab_iteration 2.5970    pickout 0.0747    decision 0.0010    branching_decision 0.0009    set_bounds 0.0281    solve 2.4862    func 2.7208    prepare 0.0426    transfer 0.0002    finalize 0.0231    add 0.0157    
max lb 0.00018417835235595703 min lb -0.1968914270401001
Number of Verified Splits: 53 of 128
Current worst splitting domains lb-rhs (depth):
-0.30738 (6), -0.30721 (6), -0.29449 (5), -0.28459 (5), -0.28008 (6), -0.27746 (6), -0.27236 (5), -0.27216 (5), -0.26685 (7), -0.26645 (5), -0.26371 (7), -0.25911 (8), -0.25722 (8), -0.25306 (7), -0.24440 (5), -0.24430 (7), -0.24391 (10), -0.23942 (11), -0.23749 (9), -0.23632 (9), 
Current (lb-rhs): -0.3073784112930298
1328 domains visited
Length of domains: 385
Cumulative time: 2.865288734436035

BaB round 15
batch: 64
splitting decisions: 
split level 0: [/input-28, 6] [/44, 525] [/input-8, 995] [/input-28, 93] [/39, 844] [/input-28, 64] [/44, 537] [/44, 475] [/input-8, 604] [/input-8, 995] 
best_l after optimization: -6.884265422821045
beta sum per layer: [0.0, 1.503027319908142, 9.4765043258667, 42.811500549316406, 9.649993896484375, 90.94585418701172]
alpha/beta optimization time: 0.14743900299072266
pruning_in_iteration open status: True
ratio of positive domain = 33 / 128 = 0.2578125
pruning-in-iteration extra time: 0.0018091201782226562
Time: get_branching_decision.update_bounds 0.0154    pickout 0.0082    branching_decision 0.0001    decision 0.0001    set_bounds 0.0027    prepare 0.0045    transfer 0.0000    finalize 0.0020    func 0.2169    solve 0.2351    add 0.0010    bab_iteration 0.2467    
Accumulated time: get_branching_decision.update_bounds 0.0154    bab_iteration 2.8437    pickout 0.0829    decision 0.0011    branching_decision 0.0009    set_bounds 0.0308    solve 2.7213    func 2.9377    prepare 0.0472    transfer 0.0002    finalize 0.0251    add 0.0167    
max lb 0.002147972583770752 min lb -0.19024860858917236
Number of Verified Splits: 33 of 128
Current worst splitting domains lb-rhs (depth):
-0.30738 (6), -0.30721 (6), -0.29449 (5), -0.28459 (5), -0.28008 (6), -0.27746 (6), -0.27236 (5), -0.27216 (5), -0.26685 (7), -0.26645 (5), -0.26371 (7), -0.25911 (8), -0.25722 (8), -0.25306 (7), -0.24440 (5), -0.24430 (7), -0.24391 (10), -0.23942 (11), -0.23749 (9), -0.23632 (9), 
Current (lb-rhs): -0.3073784112930298
1456 domains visited
Length of domains: 416
Cumulative time: 3.094142436981201

BaB round 16
batch: 64
splitting decisions: 
split level 0: [/44, 537] [/input-20, 484] [/39, 476] [/44, 475] [/input-8, 604] [/input-28, 6] [/44, 550] [/44, 525] [/39, 476] [/input-28, 29] 
best_l after optimization: -5.9183759689331055
beta sum per layer: [0.0, 2.361708641052246, 10.886988639831543, 39.075138092041016, 10.214632034301758, 85.19345092773438]
alpha/beta optimization time: 0.16136932373046875
pruning_in_iteration open status: True
ratio of positive domain = 32 / 128 = 0.25
pruning-in-iteration extra time: 0.005043983459472656
Time: get_branching_decision.update_bounds 0.0154    pickout 0.0078    branching_decision 0.0001    decision 0.0001    set_bounds 0.0027    prepare 0.0047    transfer 0.0000    finalize 0.0019    func 0.2413    solve 0.2169    add 0.0008    bab_iteration 0.2289    
Accumulated time: get_branching_decision.update_bounds 0.0154    bab_iteration 3.0726    pickout 0.0907    decision 0.0012    branching_decision 0.0010    set_bounds 0.0335    solve 2.9383    func 3.1789    prepare 0.0518    transfer 0.0002    finalize 0.0270    add 0.0175    
max lb 9.999999747378752e-05 min lb -0.18356704711914062
Number of Verified Splits: 32 of 128
Current worst splitting domains lb-rhs (depth):
-0.30738 (6), -0.30721 (6), -0.29449 (5), -0.28459 (5), -0.28008 (6), -0.27746 (6), -0.27236 (5), -0.27216 (5), -0.26685 (7), -0.26645 (5), -0.26371 (7), -0.25911 (8), -0.25722 (8), -0.25306 (7), -0.24440 (5), -0.24430 (7), -0.24391 (10), -0.23942 (11), -0.23749 (9), -0.23632 (9), 
Current (lb-rhs): -0.3073784112930298
1584 domains visited
Length of domains: 448
Cumulative time: 3.3469746112823486

BaB round 17
batch: 64
splitting decisions: 
split level 0: [/input-8, 28] [/input-20, 918] [/input-28, 64] [/input-8, 604] [/44, 550] [/input-28, 64] [/39, 404] [/44, 483] [/44, 212] [/44, 550] 
best_l after optimization: -5.958060264587402
beta sum per layer: [0.0, 2.3956680297851562, 11.591506958007812, 37.34675598144531, 9.69152545928955, 84.53205871582031]
alpha/beta optimization time: 0.14924359321594238
pruning_in_iteration open status: True
ratio of positive domain = 38 / 128 = 0.296875
pruning-in-iteration extra time: 0.0069582462310791016
Time: get_branching_decision.update_bounds 0.0154    pickout 0.0086    branching_decision 0.0001    decision 0.0001    set_bounds 0.0029    prepare 0.0046    transfer 0.0000    finalize 0.0018    func 0.2187    solve 0.2413    add 0.0008    bab_iteration 0.2528    
Accumulated time: get_branching_decision.update_bounds 0.0154    bab_iteration 3.3254    pickout 0.0993    decision 0.0013    branching_decision 0.0011    set_bounds 0.0363    solve 3.1796    func 3.3977    prepare 0.0564    transfer 0.0002    finalize 0.0288    add 0.0182    
max lb 9.999999747378752e-05 min lb -0.17760884761810303
Number of Verified Splits: 38 of 128
Current worst splitting domains lb-rhs (depth):
-0.30738 (6), -0.30721 (6), -0.29449 (5), -0.28459 (5), -0.28008 (6), -0.27746 (6), -0.27236 (5), -0.27216 (5), -0.26685 (7), -0.26645 (5), -0.26371 (7), -0.25911 (8), -0.25722 (8), -0.25306 (7), -0.24440 (5), -0.24430 (7), -0.24391 (10), -0.23942 (11), -0.23749 (9), -0.23632 (9), 
Current (lb-rhs): -0.3073784112930298
1712 domains visited
Length of domains: 474
Cumulative time: 3.578314781188965

BaB round 18
batch: 64
splitting decisions: 
split level 0: [/input-8, 35] [/44, 475] [/44, 537] [/44, 537] [/input-28, 64] [/39, 476] [/44, 475] [/44, 550] [/input-8, 740] [/input-8, 36] 
best_l after optimization: -6.247215270996094
beta sum per layer: [0.0, 3.143112897872925, 11.943656921386719, 33.821922302246094, 11.967355728149414, 85.33236694335938]
alpha/beta optimization time: 0.14087748527526855
pruning_in_iteration open status: True
ratio of positive domain = 36 / 128 = 0.28125
pruning-in-iteration extra time: 0.007462739944458008
Time: get_branching_decision.update_bounds 0.0154    pickout 0.0079    branching_decision 0.0001    decision 0.0001    set_bounds 0.0028    prepare 0.0045    transfer 0.0000    finalize 0.0019    func 0.2186    solve 0.2188    add 0.0008    bab_iteration 0.2313    
Accumulated time: get_branching_decision.update_bounds 0.0154    bab_iteration 3.5568    pickout 0.1073    decision 0.0014    branching_decision 0.0012    set_bounds 0.0391    solve 3.3984    func 3.6163    prepare 0.0610    transfer 0.0002    finalize 0.0307    add 0.0191    
max lb 9.999999747378752e-05 min lb -0.17116284370422363
Number of Verified Splits: 36 of 128
Current worst splitting domains lb-rhs (depth):
-0.30738 (6), -0.30721 (6), -0.29449 (5), -0.28459 (5), -0.28008 (6), -0.27746 (6), -0.27236 (5), -0.27216 (5), -0.26685 (7), -0.26645 (5), -0.26371 (7), -0.25911 (8), -0.25722 (8), -0.25306 (7), -0.24440 (5), -0.24430 (7), -0.24391 (10), -0.23942 (11), -0.23749 (9), -0.23632 (9), 
Current (lb-rhs): -0.3073784112930298
1840 domains visited
Length of domains: 502
Cumulative time: 3.8087122440338135

BaB round 19
batch: 64
splitting decisions: 
split level 0: [/input-20, 923] [/input-20, 987] [/44, 475] [/input-8, 740] [/44, 537] [/input-28, 93] [/input-20, 918] [/44, 475] [/input-8, 36] [/input-28, 64] 
best_l after optimization: -5.566560745239258
beta sum per layer: [0.0, 3.218561887741089, 12.777037620544434, 32.94300842285156, 13.26791000366211, 83.4535140991211]
alpha/beta optimization time: 0.14435791969299316
pruning_in_iteration open status: False
ratio of positive domain = 25 / 128 = 0.1953125
pruning-in-iteration extra time: 2.0265579223632812e-05
Time: get_branching_decision.update_bounds 0.0154    pickout 0.0080    branching_decision 0.0001    decision 0.0001    set_bounds 0.0028    prepare 0.0046    transfer 0.0000    finalize 0.0020    func 0.2230    solve 0.2187    add 0.0008    bab_iteration 0.2304    
Accumulated time: get_branching_decision.update_bounds 0.0154    bab_iteration 3.7871    pickout 0.1153    decision 0.0015    branching_decision 0.0012    set_bounds 0.0419    solve 3.6170    func 3.8393    prepare 0.0656    transfer 0.0002    finalize 0.0327    add 0.0199    
max lb 0.09412026405334473 min lb -0.16596674919128418
Number of Verified Splits: 25 of 128
Current worst splitting domains lb-rhs (depth):
-0.30738 (6), -0.30721 (6), -0.29449 (5), -0.28459 (5), -0.28008 (6), -0.27746 (6), -0.27236 (5), -0.27216 (5), -0.26685 (7), -0.26645 (5), -0.26371 (7), -0.25911 (8), -0.25722 (8), -0.25306 (7), -0.24440 (5), -0.24430 (7), -0.24391 (10), -0.23942 (11), -0.23749 (9), -0.23632 (9), 
Current (lb-rhs): -0.3073784112930298
1968 domains visited
Length of domains: 541
Cumulative time: 4.043537139892578

BaB round 20
batch: 64
splitting decisions: 
split level 0: [/input-8, 36] [/input-28, 93] [/44, 483] [/44, 550] [/44, 550] [/44, 475] [/44, 525] [/44, 212] [/44, 483] [/input-28, 6] 
best_l after optimization: -5.663380146026611
beta sum per layer: [0.0, 3.755993366241455, 13.458897590637207, 35.158775329589844, 13.509831428527832, 77.01676940917969]
alpha/beta optimization time: 0.1438291072845459
pruning_in_iteration open status: True
ratio of positive domain = 35 / 128 = 0.2734375
pruning-in-iteration extra time: 0.007483005523681641
Time: get_branching_decision.update_bounds 0.0154    pickout 0.0080    branching_decision 0.0001    decision 0.0001    set_bounds 0.0028    prepare 0.0048    transfer 0.0000    finalize 0.0018    func 0.2228    solve 0.2231    add 0.0008    bab_iteration 0.2348    
Accumulated time: get_branching_decision.update_bounds 0.0154    bab_iteration 4.0220    pickout 0.1233    decision 0.0016    branching_decision 0.0013    set_bounds 0.0447    solve 3.8401    func 4.0621    prepare 0.0704    transfer 0.0002    finalize 0.0345    add 0.0206    
max lb 9.999999747378752e-05 min lb -0.1598426103591919
Number of Verified Splits: 35 of 128
Current worst splitting domains lb-rhs (depth):
-0.30738 (6), -0.30721 (6), -0.29449 (5), -0.28459 (5), -0.28008 (6), -0.27746 (6), -0.27236 (5), -0.27216 (5), -0.26685 (7), -0.26645 (5), -0.26371 (7), -0.25911 (8), -0.25722 (8), -0.25306 (7), -0.24440 (5), -0.24430 (7), -0.24391 (10), -0.23942 (11), -0.23749 (9), -0.23632 (9), 
Current (lb-rhs): -0.3073784112930298
2096 domains visited
Length of domains: 570
Cumulative time: 4.278234958648682

BaB round 21
batch: 64
splitting decisions: 
split level 0: [/44, 537] [/44, 550] [/input-8, 35] [/44, 525] [/39, 732] [/input-8, 995] [/input-8, 292] [/input-28, 93] [/input-8, 995] [/39, 844] 
best_l after optimization: -5.5293803215026855
beta sum per layer: [0.0, 3.080930471420288, 13.704975128173828, 37.13604736328125, 13.404780387878418, 74.59667205810547]
alpha/beta optimization time: 0.14417314529418945
pruning_in_iteration open status: True
ratio of positive domain = 29 / 128 = 0.2265625
pruning-in-iteration extra time: 0.0036907196044921875
Time: get_branching_decision.update_bounds 0.0154    pickout 0.0088    branching_decision 0.0001    decision 0.0001    set_bounds 0.0036    prepare 0.0047    transfer 0.0000    finalize 0.0019    func 0.2266    solve 0.2228    add 0.0008    bab_iteration 0.2347    
Accumulated time: get_branching_decision.update_bounds 0.0154    bab_iteration 4.2567    pickout 0.1321    decision 0.0017    branching_decision 0.0014    set_bounds 0.0483    solve 4.0629    func 4.2887    prepare 0.0750    transfer 0.0002    finalize 0.0364    add 0.0214    
max lb 0.00012505054473876953 min lb -0.15454208850860596
Number of Verified Splits: 29 of 128
Current worst splitting domains lb-rhs (depth):
-0.30738 (6), -0.30721 (6), -0.29449 (5), -0.28459 (5), -0.28008 (6), -0.27746 (6), -0.27236 (5), -0.27216 (5), -0.26685 (7), -0.26645 (5), -0.26371 (7), -0.25911 (8), -0.25722 (8), -0.25306 (7), -0.24440 (5), -0.24430 (7), -0.24391 (10), -0.23942 (11), -0.23749 (9), -0.23632 (9), 
Current (lb-rhs): -0.3073784112930298
2224 domains visited
Length of domains: 605
Cumulative time: 4.518221855163574

BaB round 22
batch: 64
splitting decisions: 
split level 0: [/input-8, 35] [/input-28, 6] [/input-28, 93] [/39, 399] [/44, 550] [/input-8, 740] [/input-28, 93] [/input-28, 6] [/44, 148] [/44, 525] 
best_l after optimization: -3.8088111877441406
beta sum per layer: [0.0, 2.8435351848602295, 14.379228591918945, 37.38016128540039, 14.470296859741211, 75.30717468261719]
alpha/beta optimization time: 0.149749755859375
pruning_in_iteration open status: True
ratio of positive domain = 47 / 128 = 0.3671875
pruning-in-iteration extra time: 0.007950544357299805
Time: get_branching_decision.update_bounds 0.0154    pickout 0.0082    branching_decision 0.0001    decision 0.0001    set_bounds 0.0029    prepare 0.0051    transfer 0.0000    finalize 0.0016    func 0.2134    solve 0.2266    add 0.0008    bab_iteration 0.2400    
Accumulated time: get_branching_decision.update_bounds 0.0154    bab_iteration 4.4966    pickout 0.1404    decision 0.0018    branching_decision 0.0015    set_bounds 0.0511    solve 4.2895    func 4.5020    prepare 0.0801    transfer 0.0002    finalize 0.0380    add 0.0222    
max lb 9.999999747378752e-05 min lb -0.11565291881561279
Number of Verified Splits: 47 of 128
Current worst splitting domains lb-rhs (depth):
-0.30738 (6), -0.30721 (6), -0.29449 (5), -0.28459 (5), -0.28008 (6), -0.27746 (6), -0.27236 (5), -0.27216 (5), -0.26685 (7), -0.26645 (5), -0.26371 (7), -0.25911 (8), -0.25722 (8), -0.25306 (7), -0.24440 (5), -0.24430 (7), -0.24391 (10), -0.23942 (11), -0.23749 (9), -0.23632 (9), 
Current (lb-rhs): -0.3073784112930298
2352 domains visited
Length of domains: 622
Cumulative time: 4.7437403202056885

BaB round 23
batch: 64
splitting decisions: 
split level 0: [/input-8, 28] [/39, 844] [/input-20, 918] [/44, 148] [/input-28, 93] [/39, 412] [/44, 148] [/44, 537] [/44, 492] [/44, 537] 
best_l after optimization: -3.8772780895233154
beta sum per layer: [0.0, 4.779158592224121, 13.954574584960938, 37.90203857421875, 17.939435958862305, 72.08589172363281]
alpha/beta optimization time: 0.14845871925354004
pruning_in_iteration open status: True
ratio of positive domain = 43 / 128 = 0.3359375
pruning-in-iteration extra time: 0.007843494415283203
Time: get_branching_decision.update_bounds 0.0154    pickout 0.0084    branching_decision 0.0001    decision 0.0001    set_bounds 0.0028    prepare 0.0048    transfer 0.0000    finalize 0.0018    func 0.2133    solve 0.2134    add 0.0008    bab_iteration 0.2255    
Accumulated time: get_branching_decision.update_bounds 0.0154    bab_iteration 4.7222    pickout 0.1488    decision 0.0019    branching_decision 0.0016    set_bounds 0.0539    solve 4.5029    func 4.7153    prepare 0.0849    transfer 0.0003    finalize 0.0398    add 0.0230    
max lb 0.00036787986755371094 min lb -0.10927331447601318
Number of Verified Splits: 43 of 128
Current worst splitting domains lb-rhs (depth):
-0.30738 (6), -0.30721 (6), -0.29449 (5), -0.28459 (5), -0.28008 (6), -0.27746 (6), -0.27236 (5), -0.27216 (5), -0.26685 (7), -0.26645 (5), -0.26371 (7), -0.25911 (8), -0.25722 (8), -0.25306 (7), -0.24440 (5), -0.24430 (7), -0.24391 (10), -0.23942 (11), -0.23749 (9), -0.23632 (9), 
Current (lb-rhs): -0.3073784112930298
2480 domains visited
Length of domains: 643
Cumulative time: 4.9698381423950195

BaB round 24
batch: 64
splitting decisions: 
split level 0: [/input-8, 28] [/input-8, 28] [/input-20, 918] [/input-8, 28] [/input-20, 918] [/44, 525] [/input-20, 557] [/input-8, 28] [/44, 148] [/input-8, 28] 
best_l after optimization: -4.5552873611450195
beta sum per layer: [0.0, 4.497356414794922, 10.104043960571289, 27.914413452148438, 30.145381927490234, 64.01448059082031]
alpha/beta optimization time: 0.14269733428955078
pruning_in_iteration open status: True
ratio of positive domain = 29 / 128 = 0.2265625
pruning-in-iteration extra time: 0.00441288948059082
Time: get_branching_decision.update_bounds 0.0154    pickout 0.0082    branching_decision 0.0001    decision 0.0001    set_bounds 0.0028    prepare 0.0048    transfer 0.0000    finalize 0.0020    func 0.2153    solve 0.2133    add 0.0013    bab_iteration 0.2261    
Accumulated time: get_branching_decision.update_bounds 0.0154    bab_iteration 4.9483    pickout 0.1570    decision 0.0020    branching_decision 0.0017    set_bounds 0.0568    solve 4.7162    func 4.9306    prepare 0.0897    transfer 0.0003    finalize 0.0418    add 0.0243    
max lb 9.999999747378752e-05 min lb -0.10118746757507324
Number of Verified Splits: 29 of 128
Current worst splitting domains lb-rhs (depth):
-0.30738 (6), -0.30721 (6), -0.29449 (5), -0.28459 (5), -0.28008 (6), -0.27746 (6), -0.27236 (5), -0.27216 (5), -0.26685 (7), -0.26645 (5), -0.26371 (7), -0.25911 (8), -0.25722 (8), -0.25306 (7), -0.24440 (5), -0.24430 (7), -0.24391 (10), -0.23942 (11), -0.23749 (9), -0.23632 (9), 
Current (lb-rhs): -0.3073784112930298
2608 domains visited
Length of domains: 678
Cumulative time: 5.197206258773804

BaB round 25
batch: 64
splitting decisions: 
split level 0: [/input-8, 604] [/44, 476] [/input-28, 29] [/44, 476] [/input-8, 604] [/39, 412] [/input-28, 64] [/44, 476] [/44, 476] [/44, 476] 
best_l after optimization: -3.843252182006836
beta sum per layer: [0.0, 6.384521961212158, 9.333579063415527, 23.705780029296875, 56.58514404296875, 64.99446868896484]
alpha/beta optimization time: 0.13755345344543457
pruning_in_iteration open status: False
ratio of positive domain = 17 / 128 = 0.1328125
pruning-in-iteration extra time: 2.6226043701171875e-05
Time: get_branching_decision.update_bounds 0.0154    pickout 0.0086    branching_decision 0.0001    decision 0.0001    set_bounds 0.0029    prepare 0.0048    transfer 0.0000    finalize 0.0024    func 0.2212    solve 0.2153    add 0.0008    bab_iteration 0.2274    
Accumulated time: get_branching_decision.update_bounds 0.0154    bab_iteration 5.1756    pickout 0.1656    decision 0.0021    branching_decision 0.0017    set_bounds 0.0597    solve 4.9315    func 5.1518    prepare 0.0945    transfer 0.0003    finalize 0.0442    add 0.0251    
max lb 0.11348646879196167 min lb -0.09267199039459229
Number of Verified Splits: 18 of 128
Current worst splitting domains lb-rhs (depth):
-0.30738 (6), -0.30721 (6), -0.29449 (5), -0.28459 (5), -0.28008 (6), -0.27746 (6), -0.27236 (5), -0.27216 (5), -0.26685 (7), -0.26645 (5), -0.26371 (7), -0.25911 (8), -0.25722 (8), -0.25306 (7), -0.24440 (5), -0.24430 (7), -0.24391 (10), -0.23942 (11), -0.23749 (9), -0.23632 (9), 
Current (lb-rhs): -0.3073784112930298
2736 domains visited
Length of domains: 724
Cumulative time: 5.431139945983887

BaB round 26
batch: 64
splitting decisions: 
split level 0: [/44, 148] [/44, 483] [/input-8, 292] [/44, 476] [/44, 148] [/44, 148] [/44, 483] [/input-8, 35] [/44, 476] [/44, 148] 
best_l after optimization: -3.1537861824035645
beta sum per layer: [0.0, 7.376930236816406, 8.656356811523438, 20.382230758666992, 86.44189453125, 70.98619079589844]
alpha/beta optimization time: 0.1415691375732422
pruning_in_iteration open status: True
ratio of positive domain = 26 / 128 = 0.203125
pruning-in-iteration extra time: 2.4318695068359375e-05
Time: get_branching_decision.update_bounds 0.0154    pickout 0.0086    branching_decision 0.0001    decision 0.0001    set_bounds 0.0029    prepare 0.0048    transfer 0.0000    finalize 0.0036    func 0.2219    solve 0.2213    add 0.0009    bab_iteration 0.2339    
Accumulated time: get_branching_decision.update_bounds 0.0154    bab_iteration 5.4095    pickout 0.1742    decision 0.0022    branching_decision 0.0018    set_bounds 0.0626    solve 5.1528    func 5.3737    prepare 0.0994    transfer 0.0003    finalize 0.0478    add 0.0260    
max lb 0.043607473373413086 min lb -0.08463919162750244
Number of Verified Splits: 26 of 128
Current worst splitting domains lb-rhs (depth):
-0.30738 (6), -0.30721 (6), -0.29449 (5), -0.28459 (5), -0.28008 (6), -0.27746 (6), -0.27236 (5), -0.27216 (5), -0.26685 (7), -0.26645 (5), -0.26371 (7), -0.25911 (8), -0.25722 (8), -0.25306 (7), -0.24440 (5), -0.24430 (7), -0.24391 (10), -0.23942 (11), -0.23749 (9), -0.23632 (9), 
Current (lb-rhs): -0.3073784112930298
2864 domains visited
Length of domains: 762
Cumulative time: 5.666004657745361

BaB round 27
batch: 64
splitting decisions: 
split level 0: [/44, 483] [/39, 414] [/44, 483] [/input, 1672] [/44, 483] [/44, 483] [/39, 414] [/44, 483] [/44, 483] [/39, 414] 
best_l after optimization: -2.1292343139648438
beta sum per layer: [0.20870381593704224, 3.952026128768921, 4.496994495391846, 6.6361517906188965, 103.69175720214844, 82.2273178100586]
alpha/beta optimization time: 0.14493036270141602
pruning_in_iteration open status: True
ratio of positive domain = 43 / 128 = 0.3359375
pruning-in-iteration extra time: 0.007105112075805664
Time: get_branching_decision.update_bounds 0.0154    pickout 0.0094    branching_decision 0.0001    decision 0.0001    set_bounds 0.0028    prepare 0.0048    transfer 0.0000    finalize 0.0019    func 0.2091    solve 0.2220    add 0.0011    bab_iteration 0.2349    
Accumulated time: get_branching_decision.update_bounds 0.0154    bab_iteration 5.6444    pickout 0.1836    decision 0.0022    branching_decision 0.0019    set_bounds 0.0654    solve 5.3748    func 5.5828    prepare 0.1042    transfer 0.0003    finalize 0.0497    add 0.0271    
max lb 9.999999747378752e-05 min lb -0.06873464584350586
Number of Verified Splits: 43 of 128
Current worst splitting domains lb-rhs (depth):
-0.30738 (6), -0.30721 (6), -0.29449 (5), -0.28459 (5), -0.28008 (6), -0.27746 (6), -0.27236 (5), -0.27216 (5), -0.26685 (7), -0.26645 (5), -0.26371 (7), -0.25911 (8), -0.25722 (8), -0.25306 (7), -0.24440 (5), -0.24430 (7), -0.24391 (10), -0.23942 (11), -0.23749 (9), -0.23632 (9), 
Current (lb-rhs): -0.3073784112930298
2992 domains visited
Length of domains: 783
Cumulative time: 5.888899564743042

BaB round 28
batch: 64
splitting decisions: 
split level 0: [/44, 483] [/39, 414] [/44, 475] [/44, 17] [/44, 483] [/input-28, 64] [/44, 17] [/39, 482] [/input-28, 64] [/input-28, 64] 
best_l after optimization: -1.743789792060852
beta sum per layer: [0.41446343064308167, 4.6666259765625, 5.117159366607666, 8.418312072753906, 95.5703125, 82.61206817626953]
alpha/beta optimization time: 0.14989590644836426
pruning_in_iteration open status: True
ratio of positive domain = 56 / 128 = 0.4375
pruning-in-iteration extra time: 0.006228923797607422
Time: get_branching_decision.update_bounds 0.0154    pickout 0.0087    branching_decision 0.0001    decision 0.0001    set_bounds 0.0028    prepare 0.0049    transfer 0.0000    finalize 0.0017    func 0.2141    solve 0.2091    add 0.0013    bab_iteration 0.2229    
Accumulated time: get_branching_decision.update_bounds 0.0154    bab_iteration 5.8673    pickout 0.1923    decision 0.0023    branching_decision 0.0020    set_bounds 0.0682    solve 5.5839    func 5.7968    prepare 0.1091    transfer 0.0003    finalize 0.0514    add 0.0284    
max lb 9.999999747378752e-05 min lb -0.06398725509643555
Number of Verified Splits: 56 of 128
Current worst splitting domains lb-rhs (depth):
-0.30738 (6), -0.30721 (6), -0.29449 (5), -0.28459 (5), -0.28008 (6), -0.27746 (6), -0.27236 (5), -0.27216 (5), -0.26685 (7), -0.26645 (5), -0.26371 (7), -0.25911 (8), -0.25722 (8), -0.25306 (7), -0.24440 (5), -0.24430 (7), -0.24391 (10), -0.23942 (11), -0.23749 (9), -0.23632 (9), 
Current (lb-rhs): -0.3073784112930298
3120 domains visited
Length of domains: 791
Cumulative time: 6.115726947784424

BaB round 29
batch: 64
splitting decisions: 
split level 0: [/input-28, 75] [/input-8, 995] [/44, 1001] [/input-8, 35] [/input-28, 64] [/input-8, 604] [/input-8, 995] [/input-28, 64] [/input-28, 64] [/input-8, 35] 
best_l after optimization: -1.6863486766815186
beta sum per layer: [0.34960758686065674, 5.078187465667725, 6.124351978302002, 10.586796760559082, 93.08282470703125, 79.22698211669922]
alpha/beta optimization time: 0.15587282180786133
pruning_in_iteration open status: True
ratio of positive domain = 58 / 128 = 0.453125
pruning-in-iteration extra time: 0.006201267242431641
Time: get_branching_decision.update_bounds 0.0154    pickout 0.0106    branching_decision 0.0001    decision 0.0001    set_bounds 0.0039    prepare 0.0059    transfer 0.0000    finalize 0.0016    func 0.2152    solve 0.2141    add 0.0009    bab_iteration 0.2268    
Accumulated time: get_branching_decision.update_bounds 0.0154    bab_iteration 6.0941    pickout 0.2029    decision 0.0025    branching_decision 0.0021    set_bounds 0.0721    solve 5.7980    func 6.0121    prepare 0.1150    transfer 0.0003    finalize 0.0530    add 0.0293    
max lb 9.999999747378752e-05 min lb -0.058125972747802734
Number of Verified Splits: 58 of 128
Current worst splitting domains lb-rhs (depth):
-0.30738 (6), -0.30721 (6), -0.29449 (5), -0.28459 (5), -0.28008 (6), -0.27746 (6), -0.27236 (5), -0.27216 (5), -0.26685 (7), -0.26645 (5), -0.26371 (7), -0.25911 (8), -0.25722 (8), -0.25306 (7), -0.24440 (5), -0.24430 (7), -0.24391 (10), -0.23942 (11), -0.23749 (9), -0.23632 (9), 
Current (lb-rhs): -0.3073784112930298
3248 domains visited
Length of domains: 797
Cumulative time: 6.346696853637695

BaB round 30
batch: 64
splitting decisions: 
split level 0: [/input-8, 35] [/input, 1412] [/input-8, 35] [/input-8, 35] [/input, 1412] [/input-8, 35] [/input-8, 995] [/input-8, 995] [/input-8, 36] [/input-8, 292] 
best_l after optimization: -2.012211561203003
beta sum per layer: [1.4622344970703125, 9.791964530944824, 10.538318634033203, 18.797500610351562, 81.14434051513672, 67.70881652832031]
alpha/beta optimization time: 0.146376371383667
pruning_in_iteration open status: True
ratio of positive domain = 45 / 128 = 0.3515625
pruning-in-iteration extra time: 0.0067293643951416016
Time: get_branching_decision.update_bounds 0.0154    pickout 0.0088    branching_decision 0.0001    decision 0.0001    set_bounds 0.0029    prepare 0.0048    transfer 0.0000    finalize 0.0019    func 0.2124    solve 0.2153    add 0.0008    bab_iteration 0.2310    
Accumulated time: get_branching_decision.update_bounds 0.0154    bab_iteration 6.3251    pickout 0.2117    decision 0.0026    branching_decision 0.0022    set_bounds 0.0750    solve 6.0133    func 6.2245    prepare 0.1198    transfer 0.0003    finalize 0.0549    add 0.0301    
max lb 9.999999747378752e-05 min lb -0.054391682147979736
Number of Verified Splits: 45 of 128
Current worst splitting domains lb-rhs (depth):
-0.30738 (6), -0.30721 (6), -0.29449 (5), -0.28459 (5), -0.28008 (6), -0.27746 (6), -0.27236 (5), -0.27216 (5), -0.26685 (7), -0.26645 (5), -0.26371 (7), -0.25911 (8), -0.25722 (8), -0.25306 (7), -0.24440 (5), -0.24430 (7), -0.24391 (10), -0.23942 (11), -0.23749 (9), -0.23632 (9), 
Current (lb-rhs): -0.3073784112930298
3376 domains visited
Length of domains: 816
Cumulative time: 6.572007417678833

BaB round 31
batch: 64
splitting decisions: 
split level 0: [/input-8, 35] [/44, 559] [/44, 37] [/44, 474] [/44, 37] [/input-8, 35] [/input, 1412] [/input-8, 35] [/input-28, 46] [/44, 537] 
best_l after optimization: -1.813118815422058
beta sum per layer: [2.367776393890381, 14.466275215148926, 12.96166706085205, 19.88875389099121, 64.45345306396484, 61.71537780761719]
alpha/beta optimization time: 0.15825295448303223
pruning_in_iteration open status: True
ratio of positive domain = 38 / 128 = 0.296875
pruning-in-iteration extra time: 0.008989572525024414
Time: get_branching_decision.update_bounds 0.0154    pickout 0.0089    branching_decision 0.0001    decision 0.0001    set_bounds 0.0028    prepare 0.0049    transfer 0.0000    finalize 0.0018    func 0.2267    solve 0.2125    add 0.0009    bab_iteration 0.2253    
Accumulated time: get_branching_decision.update_bounds 0.0154    bab_iteration 6.5504    pickout 0.2206    decision 0.0027    branching_decision 0.0023    set_bounds 0.0778    solve 6.2258    func 6.4512    prepare 0.1247    transfer 0.0003    finalize 0.0567    add 0.0310    
max lb 9.999999747378752e-05 min lb -0.049219369888305664
Number of Verified Splits: 38 of 128
Current worst splitting domains lb-rhs (depth):
-0.30738 (6), -0.30721 (6), -0.29449 (5), -0.28459 (5), -0.28008 (6), -0.27746 (6), -0.27236 (5), -0.27216 (5), -0.26685 (7), -0.26645 (5), -0.26371 (7), -0.25911 (8), -0.25722 (8), -0.25306 (7), -0.24440 (5), -0.24430 (7), -0.24391 (10), -0.23942 (11), -0.23749 (9), -0.23632 (9), 
Current (lb-rhs): -0.3073784112930298
3504 domains visited
Length of domains: 842
Cumulative time: 6.811789035797119

BaB round 32
batch: 64
splitting decisions: 
split level 0: [/input-28, 75] [/input-8, 36] [/input-8, 36] [/39, 164] [/44, 474] [/44, 474] [/44, 537] [/input-8, 35] [/input-28, 46] [/input, 1412] 
best_l after optimization: -1.365347146987915
beta sum per layer: [3.3752081394195557, 17.383338928222656, 17.957279205322266, 24.84661865234375, 60.92115020751953, 54.11522674560547]
alpha/beta optimization time: 0.14276432991027832
pruning_in_iteration open status: True
ratio of positive domain = 60 / 128 = 0.46875
pruning-in-iteration extra time: 0.006615638732910156
Time: get_branching_decision.update_bounds 0.0154    pickout 0.0109    branching_decision 0.0001    decision 0.0002    set_bounds 0.0032    prepare 0.0050    transfer 0.0000    finalize 0.0013    func 0.2003    solve 0.2268    add 0.0009    bab_iteration 0.2398    
Accumulated time: get_branching_decision.update_bounds 0.0154    bab_iteration 6.7902    pickout 0.2315    decision 0.0028    branching_decision 0.0024    set_bounds 0.0810    solve 6.4526    func 6.6515    prepare 0.1297    transfer 0.0003    finalize 0.0581    add 0.0320    
max lb 9.999999747378752e-05 min lb -0.04464101791381836
Number of Verified Splits: 60 of 128
Current worst splitting domains lb-rhs (depth):
-0.30738 (6), -0.30721 (6), -0.29449 (5), -0.28459 (5), -0.28008 (6), -0.27746 (6), -0.27236 (5), -0.27216 (5), -0.26685 (7), -0.26645 (5), -0.26371 (7), -0.25911 (8), -0.25722 (8), -0.25306 (7), -0.24440 (5), -0.24430 (7), -0.24391 (10), -0.23942 (11), -0.23749 (9), -0.23632 (9), 
Current (lb-rhs): -0.3073784112930298
3632 domains visited
Length of domains: 846
Cumulative time: 7.027369976043701

BaB round 33
batch: 64
splitting decisions: 
split level 0: [/44, 559] [/39, 883] [/39, 883] [/input-8, 35] [/input-8, 604] [/39, 883] [/44, 786] [/44, 474] [/44, 786] [/44, 537] 
best_l after optimization: -1.4225069284439087
beta sum per layer: [2.6196980476379395, 14.11008071899414, 21.460121154785156, 24.330276489257812, 66.5567855834961, 43.98363494873047]
alpha/beta optimization time: 0.15538597106933594
pruning_in_iteration open status: True
ratio of positive domain = 37 / 128 = 0.2890625
pruning-in-iteration extra time: 0.007234096527099609
Time: get_branching_decision.update_bounds 0.0154    pickout 0.0097    branching_decision 0.0001    decision 0.0002    set_bounds 0.0038    prepare 0.0058    transfer 0.0000    finalize 0.0019    func 0.2275    solve 0.2003    add 0.0008    bab_iteration 0.2156    
Accumulated time: get_branching_decision.update_bounds 0.0154    bab_iteration 7.0057    pickout 0.2412    decision 0.0030    branching_decision 0.0026    set_bounds 0.0848    solve 6.6529    func 6.8790    prepare 0.1355    transfer 0.0003    finalize 0.0599    add 0.0328    
max lb 0.003160238265991211 min lb -0.04044920206069946
Number of Verified Splits: 37 of 128
Current worst splitting domains lb-rhs (depth):
-0.30738 (6), -0.30721 (6), -0.29449 (5), -0.28459 (5), -0.28008 (6), -0.27746 (6), -0.27236 (5), -0.27216 (5), -0.26685 (7), -0.26645 (5), -0.26371 (7), -0.25911 (8), -0.25722 (8), -0.25306 (7), -0.24440 (5), -0.24430 (7), -0.24391 (10), -0.23942 (11), -0.23749 (9), -0.23632 (9), 
Current (lb-rhs): -0.3073784112930298
3760 domains visited
Length of domains: 873
Cumulative time: 7.2694666385650635

BaB round 34
batch: 64
splitting decisions: 
split level 0: [/39, 404] [/44, 559] [/44, 559] [/input-20, 908] [/39, 404] [/39, 404] [/44, 474] [/input-20, 908] [/44, 537] [/44, 786] 
best_l after optimization: -1.2468633651733398
beta sum per layer: [0.7240070700645447, 8.64603042602539, 16.76376724243164, 12.643603324890137, 69.97030639648438, 48.520015716552734]
alpha/beta optimization time: 0.14176011085510254
pruning_in_iteration open status: True
ratio of positive domain = 41 / 128 = 0.3203125
pruning-in-iteration extra time: 0.0071451663970947266
Time: get_branching_decision.update_bounds 0.0154    pickout 0.0089    branching_decision 0.0001    decision 0.0001    set_bounds 0.0029    prepare 0.0048    transfer 0.0000    finalize 0.0018    func 0.2101    solve 0.2275    add 0.0008    bab_iteration 0.2421    
Accumulated time: get_branching_decision.update_bounds 0.0154    bab_iteration 7.2478    pickout 0.2501    decision 0.0031    branching_decision 0.0026    set_bounds 0.0877    solve 6.8804    func 7.0891    prepare 0.1403    transfer 0.0004    finalize 0.0618    add 0.0336    
max lb 9.999999747378752e-05 min lb -0.03680533170700073
Number of Verified Splits: 41 of 128
Current worst splitting domains lb-rhs (depth):
-0.30738 (6), -0.30721 (6), -0.29449 (5), -0.28459 (5), -0.28008 (6), -0.27746 (6), -0.27236 (5), -0.27216 (5), -0.26685 (7), -0.26645 (5), -0.26371 (7), -0.25911 (8), -0.25722 (8), -0.25306 (7), -0.24440 (5), -0.24430 (7), -0.24391 (10), -0.23942 (11), -0.23749 (9), -0.23632 (9), 
Current (lb-rhs): -0.3073784112930298
3888 domains visited
Length of domains: 896
Cumulative time: 7.492449760437012

BaB round 35
batch: 64
splitting decisions: 
split level 0: [/input-8, 604] [/input-8, 35] [/input-8, 604] [/44, 537] [/44, 474] [/44, 473] [/44, 473] [/44, 466] [/input-8, 35] [/44, 537] 
best_l after optimization: -1.0109426975250244
beta sum per layer: [0.2751815915107727, 8.14719009399414, 14.768567085266113, 7.926638603210449, 74.55169677734375, 44.364768981933594]
alpha/beta optimization time: 0.14593839645385742
pruning_in_iteration open status: True
ratio of positive domain = 47 / 128 = 0.3671875
pruning-in-iteration extra time: 0.009179830551147461
Time: get_branching_decision.update_bounds 0.0154    pickout 0.0087    branching_decision 0.0001    decision 0.0001    set_bounds 0.0028    prepare 0.0048    transfer 0.0000    finalize 0.0016    func 0.2052    solve 0.2101    add 0.0009    bab_iteration 0.2230    
Accumulated time: get_branching_decision.update_bounds 0.0154    bab_iteration 7.4708    pickout 0.2588    decision 0.0032    branching_decision 0.0027    set_bounds 0.0905    solve 7.0905    func 7.2943    prepare 0.1451    transfer 0.0004    finalize 0.0634    add 0.0344    
max lb 9.999999747378752e-05 min lb -0.032414793968200684
Number of Verified Splits: 47 of 128
Current worst splitting domains lb-rhs (depth):
-0.30738 (6), -0.30721 (6), -0.29449 (5), -0.28459 (5), -0.28008 (6), -0.27746 (6), -0.27236 (5), -0.27216 (5), -0.26685 (7), -0.26645 (5), -0.26371 (7), -0.25911 (8), -0.25722 (8), -0.25306 (7), -0.24440 (5), -0.24430 (7), -0.24391 (10), -0.23942 (11), -0.23749 (9), -0.23632 (9), 
Current (lb-rhs): -0.3073784112930298
4016 domains visited
Length of domains: 913
Cumulative time: 7.710308313369751

BaB round 36
batch: 64
splitting decisions: 
split level 0: [/39, 732] [/input-8, 35] [/39, 732] [/44, 1001] [/39, 404] [/39, 732] [/44, 1001] [/44, 474] [/39, 404] [/input-20, 653] 
best_l after optimization: -0.8722245097160339
beta sum per layer: [0.0, 8.777335166931152, 13.908668518066406, 5.543167591094971, 72.45452880859375, 40.15485763549805]
alpha/beta optimization time: 0.14748263359069824
pruning_in_iteration open status: True
ratio of positive domain = 62 / 128 = 0.484375
pruning-in-iteration extra time: 0.006232738494873047
Time: get_branching_decision.update_bounds 0.0154    pickout 0.0085    branching_decision 0.0001    decision 0.0001    set_bounds 0.0028    prepare 0.0047    transfer 0.0000    finalize 0.0013    func 0.2039    solve 0.2053    add 0.0008    bab_iteration 0.2179    
Accumulated time: get_branching_decision.update_bounds 0.0154    bab_iteration 7.6887    pickout 0.2673    decision 0.0033    branching_decision 0.0028    set_bounds 0.0933    solve 7.2958    func 7.4982    prepare 0.1498    transfer 0.0004    finalize 0.0647    add 0.0353    
max lb 9.999999747378752e-05 min lb -0.028487861156463623
Number of Verified Splits: 62 of 128
Current worst splitting domains lb-rhs (depth):
-0.30738 (6), -0.30721 (6), -0.29449 (5), -0.28459 (5), -0.28008 (6), -0.27746 (6), -0.27236 (5), -0.27216 (5), -0.26685 (7), -0.26645 (5), -0.26371 (7), -0.25911 (8), -0.25722 (8), -0.25306 (7), -0.24440 (5), -0.24430 (7), -0.24391 (10), -0.23942 (11), -0.23749 (9), -0.23632 (9), 
Current (lb-rhs): -0.3073784112930298
4144 domains visited
Length of domains: 915
Cumulative time: 7.9268717765808105

BaB round 37
batch: 64
splitting decisions: 
split level 0: [/44, 474] [/44, 474] [/44, 474] [/44, 474] [/44, 474] [/44, 474] [/44, 474] [/44, 474] [/44, 474] [/44, 474] 
best_l after optimization: -0.7273994088172913
beta sum per layer: [0.0, 11.070550918579102, 12.091878890991211, 2.4173145294189453, 59.27650833129883, 33.932987213134766]
alpha/beta optimization time: 0.15081095695495605
pruning_in_iteration open status: True
ratio of positive domain = 66 / 128 = 0.515625
pruning-in-iteration extra time: 0.008062362670898438
Time: get_branching_decision.update_bounds 0.0154    pickout 0.0087    branching_decision 0.0001    decision 0.0001    set_bounds 0.0028    prepare 0.0047    transfer 0.0000    finalize 0.0013    func 0.2068    solve 0.2039    add 0.0011    bab_iteration 0.2166    
Accumulated time: get_branching_decision.update_bounds 0.0154    bab_iteration 7.9052    pickout 0.2760    decision 0.0034    branching_decision 0.0028    set_bounds 0.0961    solve 7.4997    func 7.7050    prepare 0.1545    transfer 0.0004    finalize 0.0660    add 0.0364    
max lb 9.999999747378752e-05 min lb -0.024648547172546387
Number of Verified Splits: 66 of 128
Current worst splitting domains lb-rhs (depth):
-0.30738 (6), -0.30721 (6), -0.29449 (5), -0.28459 (5), -0.28008 (6), -0.27746 (6), -0.27236 (5), -0.27216 (5), -0.26685 (7), -0.26645 (5), -0.26371 (7), -0.25911 (8), -0.25722 (8), -0.25306 (7), -0.24440 (5), -0.24430 (7), -0.24391 (10), -0.23942 (11), -0.23749 (9), -0.23632 (9), 
Current (lb-rhs): -0.3073784112930298
4272 domains visited
Length of domains: 913
Cumulative time: 8.146173000335693

BaB round 38
batch: 64
splitting decisions: 
split level 0: [/44, 474] [/44, 474] [/44, 474] [/44, 474] [/39, 414] [/39, 732] [/39, 414] [/39, 414] [/39, 404] [/39, 732] 
best_l after optimization: -0.5976364016532898
beta sum per layer: [0.0, 11.718384742736816, 16.034196853637695, 0.02890034206211567, 55.10655975341797, 32.47108840942383]
alpha/beta optimization time: 0.14371347427368164
pruning_in_iteration open status: True
ratio of positive domain = 56 / 128 = 0.4375
pruning-in-iteration extra time: 0.006142854690551758
Time: get_branching_decision.update_bounds 0.0154    pickout 0.0090    branching_decision 0.0001    decision 0.0001    set_bounds 0.0035    prepare 0.0047    transfer 0.0000    finalize 0.0014    func 0.1992    solve 0.2068    add 0.0007    bab_iteration 0.2193    
Accumulated time: get_branching_decision.update_bounds 0.0154    bab_iteration 8.1245    pickout 0.2850    decision 0.0034    branching_decision 0.0029    set_bounds 0.0996    solve 7.7065    func 7.9042    prepare 0.1592    transfer 0.0004    finalize 0.0674    add 0.0372    
max lb 9.999999747378752e-05 min lb -0.021042466163635254
Number of Verified Splits: 56 of 128
Current worst splitting domains lb-rhs (depth):
-0.30738 (6), -0.30721 (6), -0.29449 (5), -0.28459 (5), -0.28008 (6), -0.27746 (6), -0.27236 (5), -0.27216 (5), -0.26685 (7), -0.26645 (5), -0.26371 (7), -0.25911 (8), -0.25722 (8), -0.25306 (7), -0.24440 (5), -0.24430 (7), -0.24391 (10), -0.23942 (11), -0.23749 (9), -0.23632 (9), 
Current (lb-rhs): -0.3073784112930298
4400 domains visited
Length of domains: 921
Cumulative time: 8.359066724777222

BaB round 39
batch: 64
splitting decisions: 
split level 0: [/39, 404] [/39, 404] [/39, 404] [/input-8, 597] [/39, 404] [/input-8, 597] [/input-8, 597] [/input-8, 597] [/39, 414] [/39, 414] 
best_l after optimization: -0.42856061458587646
beta sum per layer: [0.0, 11.784590721130371, 17.84658432006836, 0.06863696873188019, 50.41051483154297, 33.48811340332031]
alpha/beta optimization time: 0.14058351516723633
pruning_in_iteration open status: True
ratio of positive domain = 61 / 128 = 0.4765625
pruning-in-iteration extra time: 0.007460594177246094
Time: get_branching_decision.update_bounds 0.0154    pickout 0.0086    branching_decision 0.0001    decision 0.0001    set_bounds 0.0028    prepare 0.0047    transfer 0.0000    finalize 0.0013    func 0.1961    solve 0.1993    add 0.0008    bab_iteration 0.2129    
Accumulated time: get_branching_decision.update_bounds 0.0154    bab_iteration 8.3374    pickout 0.2936    decision 0.0035    branching_decision 0.0030    set_bounds 0.1024    solve 7.9058    func 8.1003    prepare 0.1638    transfer 0.0004    finalize 0.0686    add 0.0380    
max lb 9.999999747378752e-05 min lb -0.01831686496734619
Number of Verified Splits: 61 of 128
Current worst splitting domains lb-rhs (depth):
-0.30738 (6), -0.30721 (6), -0.29449 (5), -0.28459 (5), -0.28008 (6), -0.27746 (6), -0.27236 (5), -0.27216 (5), -0.26685 (7), -0.26645 (5), -0.26371 (7), -0.25911 (8), -0.25722 (8), -0.25306 (7), -0.24440 (5), -0.24430 (7), -0.24391 (10), -0.23942 (11), -0.23749 (9), -0.23632 (9), 
Current (lb-rhs): -0.3073784112930298
4528 domains visited
Length of domains: 924
Cumulative time: 8.567695140838623

BaB round 40
batch: 64
splitting decisions: 
split level 0: [/44, 482] [/44, 656] [/input-20, 659] [/39, 732] [/input-20, 659] [/39, 732] [/input-20, 659] [/39, 732] [/44, 482] [/44, 482] 
best_l after optimization: -0.22695109248161316
beta sum per layer: [0.0, 11.542435646057129, 15.99754524230957, 0.05832677334547043, 45.6736946105957, 34.47381591796875]
alpha/beta optimization time: 0.1306612491607666
pruning_in_iteration open status: True
ratio of positive domain = 85 / 128 = 0.6640625
pruning-in-iteration extra time: 0.004360198974609375
Time: get_branching_decision.update_bounds 0.0154    pickout 0.0089    branching_decision 0.0001    decision 0.0001    set_bounds 0.0028    prepare 0.0047    transfer 0.0000    finalize 0.0009    func 0.1739    solve 0.1961    add 0.0008    bab_iteration 0.2086    
Accumulated time: get_branching_decision.update_bounds 0.0154    bab_iteration 8.5460    pickout 0.3025    decision 0.0036    branching_decision 0.0031    set_bounds 0.1052    solve 8.1019    func 8.2742    prepare 0.1685    transfer 0.0004    finalize 0.0695    add 0.0388    
max lb 9.999999747378752e-05 min lb -0.015322268009185791
Number of Verified Splits: 85 of 128
Current worst splitting domains lb-rhs (depth):
-0.30738 (6), -0.30721 (6), -0.29449 (5), -0.28459 (5), -0.28008 (6), -0.27746 (6), -0.27236 (5), -0.27216 (5), -0.26685 (7), -0.26645 (5), -0.26371 (7), -0.25911 (8), -0.25722 (8), -0.25306 (7), -0.24440 (5), -0.24430 (7), -0.24391 (10), -0.23942 (11), -0.23749 (9), -0.23632 (9), 
Current (lb-rhs): -0.3073784112930298
4656 domains visited
Length of domains: 903
Cumulative time: 8.754391431808472

BaB round 41
batch: 64
splitting decisions: 
split level 0: [/39, 229] [/39, 732] [/input-8, 995] [/input-20, 653] [/39, 732] [/input-8, 604] [/39, 404] [/44, 466] [/39, 404] [/input-20, 653] 
best_l after optimization: -0.2554205656051636
beta sum per layer: [0.2792450487613678, 8.177469253540039, 19.277626037597656, 1.484367847442627, 50.899696350097656, 34.72364044189453]
alpha/beta optimization time: 0.15729999542236328
pruning_in_iteration open status: True
ratio of positive domain = 77 / 128 = 0.6015625
pruning-in-iteration extra time: 0.0060160160064697266
Time: get_branching_decision.update_bounds 0.0154    pickout 0.0100    branching_decision 0.0001    decision 0.0001    set_bounds 0.0031    prepare 0.0049    transfer 0.0000    finalize 0.0011    func 0.2077    solve 0.1739    add 0.0007    bab_iteration 0.1867    
Accumulated time: get_branching_decision.update_bounds 0.0154    bab_iteration 8.7327    pickout 0.3125    decision 0.0038    branching_decision 0.0032    set_bounds 0.1083    solve 8.2759    func 8.4819    prepare 0.1734    transfer 0.0004    finalize 0.0706    add 0.0396    
max lb 9.999999747378752e-05 min lb -0.015432238578796387
Number of Verified Splits: 77 of 128
Current worst splitting domains lb-rhs (depth):
-0.30738 (6), -0.30721 (6), -0.29449 (5), -0.28459 (5), -0.28008 (6), -0.27746 (6), -0.27236 (5), -0.27216 (5), -0.26685 (7), -0.26645 (5), -0.26371 (7), -0.25911 (8), -0.25722 (8), -0.25306 (7), -0.24440 (5), -0.24430 (7), -0.24391 (10), -0.23942 (11), -0.23749 (9), -0.23632 (9), 
Current (lb-rhs): -0.3073784112930298
4784 domains visited
Length of domains: 890
Cumulative time: 8.976210355758667

BaB round 42
batch: 64
splitting decisions: 
split level 0: [/39, 883] [/44, 474] [/44, 466] [/39, 404] [/input-20, 659] [/input-8, 35] [/input-20, 653] [/39, 732] [/39, 732] [/44, 1001] 
best_l after optimization: -0.25145718455314636
beta sum per layer: [0.48153257369995117, 9.499671936035156, 16.7399845123291, 3.0457074642181396, 55.87593460083008, 35.4332160949707]
alpha/beta optimization time: 0.1377120018005371
pruning_in_iteration open status: True
ratio of positive domain = 77 / 128 = 0.6015625
pruning-in-iteration extra time: 0.004804849624633789
Time: get_branching_decision.update_bounds 0.0154    pickout 0.0102    branching_decision 0.0001    decision 0.0002    set_bounds 0.0048    prepare 0.0054    transfer 0.0000    finalize 0.0011    func 0.1865    solve 0.2078    add 0.0007    bab_iteration 0.2218    
Accumulated time: get_branching_decision.update_bounds 0.0154    bab_iteration 8.9545    pickout 0.3227    decision 0.0039    branching_decision 0.0033    set_bounds 0.1131    solve 8.4836    func 8.6684    prepare 0.1789    transfer 0.0005    finalize 0.0717    add 0.0403    
max lb 0.00044161081314086914 min lb -0.015547573566436768
Number of Verified Splits: 77 of 128
Current worst splitting domains lb-rhs (depth):
-0.30738 (6), -0.30721 (6), -0.29449 (5), -0.28459 (5), -0.28008 (6), -0.27746 (6), -0.27236 (5), -0.27216 (5), -0.26685 (7), -0.26645 (5), -0.26371 (7), -0.25911 (8), -0.25722 (8), -0.25306 (7), -0.24440 (5), -0.24430 (7), -0.24391 (10), -0.23942 (11), -0.23749 (9), -0.23632 (9), 
Current (lb-rhs): -0.3073784112930298
4912 domains visited
Length of domains: 877
Cumulative time: 9.17875599861145

BaB round 43
batch: 64
splitting decisions: 
split level 0: [/44, 474] [/44, 357] [/44, 466] [/input-8, 597] [/input-20, 653] [/39, 229] [/input, 1412] [/input-28, 46] [/44, 474] [/input-20, 659] 
best_l after optimization: -0.269269734621048
beta sum per layer: [1.054818868637085, 10.630034446716309, 15.569774627685547, 8.953261375427246, 60.02350616455078, 32.46149826049805]
alpha/beta optimization time: 0.14724469184875488
pruning_in_iteration open status: True
ratio of positive domain = 78 / 128 = 0.609375
pruning-in-iteration extra time: 0.005127906799316406
Time: get_branching_decision.update_bounds 0.0154    pickout 0.0098    branching_decision 0.0001    decision 0.0001    set_bounds 0.0034    prepare 0.0050    transfer 0.0000    finalize 0.0012    func 0.2083    solve 0.1865    add 0.0007    bab_iteration 0.2025    
Accumulated time: get_branching_decision.update_bounds 0.0154    bab_iteration 9.1571    pickout 0.3324    decision 0.0040    branching_decision 0.0034    set_bounds 0.1165    solve 8.6702    func 8.8767    prepare 0.1839    transfer 0.0005    finalize 0.0729    add 0.0410    
max lb 9.999999747378752e-05 min lb -0.028165310621261597
Number of Verified Splits: 78 of 128
Current worst splitting domains lb-rhs (depth):
-0.30738 (6), -0.30721 (6), -0.29449 (5), -0.28459 (5), -0.28008 (6), -0.27746 (6), -0.27236 (5), -0.27216 (5), -0.26685 (7), -0.26645 (5), -0.26371 (7), -0.25911 (8), -0.25722 (8), -0.25306 (7), -0.24440 (5), -0.24430 (7), -0.24391 (10), -0.23942 (11), -0.23749 (9), -0.23632 (9), 
Current (lb-rhs): -0.3073784112930298
5040 domains visited
Length of domains: 863
Cumulative time: 9.401420593261719

BaB round 44
batch: 64
splitting decisions: 
split level 0: [/39, 156] [/39, 404] [/input-20, 653] [/39, 883] [/44, 537] [/44, 786] [/input-8, 35] [/39, 883] [/39, 164] [/39, 404] 
best_l after optimization: -0.29665565490722656
beta sum per layer: [2.1807193756103516, 13.973361015319824, 15.852021217346191, 16.422245025634766, 68.18190002441406, 30.80928611755371]
alpha/beta optimization time: 0.15007257461547852
pruning_in_iteration open status: True
ratio of positive domain = 80 / 128 = 0.625
pruning-in-iteration extra time: 0.006276130676269531
Time: get_branching_decision.update_bounds 0.0154    pickout 0.0113    branching_decision 0.0002    decision 0.0002    set_bounds 0.0045    prepare 0.0057    transfer 0.0000    finalize 0.0011    func 0.2134    solve 0.2083    add 0.0008    bab_iteration 0.2227    
Accumulated time: get_branching_decision.update_bounds 0.0154    bab_iteration 9.3797    pickout 0.3438    decision 0.0043    branching_decision 0.0036    set_bounds 0.1210    solve 8.8785    func 9.0901    prepare 0.1896    transfer 0.0005    finalize 0.0740    add 0.0418    
max lb 0.00010126829147338867 min lb -0.02367541193962097
Number of Verified Splits: 80 of 128
Current worst splitting domains lb-rhs (depth):
-0.30738 (6), -0.30721 (6), -0.29449 (5), -0.28459 (5), -0.28008 (6), -0.27746 (6), -0.27236 (5), -0.27216 (5), -0.26685 (7), -0.26645 (5), -0.26371 (7), -0.25911 (8), -0.25722 (8), -0.25306 (7), -0.24440 (5), -0.24430 (7), -0.24391 (10), -0.23942 (11), -0.23749 (9), -0.23632 (9), 
Current (lb-rhs): -0.3073784112930298
5168 domains visited
Length of domains: 847
Cumulative time: 9.631793975830078

BaB round 45
batch: 64
splitting decisions: 
split level 0: [/39, 229] [/39, 229] [/39, 404] [/44, 559] [/39, 229] [/39, 404] [/39, 404] [/44, 474] [/39, 404] [/44, 786] 
best_l after optimization: -0.4464346468448639
beta sum per layer: [3.1673202514648438, 15.207194328308105, 19.423625946044922, 26.064361572265625, 78.47698211669922, 26.98322296142578]
alpha/beta optimization time: 0.14863896369934082
pruning_in_iteration open status: True
ratio of positive domain = 71 / 128 = 0.5546875
pruning-in-iteration extra time: 0.007085084915161133
Time: get_branching_decision.update_bounds 0.0154    pickout 0.0093    branching_decision 0.0001    decision 0.0001    set_bounds 0.0031    prepare 0.0050    transfer 0.0000    finalize 0.0019    func 0.2052    solve 0.2134    add 0.0007    bab_iteration 0.2304    
Accumulated time: get_branching_decision.update_bounds 0.0154    bab_iteration 9.6101    pickout 0.3531    decision 0.0043    branching_decision 0.0037    set_bounds 0.1241    solve 9.0919    func 9.2953    prepare 0.1945    transfer 0.0005    finalize 0.0758    add 0.0426    
max lb 9.999999747378752e-05 min lb -0.025914549827575684
Number of Verified Splits: 71 of 128
Current worst splitting domains lb-rhs (depth):
-0.30738 (6), -0.30721 (6), -0.29449 (5), -0.28459 (5), -0.28008 (6), -0.27746 (6), -0.27236 (5), -0.27216 (5), -0.26685 (7), -0.26645 (5), -0.26371 (7), -0.25911 (8), -0.25722 (8), -0.25306 (7), -0.24440 (5), -0.24430 (7), -0.24391 (10), -0.23942 (11), -0.23749 (9), -0.23632 (9), 
Current (lb-rhs): -0.3073784112930298
5296 domains visited
Length of domains: 840
Cumulative time: 9.850627899169922

BaB round 46
batch: 64
splitting decisions: 
split level 0: [/44, 786] [/input-8, 36] [/39, 659] [/44, 786] [/39, 164] [/input-8, 35] [/44, 786] [/39, 659] [/input-8, 740] [/44, 474] 
best_l after optimization: -0.5218019485473633
beta sum per layer: [3.9226620197296143, 19.401546478271484, 25.261310577392578, 36.5605583190918, 80.17771911621094, 20.304439544677734]
alpha/beta optimization time: 0.1649763584136963
pruning_in_iteration open status: True
ratio of positive domain = 75 / 128 = 0.5859375
pruning-in-iteration extra time: 0.006445407867431641
Time: get_branching_decision.update_bounds 0.0154    pickout 0.0106    branching_decision 0.0001    decision 0.0001    set_bounds 0.0040    prepare 0.0055    transfer 0.0000    finalize 0.0013    func 0.2172    solve 0.2053    add 0.0009    bab_iteration 0.2188    
Accumulated time: get_branching_decision.update_bounds 0.0154    bab_iteration 9.8289    pickout 0.3637    decision 0.0045    branching_decision 0.0038    set_bounds 0.1281    solve 9.2972    func 9.5125    prepare 0.2000    transfer 0.0005    finalize 0.0771    add 0.0434    
max lb 9.999999747378752e-05 min lb -0.03955024480819702
Number of Verified Splits: 75 of 128
Current worst splitting domains lb-rhs (depth):
-0.30738 (6), -0.30721 (6), -0.29449 (5), -0.28459 (5), -0.28008 (6), -0.27746 (6), -0.27236 (5), -0.27216 (5), -0.26685 (7), -0.26645 (5), -0.26371 (7), -0.25911 (8), -0.25722 (8), -0.25306 (7), -0.24440 (5), -0.24430 (7), -0.24391 (10), -0.23942 (11), -0.23749 (9), -0.23632 (9), 
Current (lb-rhs): -0.3073784112930298
5424 domains visited
Length of domains: 829
Cumulative time: 10.083585500717163

BaB round 47
batch: 64
splitting decisions: 
split level 0: [/input-8, 35] [/44, 474] [/44, 537] [/input, 1412] [/44, 17] [/44, 786] [/input-8, 995] [/39, 404] [/39, 482] [/input-8, 36] 
best_l after optimization: -0.6822929978370667
beta sum per layer: [2.898855686187744, 19.192182540893555, 24.06498146057129, 33.24101638793945, 69.51708221435547, 27.26210594177246]
alpha/beta optimization time: 0.16998863220214844
pruning_in_iteration open status: True
ratio of positive domain = 56 / 128 = 0.4375
pruning-in-iteration extra time: 0.010646343231201172
Time: get_branching_decision.update_bounds 0.0154    pickout 0.0106    branching_decision 0.0001    decision 0.0001    set_bounds 0.0035    prepare 0.0049    transfer 0.0000    finalize 0.0016    func 0.2297    solve 0.2173    add 0.0007    bab_iteration 0.2330    
Accumulated time: get_branching_decision.update_bounds 0.0154    bab_iteration 10.0619    pickout 0.3743    decision 0.0046    branching_decision 0.0039    set_bounds 0.1317    solve 9.5145    func 9.7423    prepare 0.2049    transfer 0.0005    finalize 0.0787    add 0.0441    
max lb 0.0001296401023864746 min lb -0.04421210289001465
Number of Verified Splits: 56 of 128
Current worst splitting domains lb-rhs (depth):
-0.30738 (6), -0.30721 (6), -0.29449 (5), -0.28459 (5), -0.28008 (6), -0.27746 (6), -0.27236 (5), -0.27216 (5), -0.26685 (7), -0.26645 (5), -0.26371 (7), -0.25911 (8), -0.25722 (8), -0.25306 (7), -0.24440 (5), -0.24430 (7), -0.24391 (10), -0.23942 (11), -0.23749 (9), -0.23632 (9), 
Current (lb-rhs): -0.3073784112930298
5552 domains visited
Length of domains: 837
Cumulative time: 10.328668355941772

BaB round 48
batch: 64
splitting decisions: 
split level 0: [/39, 229] [/input-28, 46] [/input-8, 851] [/input-8, 869] [/input-8, 851] [/input-8, 869] [/input-8, 851] [/39, 739] [/input-8, 851] [/input-20, 659] 
best_l after optimization: -0.5321038365364075
beta sum per layer: [3.700819492340088, 21.23686981201172, 27.515033721923828, 35.730037689208984, 65.29400634765625, 23.839168548583984]
alpha/beta optimization time: 0.13632941246032715
pruning_in_iteration open status: True
ratio of positive domain = 68 / 128 = 0.53125
pruning-in-iteration extra time: 0.006022214889526367
Time: get_branching_decision.update_bounds 0.0154    pickout 0.0101    branching_decision 0.0001    decision 0.0001    set_bounds 0.0033    prepare 0.0050    transfer 0.0000    finalize 0.0013    func 0.1903    solve 0.2298    add 0.0009    bab_iteration 0.2451    
Accumulated time: get_branching_decision.update_bounds 0.0154    bab_iteration 10.3070    pickout 0.3844    decision 0.0047    branching_decision 0.0040    set_bounds 0.1349    solve 9.7443    func 9.9326    prepare 0.2099    transfer 0.0005    finalize 0.0800    add 0.0450    
max lb 0.0010178089141845703 min lb -0.03987383842468262
Number of Verified Splits: 68 of 128
Current worst splitting domains lb-rhs (depth):
-0.30738 (6), -0.30721 (6), -0.29449 (5), -0.28459 (5), -0.28008 (6), -0.27746 (6), -0.27236 (5), -0.27216 (5), -0.26685 (7), -0.26645 (5), -0.26371 (7), -0.25911 (8), -0.25722 (8), -0.25306 (7), -0.24440 (5), -0.24430 (7), -0.24391 (10), -0.23942 (11), -0.23749 (9), -0.23632 (9), 
Current (lb-rhs): -0.3073784112930298
5680 domains visited
Length of domains: 833
Cumulative time: 10.533354759216309

BaB round 49
batch: 64
splitting decisions: 
split level 0: [/44, 474] [/input, 1412] [/39, 404] [/input-8, 597] [/input-8, 869] [/39, 739] [/input-8, 851] [/44, 357] [/input-20, 660] [/input-20, 660] 
best_l after optimization: -0.5446996688842773
beta sum per layer: [2.609086036682129, 21.585052490234375, 27.201705932617188, 35.8090934753418, 65.49366760253906, 22.454421997070312]
alpha/beta optimization time: 0.16668438911437988
pruning_in_iteration open status: True
ratio of positive domain = 71 / 128 = 0.5546875
pruning-in-iteration extra time: 0.007284879684448242
Time: get_branching_decision.update_bounds 0.0154    pickout 0.0093    branching_decision 0.0001    decision 0.0001    set_bounds 0.0031    prepare 0.0057    transfer 0.0000    finalize 0.0012    func 0.2203    solve 0.1903    add 0.0008    bab_iteration 0.2047    
Accumulated time: get_branching_decision.update_bounds 0.0154    bab_iteration 10.5117    pickout 0.3937    decision 0.0047    branching_decision 0.0040    set_bounds 0.1380    solve 9.9346    func 10.1529    prepare 0.2156    transfer 0.0005    finalize 0.0812    add 0.0458    
max lb 9.999999747378752e-05 min lb -0.03613471984863281
Number of Verified Splits: 71 of 128
Current worst splitting domains lb-rhs (depth):
-0.30738 (6), -0.30721 (6), -0.29449 (5), -0.28459 (5), -0.28008 (6), -0.27746 (6), -0.27236 (5), -0.27216 (5), -0.26685 (7), -0.26645 (5), -0.26371 (7), -0.25911 (8), -0.25722 (8), -0.25306 (7), -0.24440 (5), -0.24430 (7), -0.24391 (10), -0.23942 (11), -0.23749 (9), -0.23632 (9), 
Current (lb-rhs): -0.3073784112930298
5808 domains visited
Length of domains: 826
Cumulative time: 10.767054319381714

BaB round 50
batch: 64
splitting decisions: 
split level 0: [/39, 659] [/input-20, 653] [/44, 474] [/input-8, 995] [/44, 212] [/input-8, 35] [/44, 559] [/39, 164] [/input-28, 46] [/input-8, 851] 
best_l after optimization: -0.6238391399383545
beta sum per layer: [2.132441282272339, 21.909440994262695, 26.798175811767578, 36.532798767089844, 64.71625518798828, 23.637765884399414]
alpha/beta optimization time: 0.13704919815063477
pruning_in_iteration open status: True
ratio of positive domain = 66 / 128 = 0.515625
pruning-in-iteration extra time: 0.006044626235961914
Time: get_branching_decision.update_bounds 0.0154    pickout 0.0101    branching_decision 0.0001    decision 0.0001    set_bounds 0.0034    prepare 0.0056    transfer 0.0000    finalize 0.0014    func 0.1900    solve 0.2204    add 0.0007    bab_iteration 0.2337    
Accumulated time: get_branching_decision.update_bounds 0.0154    bab_iteration 10.7454    pickout 0.4038    decision 0.0048    branching_decision 0.0041    set_bounds 0.1414    solve 10.1550    func 10.3429    prepare 0.2212    transfer 0.0006    finalize 0.0826    add 0.0465    
max lb 0.001737356185913086 min lb -0.031672537326812744
Number of Verified Splits: 66 of 128
Current worst splitting domains lb-rhs (depth):
-0.30738 (6), -0.30721 (6), -0.29449 (5), -0.28459 (5), -0.28008 (6), -0.27746 (6), -0.27236 (5), -0.27216 (5), -0.26685 (7), -0.26645 (5), -0.26371 (7), -0.25911 (8), -0.25722 (8), -0.25306 (7), -0.24440 (5), -0.24430 (7), -0.24391 (10), -0.23942 (11), -0.23749 (9), -0.23632 (9), 
Current (lb-rhs): -0.3073784112930298
5936 domains visited
Length of domains: 824
Cumulative time: 10.971561431884766

BaB round 51
batch: 64
splitting decisions: 
split level 0: [/44, 475] [/39, 659] [/39, 156] [/input-8, 604] [/44, 786] [/39, 404] [/input-28, 46] [/39, 883] [/input-20, 660] [/39, 229] 
best_l after optimization: -0.5799304246902466
beta sum per layer: [1.8362998962402344, 21.33609962463379, 27.180068969726562, 35.77014923095703, 61.16810989379883, 20.657800674438477]
alpha/beta optimization time: 0.13335776329040527
pruning_in_iteration open status: True
ratio of positive domain = 74 / 128 = 0.578125
pruning-in-iteration extra time: 0.005472421646118164
Time: get_branching_decision.update_bounds 0.0154    pickout 0.0096    branching_decision 0.0001    decision 0.0001    set_bounds 0.0030    prepare 0.0049    transfer 0.0000    finalize 0.0013    func 0.1894    solve 0.1901    add 0.0007    bab_iteration 0.2045    
Accumulated time: get_branching_decision.update_bounds 0.0154    bab_iteration 10.9499    pickout 0.4134    decision 0.0049    branching_decision 0.0042    set_bounds 0.1443    solve 10.3450    func 10.5323    prepare 0.2261    transfer 0.0006    finalize 0.0839    add 0.0472    
max lb 9.999999747378752e-05 min lb -0.027764439582824707
Number of Verified Splits: 74 of 128
Current worst splitting domains lb-rhs (depth):
-0.30738 (6), -0.30721 (6), -0.29449 (5), -0.28459 (5), -0.28008 (6), -0.27746 (6), -0.27236 (5), -0.27216 (5), -0.26685 (7), -0.26645 (5), -0.26371 (7), -0.25911 (8), -0.25722 (8), -0.25306 (7), -0.24440 (5), -0.24430 (7), -0.24391 (10), -0.23942 (11), -0.23749 (9), -0.23632 (9), 
Current (lb-rhs): -0.3073784112930298
6064 domains visited
Length of domains: 814
Cumulative time: 11.174596786499023

BaB round 52
batch: 64
splitting decisions: 
split level 0: [/input-8, 35] [/input-20, 987] [/input-28, 46] [/input-28, 75] [/input-28, 75] [/44, 475] [/input-28, 46] [/39, 164] [/44, 786] [/39, 404] 
best_l after optimization: -0.7779841423034668
beta sum per layer: [2.2133562564849854, 22.98253631591797, 27.92168426513672, 40.245689392089844, 62.097869873046875, 19.22399139404297]
alpha/beta optimization time: 0.1661827564239502
pruning_in_iteration open status: True
ratio of positive domain = 68 / 128 = 0.53125
pruning-in-iteration extra time: 0.0074236392974853516
Time: get_branching_decision.update_bounds 0.0154    pickout 0.0098    branching_decision 0.0001    decision 0.0001    set_bounds 0.0035    prepare 0.0051    transfer 0.0000    finalize 0.0012    func 0.2146    solve 0.1894    add 0.0008    bab_iteration 0.2030    
Accumulated time: get_branching_decision.update_bounds 0.0154    bab_iteration 11.1529    pickout 0.4232    decision 0.0051    branching_decision 0.0043    set_bounds 0.1478    solve 10.5345    func 10.7469    prepare 0.2312    transfer 0.0006    finalize 0.0851    add 0.0480    
max lb 9.999999747378752e-05 min lb -0.034847140312194824
Number of Verified Splits: 68 of 128
Current worst splitting domains lb-rhs (depth):
-0.30738 (6), -0.30721 (6), -0.29449 (5), -0.28459 (5), -0.28008 (6), -0.27746 (6), -0.27236 (5), -0.27216 (5), -0.26685 (7), -0.26645 (5), -0.26371 (7), -0.25911 (8), -0.25722 (8), -0.25306 (7), -0.24440 (5), -0.24430 (7), -0.24391 (10), -0.23942 (11), -0.23749 (9), -0.23632 (9), 
Current (lb-rhs): -0.3073784112930298
6192 domains visited
Length of domains: 810
Cumulative time: 11.403587102890015

BaB round 53
batch: 64
splitting decisions: 
split level 0: [/44, 474] [/44, 559] [/input-8, 604] [/input, 1412] [/44, 474] [/44, 212] [/44, 212] [/input-20, 987] [/39, 883] [/input-8, 35] 
best_l after optimization: -0.8563241362571716
beta sum per layer: [2.570773124694824, 21.633628845214844, 29.866870880126953, 42.06010055541992, 59.743064880371094, 20.658485412597656]
alpha/beta optimization time: 0.14693927764892578
pruning_in_iteration open status: True
ratio of positive domain = 57 / 128 = 0.4453125
pruning-in-iteration extra time: 0.006371974945068359
Time: get_branching_decision.update_bounds 0.0154    pickout 0.0093    branching_decision 0.0001    decision 0.0001    set_bounds 0.0033    prepare 0.0049    transfer 0.0000    finalize 0.0016    func 0.2077    solve 0.2146    add 0.0008    bab_iteration 0.2290    
Accumulated time: get_branching_decision.update_bounds 0.0154    bab_iteration 11.3819    pickout 0.4325    decision 0.0052    branching_decision 0.0044    set_bounds 0.1511    solve 10.7491    func 10.9545    prepare 0.2360    transfer 0.0006    finalize 0.0866    add 0.0488    
max lb 9.999999747378752e-05 min lb -0.04292798042297363
Number of Verified Splits: 57 of 128
Current worst splitting domains lb-rhs (depth):
-0.30738 (6), -0.30721 (6), -0.29449 (5), -0.28459 (5), -0.28008 (6), -0.27746 (6), -0.27236 (5), -0.27216 (5), -0.26685 (7), -0.26645 (5), -0.26371 (7), -0.25911 (8), -0.25722 (8), -0.25306 (7), -0.24440 (5), -0.24430 (7), -0.24391 (10), -0.23942 (11), -0.23749 (9), -0.23632 (9), 
Current (lb-rhs): -0.3073784112930298
6320 domains visited
Length of domains: 817
Cumulative time: 11.625054121017456

BaB round 54
batch: 64
splitting decisions: 
split level 0: [/input, 1143] [/input-8, 851] [/input-8, 851] [/39, 229] [/39, 659] [/39, 412] [/44, 786] [/39, 414] [/39, 164] [/39, 883] 
best_l after optimization: -0.6966238021850586
beta sum per layer: [2.9149701595306396, 21.55971908569336, 31.255558013916016, 42.4398307800293, 58.737525939941406, 21.386688232421875]
alpha/beta optimization time: 0.14424872398376465
pruning_in_iteration open status: True
ratio of positive domain = 60 / 128 = 0.46875
pruning-in-iteration extra time: 0.0063669681549072266
Time: get_branching_decision.update_bounds 0.0154    pickout 0.0095    branching_decision 0.0001    decision 0.0001    set_bounds 0.0029    prepare 0.0049    transfer 0.0000    finalize 0.0014    func 0.1996    solve 0.2077    add 0.0009    bab_iteration 0.2215    
Accumulated time: get_branching_decision.update_bounds 0.0154    bab_iteration 11.6033    pickout 0.4420    decision 0.0053    branching_decision 0.0045    set_bounds 0.1540    solve 10.9568    func 11.1542    prepare 0.2410    transfer 0.0006    finalize 0.0880    add 0.0496    
max lb 0.0015919208526611328 min lb -0.03861057758331299
Number of Verified Splits: 60 of 128
Current worst splitting domains lb-rhs (depth):
-0.30738 (6), -0.30721 (6), -0.29449 (5), -0.28459 (5), -0.28008 (6), -0.27746 (6), -0.27236 (5), -0.27216 (5), -0.26685 (7), -0.26645 (5), -0.26371 (7), -0.25911 (8), -0.25722 (8), -0.25306 (7), -0.24440 (5), -0.24430 (7), -0.24391 (10), -0.23942 (11), -0.23749 (9), -0.23632 (9), 
Current (lb-rhs): -0.3073784112930298
6448 domains visited
Length of domains: 821
Cumulative time: 11.838291645050049

BaB round 55
batch: 64
splitting decisions: 
split level 0: [/input-8, 35] [/39, 659] [/input-8, 869] [/44, 537] [/input-20, 660] [/39, 739] [/44, 482] [/44, 357] [/44, 482] [/44, 482] 
best_l after optimization: -0.5855193734169006
beta sum per layer: [2.2924349308013916, 18.57985496520996, 26.530685424804688, 31.75474739074707, 65.41217041015625, 23.957317352294922]
alpha/beta optimization time: 0.16296839714050293
pruning_in_iteration open status: True
ratio of positive domain = 66 / 128 = 0.515625
pruning-in-iteration extra time: 0.01042628288269043
Time: get_branching_decision.update_bounds 0.0154    pickout 0.0136    branching_decision 0.0001    decision 0.0001    set_bounds 0.0031    prepare 0.0058    transfer 0.0000    finalize 0.0019    func 0.2194    solve 0.1997    add 0.0009    bab_iteration 0.2132    
Accumulated time: get_branching_decision.update_bounds 0.0154    bab_iteration 11.8166    pickout 0.4556    decision 0.0054    branching_decision 0.0046    set_bounds 0.1571    solve 11.1565    func 11.3736    prepare 0.2468    transfer 0.0006    finalize 0.0899    add 0.0506    
max lb 9.999999747378752e-05 min lb -0.034285902976989746
Number of Verified Splits: 66 of 128
Current worst splitting domains lb-rhs (depth):
-0.30738 (6), -0.30721 (6), -0.29449 (5), -0.28459 (5), -0.28008 (6), -0.27746 (6), -0.27236 (5), -0.27216 (5), -0.26685 (7), -0.26645 (5), -0.26371 (7), -0.25911 (8), -0.25722 (8), -0.25306 (7), -0.24440 (5), -0.24430 (7), -0.24391 (10), -0.23942 (11), -0.23749 (9), -0.23632 (9), 
Current (lb-rhs): -0.3073784112930298
6576 domains visited
Length of domains: 819
Cumulative time: 12.07573938369751

BaB round 56
batch: 64
splitting decisions: 
split level 0: [/input-8, 869] [/input, 1412] [/39, 414] [/39, 229] [/39, 404] [/39, 229] [/input-20, 660] [/input, 393] [/39, 739] [/44, 466] 
best_l after optimization: -0.5631406307220459
beta sum per layer: [1.9731791019439697, 20.117448806762695, 26.63363265991211, 32.808475494384766, 67.98088836669922, 24.583158493041992]
alpha/beta optimization time: 0.1466202735900879
pruning_in_iteration open status: True
ratio of positive domain = 70 / 128 = 0.546875
pruning-in-iteration extra time: 0.005838632583618164
Time: get_branching_decision.update_bounds 0.0154    pickout 0.0099    branching_decision 0.0001    decision 0.0001    set_bounds 0.0029    prepare 0.0053    transfer 0.0000    finalize 0.0023    func 0.2057    solve 0.2195    add 0.0009    bab_iteration 0.2374    
Accumulated time: get_branching_decision.update_bounds 0.0154    bab_iteration 12.0540    pickout 0.4655    decision 0.0055    branching_decision 0.0046    set_bounds 0.1600    solve 11.3761    func 11.5793    prepare 0.2521    transfer 0.0006    finalize 0.0922    add 0.0514    
max lb 9.999999747378752e-05 min lb -0.031121790409088135
Number of Verified Splits: 70 of 128
Current worst splitting domains lb-rhs (depth):
-0.30738 (6), -0.30721 (6), -0.29449 (5), -0.28459 (5), -0.28008 (6), -0.27746 (6), -0.27236 (5), -0.27216 (5), -0.26685 (7), -0.26645 (5), -0.26371 (7), -0.25911 (8), -0.25722 (8), -0.25306 (7), -0.24440 (5), -0.24430 (7), -0.24391 (10), -0.23942 (11), -0.23749 (9), -0.23632 (9), 
Current (lb-rhs): -0.3073784112930298
6704 domains visited
Length of domains: 813
Cumulative time: 12.295802116394043

BaB round 57
batch: 64
splitting decisions: 
split level 0: [/39, 229] [/39, 404] [/input-28, 75] [/input-8, 869] [/input-8, 851] [/input-8, 869] [/input-8, 851] [/39, 164] [/input-8, 851] [/input-20, 659] 
best_l after optimization: -0.5063052177429199
beta sum per layer: [2.540850877761841, 25.17987060546875, 29.66495704650879, 41.52372360229492, 62.671775817871094, 19.857994079589844]
alpha/beta optimization time: 0.14650464057922363
pruning_in_iteration open status: True
ratio of positive domain = 70 / 128 = 0.546875
pruning-in-iteration extra time: 0.0065021514892578125
Time: get_branching_decision.update_bounds 0.0154    pickout 0.0110    branching_decision 0.0001    decision 0.0001    set_bounds 0.0032    prepare 0.0050    transfer 0.0000    finalize 0.0012    func 0.1955    solve 0.2058    add 0.0012    bab_iteration 0.2201    
Accumulated time: get_branching_decision.update_bounds 0.0154    bab_iteration 12.2741    pickout 0.4765    decision 0.0056    branching_decision 0.0048    set_bounds 0.1632    solve 11.5819    func 11.7749    prepare 0.2572    transfer 0.0006    finalize 0.0935    add 0.0526    
max lb 0.002520322799682617 min lb -0.026745200157165527
Number of Verified Splits: 70 of 128
Current worst splitting domains lb-rhs (depth):
-0.30738 (6), -0.30721 (6), -0.29449 (5), -0.28459 (5), -0.28008 (6), -0.27746 (6), -0.27236 (5), -0.27216 (5), -0.26685 (7), -0.26645 (5), -0.26371 (7), -0.25911 (8), -0.25722 (8), -0.25306 (7), -0.24440 (5), -0.24430 (7), -0.24391 (10), -0.23942 (11), -0.23749 (9), -0.23632 (9), 
Current (lb-rhs): -0.3073784112930298
6832 domains visited
Length of domains: 807
Cumulative time: 12.506759643554688

BaB round 58
batch: 64
splitting decisions: 
split level 0: [/44, 212] [/39, 482] [/input-8, 35] [/input-28, 46] [/39, 404] [/39, 164] [/input-8, 740] [/input, 1143] [/input-20, 660] [/39, 739] 
best_l after optimization: -0.6311567425727844
beta sum per layer: [2.2554354667663574, 25.40159034729004, 30.671510696411133, 44.61903381347656, 54.165672302246094, 19.944927215576172]
alpha/beta optimization time: 0.1562809944152832
pruning_in_iteration open status: True
ratio of positive domain = 64 / 128 = 0.5
pruning-in-iteration extra time: 0.007583141326904297
Time: get_branching_decision.update_bounds 0.0154    pickout 0.0114    branching_decision 0.0001    decision 0.0001    set_bounds 0.0038    prepare 0.0057    transfer 0.0000    finalize 0.0015    func 0.2182    solve 0.1956    add 0.0009    bab_iteration 0.2110    
Accumulated time: get_branching_decision.update_bounds 0.0154    bab_iteration 12.4850    pickout 0.4880    decision 0.0057    branching_decision 0.0049    set_bounds 0.1670    solve 11.7774    func 11.9930    prepare 0.2628    transfer 0.0006    finalize 0.0950    add 0.0535    
max lb 0.00025272369384765625 min lb -0.038007259368896484
Number of Verified Splits: 64 of 128
Current worst splitting domains lb-rhs (depth):
-0.30738 (6), -0.30721 (6), -0.29449 (5), -0.28459 (5), -0.28008 (6), -0.27746 (6), -0.27236 (5), -0.27216 (5), -0.26685 (7), -0.26645 (5), -0.26371 (7), -0.25911 (8), -0.25722 (8), -0.25306 (7), -0.24440 (5), -0.24430 (7), -0.24391 (10), -0.23942 (11), -0.23749 (9), -0.23632 (9), 
Current (lb-rhs): -0.3073784112930298
6960 domains visited
Length of domains: 807
Cumulative time: 12.741670370101929

BaB round 59
batch: 64
splitting decisions: 
split level 0: [/input, 1412] [/input, 1412] [/input-20, 659] [/44, 475] [/input, 1412] [/44, 357] [/39, 659] [/input-8, 851] [/44, 537] [/input-20, 653] 
best_l after optimization: -0.48486220836639404
beta sum per layer: [0.9789975881576538, 22.310033798217773, 31.256553649902344, 42.711368560791016, 56.8276252746582, 21.519540786743164]
alpha/beta optimization time: 0.13505148887634277
pruning_in_iteration open status: True
ratio of positive domain = 74 / 128 = 0.578125
pruning-in-iteration extra time: 0.005502223968505859
Time: get_branching_decision.update_bounds 0.0154    pickout 0.0101    branching_decision 0.0001    decision 0.0001    set_bounds 0.0030    prepare 0.0054    transfer 0.0000    finalize 0.0012    func 0.1831    solve 0.2182    add 0.0011    bab_iteration 0.2349    
Accumulated time: get_branching_decision.update_bounds 0.0154    bab_iteration 12.7199    pickout 0.4980    decision 0.0058    branching_decision 0.0050    set_bounds 0.1700    solve 11.9957    func 12.1761    prepare 0.2682    transfer 0.0007    finalize 0.0962    add 0.0546    
max lb 9.999999747378752e-05 min lb -0.033866286277770996
Number of Verified Splits: 74 of 128
Current worst splitting domains lb-rhs (depth):
-0.30738 (6), -0.30721 (6), -0.29449 (5), -0.28459 (5), -0.28008 (6), -0.27746 (6), -0.27236 (5), -0.27216 (5), -0.26685 (7), -0.26645 (5), -0.26371 (7), -0.25911 (8), -0.25722 (8), -0.25306 (7), -0.24440 (5), -0.24430 (7), -0.24391 (10), -0.23942 (11), -0.23749 (9), -0.23632 (9), 
Current (lb-rhs): -0.3073784112930298
7088 domains visited
Length of domains: 797
Cumulative time: 12.938868522644043

BaB round 60
batch: 64
splitting decisions: 
split level 0: [/44, 37] [/44, 37] [/44, 525] [/44, 474] [/input-8, 35] [/input, 1412] [/input-8, 36] [/input-8, 35] [/44, 537] [/input-20, 659] 
best_l after optimization: -0.7152625322341919
beta sum per layer: [1.5411802530288696, 24.633752822875977, 28.567407608032227, 41.78853988647461, 60.09156036376953, 24.859272003173828]
alpha/beta optimization time: 0.15184330940246582
pruning_in_iteration open status: True
ratio of positive domain = 67 / 128 = 0.5234375
pruning-in-iteration extra time: 0.005873680114746094
Time: get_branching_decision.update_bounds 0.0154    pickout 0.0099    branching_decision 0.0001    decision 0.0001    set_bounds 0.0032    prepare 0.0053    transfer 0.0000    finalize 0.0012    func 0.2091    solve 0.1831    add 0.0007    bab_iteration 0.1972    
Accumulated time: get_branching_decision.update_bounds 0.0154    bab_iteration 12.9171    pickout 0.5079    decision 0.0059    branching_decision 0.0050    set_bounds 0.1732    solve 12.1788    func 12.3852    prepare 0.2735    transfer 0.0007    finalize 0.0974    add 0.0553    
max lb 9.999999747378752e-05 min lb -0.04058825969696045
Number of Verified Splits: 67 of 128
Current worst splitting domains lb-rhs (depth):
-0.30738 (6), -0.30721 (6), -0.29449 (5), -0.28459 (5), -0.28008 (6), -0.27746 (6), -0.27236 (5), -0.27216 (5), -0.26685 (7), -0.26645 (5), -0.26371 (7), -0.25911 (8), -0.25722 (8), -0.25306 (7), -0.24440 (5), -0.24430 (7), -0.24391 (10), -0.23942 (11), -0.23749 (9), -0.23632 (9), 
Current (lb-rhs): -0.3073784112930298
7216 domains visited
Length of domains: 794
Cumulative time: 13.162132501602173

BaB round 61
batch: 64
splitting decisions: 
split level 0: [/input-8, 35] [/input-8, 604] [/input-8, 35] [/input-28, 75] [/input-28, 75] [/input-8, 604] [/44, 474] [/39, 164] [/input-8, 35] [/input-20, 653] 
best_l after optimization: -0.7276866436004639
beta sum per layer: [2.257838249206543, 26.625473022460938, 26.628421783447266, 38.781612396240234, 65.62014770507812, 26.761804580688477]
alpha/beta optimization time: 0.14258670806884766
pruning_in_iteration open status: True
ratio of positive domain = 69 / 128 = 0.5390625
pruning-in-iteration extra time: 0.006385087966918945
Time: get_branching_decision.update_bounds 0.0154    pickout 0.0107    branching_decision 0.0001    decision 0.0001    set_bounds 0.0030    prepare 0.0050    transfer 0.0000    finalize 0.0012    func 0.2021    solve 0.2092    add 0.0008    bab_iteration 0.2233    
Accumulated time: get_branching_decision.update_bounds 0.0154    bab_iteration 13.1404    pickout 0.5186    decision 0.0060    branching_decision 0.0051    set_bounds 0.1762    solve 12.3879    func 12.5873    prepare 0.2785    transfer 0.0007    finalize 0.0986    add 0.0561    
max lb 9.999999747378752e-05 min lb -0.052089691162109375
Number of Verified Splits: 69 of 128
Current worst splitting domains lb-rhs (depth):
-0.30738 (6), -0.30721 (6), -0.29449 (5), -0.28459 (5), -0.28008 (6), -0.27746 (6), -0.27236 (5), -0.27216 (5), -0.26685 (7), -0.26645 (5), -0.26371 (7), -0.25911 (8), -0.25722 (8), -0.25306 (7), -0.24440 (5), -0.24430 (7), -0.24391 (10), -0.23942 (11), -0.23749 (9), -0.23632 (9), 
Current (lb-rhs): -0.3073784112930298
7344 domains visited
Length of domains: 789
Cumulative time: 13.3789644241333

BaB round 62
batch: 64
splitting decisions: 
split level 0: [/input-8, 995] [/input-8, 35] [/39, 412] [/input-8, 36] [/input-8, 35] [/44, 559] [/44, 212] [/39, 156] [/input-20, 653] [/39, 883] 
best_l after optimization: -0.8412029147148132
beta sum per layer: [1.799169898033142, 23.2455997467041, 26.386545181274414, 35.34759521484375, 61.563201904296875, 31.867643356323242]
alpha/beta optimization time: 0.14211487770080566
pruning_in_iteration open status: True
ratio of positive domain = 65 / 128 = 0.5078125
pruning-in-iteration extra time: 0.006158590316772461
Time: get_branching_decision.update_bounds 0.0154    pickout 0.0102    branching_decision 0.0001    decision 0.0001    set_bounds 0.0033    prepare 0.0049    transfer 0.0000    finalize 0.0014    func 0.1977    solve 0.2022    add 0.0008    bab_iteration 0.2168    
Accumulated time: get_branching_decision.update_bounds 0.0154    bab_iteration 13.3572    pickout 0.5288    decision 0.0062    branching_decision 0.0052    set_bounds 0.1795    solve 12.5901    func 12.7850    prepare 0.2834    transfer 0.0007    finalize 0.1000    add 0.0568    
max lb 0.00133514404296875 min lb -0.046927809715270996
Number of Verified Splits: 65 of 128
Current worst splitting domains lb-rhs (depth):
-0.30738 (6), -0.30721 (6), -0.29449 (5), -0.28459 (5), -0.28008 (6), -0.27746 (6), -0.27236 (5), -0.27216 (5), -0.26685 (7), -0.26645 (5), -0.26371 (7), -0.25911 (8), -0.25722 (8), -0.25306 (7), -0.24440 (5), -0.24430 (7), -0.24391 (10), -0.23942 (11), -0.23749 (9), -0.23632 (9), 
Current (lb-rhs): -0.3073784112930298
7472 domains visited
Length of domains: 788
Cumulative time: 13.591366291046143

BaB round 63
batch: 64
splitting decisions: 
split level 0: [/input-8, 995] [/39, 404] [/39, 482] [/input-8, 35] [/input-28, 46] [/44, 212] [/39, 404] [/39, 659] [/input-20, 660] [/39, 404] 
best_l after optimization: -0.8734123706817627
beta sum per layer: [1.2365224361419678, 22.607770919799805, 22.31998062133789, 29.86280059814453, 59.1694450378418, 36.549354553222656]
alpha/beta optimization time: 0.13373184204101562
pruning_in_iteration open status: True
ratio of positive domain = 66 / 128 = 0.515625
pruning-in-iteration extra time: 0.005391597747802734
Time: get_branching_decision.update_bounds 0.0154    pickout 0.0097    branching_decision 0.0001    decision 0.0001    set_bounds 0.0029    prepare 0.0049    transfer 0.0000    finalize 0.0013    func 0.1894    solve 0.1978    add 0.0008    bab_iteration 0.2124    
Accumulated time: get_branching_decision.update_bounds 0.0154    bab_iteration 13.5696    pickout 0.5385    decision 0.0062    branching_decision 0.0053    set_bounds 0.1824    solve 12.7879    func 12.9745    prepare 0.2883    transfer 0.0007    finalize 0.1013    add 0.0577    
max lb 9.999999747378752e-05 min lb -0.05598461627960205
Number of Verified Splits: 66 of 128
Current worst splitting domains lb-rhs (depth):
-0.30738 (6), -0.30721 (6), -0.29449 (5), -0.28459 (5), -0.28008 (6), -0.27746 (6), -0.27236 (5), -0.27216 (5), -0.26685 (7), -0.26645 (5), -0.26371 (7), -0.25911 (8), -0.25722 (8), -0.25306 (7), -0.24440 (5), -0.24430 (7), -0.24391 (10), -0.23942 (11), -0.23749 (9), -0.23632 (9), 
Current (lb-rhs): -0.3073784112930298
7600 domains visited
Length of domains: 786
Cumulative time: 13.794381618499756

BaB round 64
batch: 64
splitting decisions: 
split level 0: [/44, 786] [/input-8, 164] [/39, 404] [/input-8, 36] [/input, 1412] [/input-20, 659] [/44, 475] [/39, 659] [/input-8, 869] [/input-8, 35] 
best_l after optimization: -0.9638922810554504
beta sum per layer: [0.7972269058227539, 18.445581436157227, 21.406709671020508, 28.474117279052734, 61.05015182495117, 37.433624267578125]
alpha/beta optimization time: 0.15330982208251953
pruning_in_iteration open status: True
ratio of positive domain = 58 / 128 = 0.453125
pruning-in-iteration extra time: 0.007899999618530273
Time: get_branching_decision.update_bounds 0.0154    pickout 0.0102    branching_decision 0.0001    decision 0.0001    set_bounds 0.0032    prepare 0.0050    transfer 0.0000    finalize 0.0014    func 0.2112    solve 0.1895    add 0.0007    bab_iteration 0.2030    
Accumulated time: get_branching_decision.update_bounds 0.0154    bab_iteration 13.7726    pickout 0.5487    decision 0.0063    branching_decision 0.0054    set_bounds 0.1855    solve 12.9773    func 13.1856    prepare 0.2933    transfer 0.0007    finalize 0.1027    add 0.0584    
max lb 9.999999747378752e-05 min lb -0.04893219470977783
Number of Verified Splits: 58 of 128
Current worst splitting domains lb-rhs (depth):
-0.30738 (6), -0.30721 (6), -0.29449 (5), -0.28459 (5), -0.28008 (6), -0.27746 (6), -0.27236 (5), -0.27216 (5), -0.26685 (7), -0.26645 (5), -0.26371 (7), -0.25911 (8), -0.25722 (8), -0.25306 (7), -0.24440 (5), -0.24430 (7), -0.24391 (10), -0.23942 (11), -0.23749 (9), -0.23632 (9), 
Current (lb-rhs): -0.3073784112930298
7728 domains visited
Length of domains: 792
Cumulative time: 14.019999742507935

BaB round 65
batch: 64
splitting decisions: 
split level 0: [/input-8, 869] [/39, 404] [/input-8, 869] [/39, 659] [/input, 1412] [/input-28, 46] [/39, 404] [/input-8, 36] [/input-8, 35] [/44, 212] 
best_l after optimization: -0.8313994407653809
beta sum per layer: [1.1066505908966064, 18.039936065673828, 20.179656982421875, 26.74761962890625, 58.31606674194336, 41.37005615234375]
alpha/beta optimization time: 0.1390058994293213
pruning_in_iteration open status: True
ratio of positive domain = 68 / 128 = 0.53125
pruning-in-iteration extra time: 0.005940437316894531
Time: get_branching_decision.update_bounds 0.0154    pickout 0.0095    branching_decision 0.0001    decision 0.0001    set_bounds 0.0030    prepare 0.0049    transfer 0.0000    finalize 0.0013    func 0.1965    solve 0.2112    add 0.0009    bab_iteration 0.2256    
Accumulated time: get_branching_decision.update_bounds 0.0154    bab_iteration 13.9983    pickout 0.5582    decision 0.0064    branching_decision 0.0055    set_bounds 0.1885    solve 13.1885    func 13.3821    prepare 0.2983    transfer 0.0007    finalize 0.1040    add 0.0592    
max lb 0.0014295578002929688 min lb -0.04033052921295166
Number of Verified Splits: 68 of 128
Current worst splitting domains lb-rhs (depth):
-0.30738 (6), -0.30721 (6), -0.29449 (5), -0.28459 (5), -0.28008 (6), -0.27746 (6), -0.27236 (5), -0.27216 (5), -0.26685 (7), -0.26645 (5), -0.26371 (7), -0.25911 (8), -0.25722 (8), -0.25306 (7), -0.24440 (5), -0.24430 (7), -0.24391 (10), -0.23942 (11), -0.23749 (9), -0.23632 (9), 
Current (lb-rhs): -0.3073784112930298
7856 domains visited
Length of domains: 788
Cumulative time: 14.230128288269043

BaB round 66
batch: 64
splitting decisions: 
split level 0: [/input-8, 36] [/input-8, 35] [/44, 475] [/input-20, 987] [/input-8, 851] [/input-28, 46] [/39, 414] [/input-28, 46] [/input-8, 35] [/input-8, 851] 
best_l after optimization: -0.8891133069992065
beta sum per layer: [1.1571415662765503, 16.71656036376953, 19.81349754333496, 25.2609806060791, 57.86198043823242, 41.01148223876953]
alpha/beta optimization time: 0.13927745819091797
pruning_in_iteration open status: True
ratio of positive domain = 61 / 128 = 0.4765625
pruning-in-iteration extra time: 0.006502628326416016
Time: get_branching_decision.update_bounds 0.0154    pickout 0.0105    branching_decision 0.0001    decision 0.0001    set_bounds 0.0032    prepare 0.0052    transfer 0.0000    finalize 0.0015    func 0.1948    solve 0.1966    add 0.0008    bab_iteration 0.2101    
Accumulated time: get_branching_decision.update_bounds 0.0154    bab_iteration 14.2084    pickout 0.5687    decision 0.0065    branching_decision 0.0056    set_bounds 0.1918    solve 13.3851    func 13.5769    prepare 0.3034    transfer 0.0007    finalize 0.1055    add 0.0600    
max lb 9.999999747378752e-05 min lb -0.04311776161193848
Number of Verified Splits: 61 of 128
Current worst splitting domains lb-rhs (depth):
-0.30738 (6), -0.30721 (6), -0.29449 (5), -0.28459 (5), -0.28008 (6), -0.27746 (6), -0.27236 (5), -0.27216 (5), -0.26685 (7), -0.26645 (5), -0.26371 (7), -0.25911 (8), -0.25722 (8), -0.25306 (7), -0.24440 (5), -0.24430 (7), -0.24391 (10), -0.23942 (11), -0.23749 (9), -0.23632 (9), 
Current (lb-rhs): -0.3073784112930298
7984 domains visited
Length of domains: 791
Cumulative time: 14.439876317977905

BaB round 67
batch: 64
splitting decisions: 
split level 0: [/input-8, 740] [/44, 474] [/39, 732] [/39, 732] [/44, 537] [/44, 482] [/39, 732] [/44, 482] [/39, 739] [/44, 474] 
best_l after optimization: -0.839156985282898
beta sum per layer: [0.5968853831291199, 15.737632751464844, 18.951183319091797, 19.634532928466797, 50.620235443115234, 41.2512321472168]
alpha/beta optimization time: 0.14336752891540527
pruning_in_iteration open status: True
ratio of positive domain = 56 / 128 = 0.4375
pruning-in-iteration extra time: 0.005940675735473633
Time: get_branching_decision.update_bounds 0.0154    pickout 0.0095    branching_decision 0.0001    decision 0.0001    set_bounds 0.0028    prepare 0.0051    transfer 0.0000    finalize 0.0016    func 0.2013    solve 0.1948    add 0.0009    bab_iteration 0.2097    
Accumulated time: get_branching_decision.update_bounds 0.0154    bab_iteration 14.4181    pickout 0.5782    decision 0.0066    branching_decision 0.0056    set_bounds 0.1946    solve 13.5799    func 13.7782    prepare 0.3085    transfer 0.0007    finalize 0.1070    add 0.0609    
max lb 9.999999747378752e-05 min lb -0.037972211837768555
Number of Verified Splits: 56 of 128
Current worst splitting domains lb-rhs (depth):
-0.30738 (6), -0.30721 (6), -0.29449 (5), -0.28459 (5), -0.28008 (6), -0.27746 (6), -0.27236 (5), -0.27216 (5), -0.26685 (7), -0.26645 (5), -0.26371 (7), -0.25911 (8), -0.25722 (8), -0.25306 (7), -0.24440 (5), -0.24430 (7), -0.24391 (10), -0.23942 (11), -0.23749 (9), -0.23632 (9), 
Current (lb-rhs): -0.3073784112930298
8112 domains visited
Length of domains: 799
Cumulative time: 14.65467381477356

BaB round 68
batch: 64
splitting decisions: 
split level 0: [/44, 474] [/44, 474] [/44, 474] [/input-8, 869] [/44, 559] [/44, 474] [/44, 474] [/44, 474] [/input-20, 659] [/44, 474] 
best_l after optimization: -0.6583468914031982
beta sum per layer: [0.6385437846183777, 13.738813400268555, 14.792153358459473, 12.665453910827637, 45.445228576660156, 41.667442321777344]
alpha/beta optimization time: 0.13367128372192383
pruning_in_iteration open status: True
ratio of positive domain = 64 / 128 = 0.5
pruning-in-iteration extra time: 0.005474567413330078
Time: get_branching_decision.update_bounds 0.0154    pickout 0.0105    branching_decision 0.0001    decision 0.0001    set_bounds 0.0032    prepare 0.0052    transfer 0.0000    finalize 0.0020    func 0.1910    solve 0.2013    add 0.0009    bab_iteration 0.2148    
Accumulated time: get_branching_decision.update_bounds 0.0154    bab_iteration 14.6329    pickout 0.5887    decision 0.0067    branching_decision 0.0057    set_bounds 0.1978    solve 13.7813    func 13.9692    prepare 0.3137    transfer 0.0007    finalize 0.1091    add 0.0618    
max lb 9.999999747378752e-05 min lb -0.0322415828704834
Number of Verified Splits: 64 of 128
Current worst splitting domains lb-rhs (depth):
-0.30738 (6), -0.30721 (6), -0.29449 (5), -0.28459 (5), -0.28008 (6), -0.27746 (6), -0.27236 (5), -0.27216 (5), -0.26685 (7), -0.26645 (5), -0.26371 (7), -0.25911 (8), -0.25722 (8), -0.25306 (7), -0.24440 (5), -0.24430 (7), -0.24391 (10), -0.23942 (11), -0.23749 (9), -0.23632 (9), 
Current (lb-rhs): -0.3073784112930298
8240 domains visited
Length of domains: 799
Cumulative time: 14.860605478286743

BaB round 69
batch: 64
splitting decisions: 
split level 0: [/44, 357] [/44, 537] [/input-8, 604] [/39, 229] [/input, 1143] [/input, 1143] [/input-8, 851] [/44, 466] [/44, 466] [/44, 537] 
best_l after optimization: -0.5369641184806824
beta sum per layer: [0.6533616185188293, 12.381816864013672, 17.54819679260254, 14.058768272399902, 48.58587646484375, 42.022735595703125]
alpha/beta optimization time: 0.13924956321716309
pruning_in_iteration open status: True
ratio of positive domain = 65 / 128 = 0.5078125
pruning-in-iteration extra time: 0.005750894546508789
Time: get_branching_decision.update_bounds 0.0154    pickout 0.0095    branching_decision 0.0001    decision 0.0001    set_bounds 0.0031    prepare 0.0048    transfer 0.0000    finalize 0.0018    func 0.1917    solve 0.1911    add 0.0009    bab_iteration 0.2059    
Accumulated time: get_branching_decision.update_bounds 0.0154    bab_iteration 14.8389    pickout 0.5982    decision 0.0068    branching_decision 0.0058    set_bounds 0.2008    solve 13.9724    func 14.1609    prepare 0.3186    transfer 0.0008    finalize 0.1109    add 0.0627    
max lb 9.999999747378752e-05 min lb -0.0222318172454834
Number of Verified Splits: 65 of 128
Current worst splitting domains lb-rhs (depth):
-0.30738 (6), -0.30721 (6), -0.29449 (5), -0.28459 (5), -0.28008 (6), -0.27746 (6), -0.27236 (5), -0.27216 (5), -0.26685 (7), -0.26645 (5), -0.26371 (7), -0.25911 (8), -0.25722 (8), -0.25306 (7), -0.24440 (5), -0.24430 (7), -0.24391 (10), -0.23942 (11), -0.23749 (9), -0.23632 (9), 
Current (lb-rhs): -0.3073784112930298
8368 domains visited
Length of domains: 798
Cumulative time: 15.065982103347778

BaB round 70
batch: 64
splitting decisions: 
split level 0: [/44, 466] [/input-8, 604] [/44, 537] [/input-8, 851] [/input, 393] [/44, 483] [/39, 739] [/input-20, 653] [/input-20, 653] [/44, 473] 
best_l after optimization: -0.40473848581314087
beta sum per layer: [0.595061182975769, 12.153376579284668, 20.05996322631836, 13.264446258544922, 55.065216064453125, 39.59812927246094]
alpha/beta optimization time: 0.14315199851989746
pruning_in_iteration open status: True
ratio of positive domain = 70 / 128 = 0.546875
pruning-in-iteration extra time: 0.007254838943481445
Time: get_branching_decision.update_bounds 0.0154    pickout 0.0100    branching_decision 0.0001    decision 0.0001    set_bounds 0.0029    prepare 0.0052    transfer 0.0000    finalize 0.0012    func 0.1958    solve 0.1917    add 0.0009    bab_iteration 0.2054    
Accumulated time: get_branching_decision.update_bounds 0.0154    bab_iteration 15.0442    pickout 0.6082    decision 0.0069    branching_decision 0.0059    set_bounds 0.2038    solve 14.1641    func 14.3567    prepare 0.3237    transfer 0.0008    finalize 0.1121    add 0.0636    
max lb 9.999999747378752e-05 min lb -0.017017841339111328
Number of Verified Splits: 70 of 128
Current worst splitting domains lb-rhs (depth):
-0.30738 (6), -0.30721 (6), -0.29449 (5), -0.28459 (5), -0.28008 (6), -0.27746 (6), -0.27236 (5), -0.27216 (5), -0.26685 (7), -0.26645 (5), -0.26371 (7), -0.25911 (8), -0.25722 (8), -0.25306 (7), -0.24440 (5), -0.24430 (7), -0.24391 (10), -0.23942 (11), -0.23749 (9), -0.23632 (9), 
Current (lb-rhs): -0.3073784112930298
8496 domains visited
Length of domains: 792
Cumulative time: 15.275820970535278

BaB round 71
batch: 64
splitting decisions: 
split level 0: [/44, 474] [/44, 474] [/44, 474] [/39, 229] [/44, 474] [/44, 474] [/input-8, 995] [/39, 739] [/input-8, 995] [/39, 739] 
best_l after optimization: -0.30990421772003174
beta sum per layer: [0.0, 12.222029685974121, 15.447669982910156, 10.361577987670898, 60.662757873535156, 36.69978332519531]
alpha/beta optimization time: 0.12883543968200684
pruning_in_iteration open status: True
ratio of positive domain = 76 / 128 = 0.59375
pruning-in-iteration extra time: 0.0045948028564453125
Time: get_branching_decision.update_bounds 0.0154    pickout 0.0093    branching_decision 0.0001    decision 0.0001    set_bounds 0.0031    prepare 0.0049    transfer 0.0000    finalize 0.0011    func 0.1792    solve 0.1959    add 0.0007    bab_iteration 0.2098    
Accumulated time: get_branching_decision.update_bounds 0.0154    bab_iteration 15.2541    pickout 0.6175    decision 0.0070    branching_decision 0.0059    set_bounds 0.2069    solve 14.3600    func 14.5359    prepare 0.3286    transfer 0.0008    finalize 0.1132    add 0.0643    
max lb 9.999999747378752e-05 min lb -0.01564711332321167
Number of Verified Splits: 76 of 128
Current worst splitting domains lb-rhs (depth):
-0.30738 (6), -0.30721 (6), -0.29449 (5), -0.28459 (5), -0.28008 (6), -0.27746 (6), -0.27236 (5), -0.27216 (5), -0.26685 (7), -0.26645 (5), -0.26371 (7), -0.25911 (8), -0.25722 (8), -0.25306 (7), -0.24440 (5), -0.24430 (7), -0.24391 (10), -0.23942 (11), -0.23749 (9), -0.23632 (9), 
Current (lb-rhs): -0.3073784112930298
8624 domains visited
Length of domains: 780
Cumulative time: 15.468322038650513

BaB round 72
batch: 64
splitting decisions: 
split level 0: [/44, 475] [/44, 475] [/input-8, 35] [/44, 559] [/input-8, 36] [/input-8, 995] [/39, 404] [/input, 1412] [/input-8, 35] [/39, 739] 
best_l after optimization: -0.4944402575492859
beta sum per layer: [0.413746178150177, 12.132235527038574, 13.311872482299805, 7.201704978942871, 62.98807144165039, 38.76011657714844]
alpha/beta optimization time: 0.1269521713256836
pruning_in_iteration open status: True
ratio of positive domain = 78 / 128 = 0.609375
pruning-in-iteration extra time: 0.0045239925384521484
Time: get_branching_decision.update_bounds 0.0154    pickout 0.0093    branching_decision 0.0001    decision 0.0001    set_bounds 0.0032    prepare 0.0048    transfer 0.0000    finalize 0.0010    func 0.1714    solve 0.1792    add 0.0007    bab_iteration 0.1925    
Accumulated time: get_branching_decision.update_bounds 0.0154    bab_iteration 15.4466    pickout 0.6268    decision 0.0071    branching_decision 0.0060    set_bounds 0.2100    solve 14.5392    func 14.7073    prepare 0.3334    transfer 0.0008    finalize 0.1142    add 0.0650    
max lb 0.00010520219802856445 min lb -0.045432448387145996
Number of Verified Splits: 78 of 128
Current worst splitting domains lb-rhs (depth):
-0.30738 (6), -0.30721 (6), -0.29449 (5), -0.28459 (5), -0.28008 (6), -0.27746 (6), -0.27236 (5), -0.27216 (5), -0.26685 (7), -0.26645 (5), -0.26371 (7), -0.25911 (8), -0.25722 (8), -0.25306 (7), -0.24440 (5), -0.24430 (7), -0.24391 (10), -0.23942 (11), -0.23749 (9), -0.23632 (9), 
Current (lb-rhs): -0.3073784112930298
8752 domains visited
Length of domains: 766
Cumulative time: 15.653205156326294

BaB round 73
batch: 64
splitting decisions: 
split level 0: [/input-28, 64] [/39, 404] [/input-28, 64] [/44, 559] [/input-28, 64] [/input-28, 29] [/44, 17] [/input-28, 64] [/39, 404] [/input-28, 64] 
best_l after optimization: -0.8881317973136902
beta sum per layer: [0.5641796588897705, 5.966692924499512, 11.927895545959473, 7.915714263916016, 75.96061706542969, 51.269775390625]
alpha/beta optimization time: 0.14496684074401855
pruning_in_iteration open status: True
ratio of positive domain = 68 / 128 = 0.53125
pruning-in-iteration extra time: 0.007281303405761719
Time: get_branching_decision.update_bounds 0.0154    pickout 0.0094    branching_decision 0.0001    decision 0.0001    set_bounds 0.0033    prepare 0.0047    transfer 0.0000    finalize 0.0012    func 0.1973    solve 0.1714    add 0.0007    bab_iteration 0.1849    
Accumulated time: get_branching_decision.update_bounds 0.0154    bab_iteration 15.6314    pickout 0.6362    decision 0.0072    branching_decision 0.0061    set_bounds 0.2134    solve 14.7107    func 14.9046    prepare 0.3382    transfer 0.0008    finalize 0.1155    add 0.0657    
max lb 0.00036513805389404297 min lb -0.06267112493515015
Number of Verified Splits: 68 of 128
Current worst splitting domains lb-rhs (depth):
-0.30738 (6), -0.30721 (6), -0.29449 (5), -0.28459 (5), -0.28008 (6), -0.27746 (6), -0.27236 (5), -0.27216 (5), -0.26685 (7), -0.26645 (5), -0.26371 (7), -0.25911 (8), -0.25722 (8), -0.25306 (7), -0.24440 (5), -0.24430 (7), -0.24391 (10), -0.23942 (11), -0.23749 (9), -0.23632 (9), 
Current (lb-rhs): -0.3073784112930298
8880 domains visited
Length of domains: 762
Cumulative time: 15.864217042922974

BaB round 74
batch: 64
splitting decisions: 
split level 0: [/39, 404] [/input-28, 64] [/input-28, 29] [/input-28, 64] [/input-8, 35] [/input-28, 64] [/input-8, 35] [/input-8, 604] [/input-8, 35] [/44, 37] 
best_l after optimization: -1.205729603767395
beta sum per layer: [0.2741750478744507, 5.271543979644775, 10.838030815124512, 7.910844326019287, 75.00719451904297, 52.79107666015625]
alpha/beta optimization time: 0.13913941383361816
pruning_in_iteration open status: True
ratio of positive domain = 70 / 128 = 0.546875
pruning-in-iteration extra time: 0.007093906402587891
Time: get_branching_decision.update_bounds 0.0154    pickout 0.0095    branching_decision 0.0001    decision 0.0001    set_bounds 0.0031    prepare 0.0049    transfer 0.0000    finalize 0.0013    func 0.1870    solve 0.1973    add 0.0007    bab_iteration 0.2110    
Accumulated time: get_branching_decision.update_bounds 0.0154    bab_iteration 15.8425    pickout 0.6457    decision 0.0073    branching_decision 0.0062    set_bounds 0.2165    solve 14.9080    func 15.0916    prepare 0.3431    transfer 0.0008    finalize 0.1168    add 0.0664    
max lb 9.999999747378752e-05 min lb -0.0580751895904541
Number of Verified Splits: 70 of 128
Current worst splitting domains lb-rhs (depth):
-0.30738 (6), -0.30721 (6), -0.29449 (5), -0.28459 (5), -0.28008 (6), -0.27746 (6), -0.27236 (5), -0.27216 (5), -0.26685 (7), -0.26645 (5), -0.26371 (7), -0.25911 (8), -0.25722 (8), -0.25306 (7), -0.24440 (5), -0.24430 (7), -0.24391 (10), -0.23942 (11), -0.23749 (9), -0.23632 (9), 
Current (lb-rhs): -0.3073784112930298
9008 domains visited
Length of domains: 756
Cumulative time: 16.065025568008423

BaB round 75
batch: 64
splitting decisions: 
split level 0: [/44, 483] [/input-28, 93] [/input-8, 164] [/input-8, 995] [/input, 1672] [/44, 786] [/input-28, 64] [/input-8, 35] [/39, 482] [/input-8, 995] 
best_l after optimization: -1.9165093898773193
beta sum per layer: [0.09789589047431946, 9.887508392333984, 9.036821365356445, 10.32950210571289, 62.092063903808594, 61.10063552856445]
alpha/beta optimization time: 0.15426421165466309
pruning_in_iteration open status: True
ratio of positive domain = 44 / 128 = 0.34375
pruning-in-iteration extra time: 0.006827831268310547
Time: get_branching_decision.update_bounds 0.0154    pickout 0.0092    branching_decision 0.0001    decision 0.0001    set_bounds 0.0031    prepare 0.0049    transfer 0.0000    finalize 0.0020    func 0.2218    solve 0.1871    add 0.0008    bab_iteration 0.2008    
Accumulated time: get_branching_decision.update_bounds 0.0154    bab_iteration 16.0433    pickout 0.6549    decision 0.0074    branching_decision 0.0063    set_bounds 0.2196    solve 15.0950    func 15.3133    prepare 0.3480    transfer 0.0008    finalize 0.1187    add 0.0672    
max lb 9.999999747378752e-05 min lb -0.05822873115539551
Number of Verified Splits: 44 of 128
Current worst splitting domains lb-rhs (depth):
-0.30738 (6), -0.30721 (6), -0.29449 (5), -0.28459 (5), -0.28008 (6), -0.27746 (6), -0.27236 (5), -0.27216 (5), -0.26685 (7), -0.26645 (5), -0.26371 (7), -0.25911 (8), -0.25722 (8), -0.25306 (7), -0.24440 (5), -0.24430 (7), -0.24391 (10), -0.23942 (11), -0.23749 (9), -0.23632 (9), 
Current (lb-rhs): -0.3073784112930298
9136 domains visited
Length of domains: 776
Cumulative time: 16.30033278465271

BaB round 76
batch: 64
splitting decisions: 
split level 0: [/39, 404] [/44, 474] [/44, 474] [/44, 474] [/input, 1412] [/44, 559] [/input-8, 995] [/input-8, 35] [/input-20, 659] [/input-8, 35] 
best_l after optimization: -1.7683197259902954
beta sum per layer: [0.8333072662353516, 10.050256729125977, 8.59384536743164, 9.925044059753418, 64.77088165283203, 59.8604850769043]
alpha/beta optimization time: 0.1632976531982422
pruning_in_iteration open status: True
ratio of positive domain = 36 / 128 = 0.28125
pruning-in-iteration extra time: 0.00840902328491211
Time: get_branching_decision.update_bounds 0.0154    pickout 0.0092    branching_decision 0.0001    decision 0.0001    set_bounds 0.0029    prepare 0.0050    transfer 0.0000    finalize 0.0020    func 0.2343    solve 0.2218    add 0.0009    bab_iteration 0.2353    
Accumulated time: get_branching_decision.update_bounds 0.0154    bab_iteration 16.2786    pickout 0.6641    decision 0.0075    branching_decision 0.0064    set_bounds 0.2225    solve 15.3169    func 15.5477    prepare 0.3530    transfer 0.0008    finalize 0.1207    add 0.0681    
max lb 9.999999747378752e-05 min lb -0.04909998178482056
Number of Verified Splits: 36 of 128
Current worst splitting domains lb-rhs (depth):
-0.30738 (6), -0.30721 (6), -0.29449 (5), -0.28459 (5), -0.28008 (6), -0.27746 (6), -0.27236 (5), -0.27216 (5), -0.26685 (7), -0.26645 (5), -0.26371 (7), -0.25911 (8), -0.25722 (8), -0.25306 (7), -0.24440 (5), -0.24430 (7), -0.24391 (10), -0.23942 (11), -0.23749 (9), -0.23632 (9), 
Current (lb-rhs): -0.3073784112930298
9264 domains visited
Length of domains: 804
Cumulative time: 16.547990798950195

BaB round 77
batch: 64
splitting decisions: 
split level 0: [/input-8, 995] [/44, 474] [/input-20, 908] [/39, 404] [/input-8, 35] [/44, 786] [/input-8, 604] [/44, 474] [/input-8, 35] [/44, 786] 
best_l after optimization: -1.1663193702697754
beta sum per layer: [1.0036814212799072, 8.471912384033203, 8.788908958435059, 7.98660945892334, 65.87002563476562, 61.78044128417969]
alpha/beta optimization time: 0.14986228942871094
pruning_in_iteration open status: True
ratio of positive domain = 51 / 128 = 0.3984375
pruning-in-iteration extra time: 0.0065920352935791016
Time: get_branching_decision.update_bounds 0.0154    pickout 0.0093    branching_decision 0.0001    decision 0.0001    set_bounds 0.0029    prepare 0.0051    transfer 0.0000    finalize 0.0026    func 0.2158    solve 0.2344    add 0.0009    bab_iteration 0.2477    
Accumulated time: get_branching_decision.update_bounds 0.0154    bab_iteration 16.5262    pickout 0.6733    decision 0.0076    branching_decision 0.0064    set_bounds 0.2254    solve 15.5513    func 15.7634    prepare 0.3581    transfer 0.0009    finalize 0.1232    add 0.0690    
max lb 9.999999747378752e-05 min lb -0.04452943801879883
Number of Verified Splits: 51 of 128
Current worst splitting domains lb-rhs (depth):
-0.30738 (6), -0.30721 (6), -0.29449 (5), -0.28459 (5), -0.28008 (6), -0.27746 (6), -0.27236 (5), -0.27216 (5), -0.26685 (7), -0.26645 (5), -0.26371 (7), -0.25911 (8), -0.25722 (8), -0.25306 (7), -0.24440 (5), -0.24430 (7), -0.24391 (10), -0.23942 (11), -0.23749 (9), -0.23632 (9), 
Current (lb-rhs): -0.3073784112930298
9392 domains visited
Length of domains: 817
Cumulative time: 16.777008056640625

BaB round 78
batch: 64
splitting decisions: 
split level 0: [/44, 473] [/input-28, 64] [/input-8, 36] [/input-28, 75] [/input-28, 75] [/44, 537] [/input-8, 35] [/input-8, 35] [/44, 466] [/44, 537] 
best_l after optimization: -0.9282515048980713
beta sum per layer: [1.3176946640014648, 9.616296768188477, 11.48031997680664, 11.208192825317383, 65.28937530517578, 56.72132110595703]
alpha/beta optimization time: 0.1468672752380371
pruning_in_iteration open status: True
ratio of positive domain = 58 / 128 = 0.453125
pruning-in-iteration extra time: 0.007955312728881836
Time: get_branching_decision.update_bounds 0.0154    pickout 0.0098    branching_decision 0.0001    decision 0.0001    set_bounds 0.0035    prepare 0.0058    transfer 0.0000    finalize 0.0014    func 0.2034    solve 0.2158    add 0.0008    bab_iteration 0.2290    
Accumulated time: get_branching_decision.update_bounds 0.0154    bab_iteration 16.7552    pickout 0.6832    decision 0.0076    branching_decision 0.0065    set_bounds 0.2288    solve 15.7670    func 15.9668    prepare 0.3639    transfer 0.0009    finalize 0.1246    add 0.0699    
max lb 9.999999747378752e-05 min lb -0.040393173694610596
Number of Verified Splits: 58 of 128
Current worst splitting domains lb-rhs (depth):
-0.30738 (6), -0.30721 (6), -0.29449 (5), -0.28459 (5), -0.28008 (6), -0.27746 (6), -0.27236 (5), -0.27216 (5), -0.26685 (7), -0.26645 (5), -0.26371 (7), -0.25911 (8), -0.25722 (8), -0.25306 (7), -0.24440 (5), -0.24430 (7), -0.24391 (10), -0.23942 (11), -0.23749 (9), -0.23632 (9), 
Current (lb-rhs): -0.3073784112930298
9520 domains visited
Length of domains: 823
Cumulative time: 16.994784832000732

BaB round 79
batch: 64
splitting decisions: 
split level 0: [/39, 404] [/44, 786] [/39, 404] [/44, 786] [/input-8, 35] [/input-8, 995] [/39, 404] [/44, 537] [/44, 786] [/44, 474] 
best_l after optimization: -0.9754897356033325
beta sum per layer: [0.8062439560890198, 9.930639266967773, 11.30553913116455, 11.007752418518066, 70.73184967041016, 41.78855895996094]
alpha/beta optimization time: 0.14335060119628906
pruning_in_iteration open status: True
ratio of positive domain = 60 / 128 = 0.46875
pruning-in-iteration extra time: 0.007118701934814453
Time: get_branching_decision.update_bounds 0.0154    pickout 0.0092    branching_decision 0.0001    decision 0.0001    set_bounds 0.0032    prepare 0.0048    transfer 0.0000    finalize 0.0024    func 0.1994    solve 0.2034    add 0.0008    bab_iteration 0.2178    
Accumulated time: get_branching_decision.update_bounds 0.0154    bab_iteration 16.9730    pickout 0.6924    decision 0.0077    branching_decision 0.0066    set_bounds 0.2320    solve 15.9704    func 16.1662    prepare 0.3688    transfer 0.0009    finalize 0.1270    add 0.0707    
max lb 9.999999747378752e-05 min lb -0.03604918718338013
Number of Verified Splits: 60 of 128
Current worst splitting domains lb-rhs (depth):
-0.30738 (6), -0.30721 (6), -0.29449 (5), -0.28459 (5), -0.28008 (6), -0.27746 (6), -0.27236 (5), -0.27216 (5), -0.26685 (7), -0.26645 (5), -0.26371 (7), -0.25911 (8), -0.25722 (8), -0.25306 (7), -0.24440 (5), -0.24430 (7), -0.24391 (10), -0.23942 (11), -0.23749 (9), -0.23632 (9), 
Current (lb-rhs): -0.3073784112930298
9648 domains visited
Length of domains: 827
Cumulative time: 17.208348989486694

BaB round 80
batch: 64
splitting decisions: 
split level 0: [/44, 474] [/44, 474] [/39, 659] [/39, 404] [/44, 474] [/39, 659] [/44, 475] [/input-28, 46] [/44, 474] [/44, 474] 
best_l after optimization: -1.0739901065826416
beta sum per layer: [1.0878640413284302, 10.65722942352295, 14.597017288208008, 11.668230056762695, 69.01953887939453, 32.128562927246094]
alpha/beta optimization time: 0.14051008224487305
pruning_in_iteration open status: True
ratio of positive domain = 55 / 128 = 0.4296875
pruning-in-iteration extra time: 0.006509065628051758
Time: get_branching_decision.update_bounds 0.0154    pickout 0.0095    branching_decision 0.0001    decision 0.0001    set_bounds 0.0029    prepare 0.0053    transfer 0.0000    finalize 0.0015    func 0.2068    solve 0.1994    add 0.0015    bab_iteration 0.2136    
Accumulated time: get_branching_decision.update_bounds 0.0154    bab_iteration 17.1866    pickout 0.7019    decision 0.0078    branching_decision 0.0067    set_bounds 0.2348    solve 16.1699    func 16.3730    prepare 0.3741    transfer 0.0009    finalize 0.1286    add 0.0722    
max lb 9.999999747378752e-05 min lb -0.03214669227600098
Number of Verified Splits: 55 of 128
Current worst splitting domains lb-rhs (depth):
-0.30738 (6), -0.30721 (6), -0.29449 (5), -0.28459 (5), -0.28008 (6), -0.27746 (6), -0.27236 (5), -0.27216 (5), -0.26685 (7), -0.26645 (5), -0.26371 (7), -0.25911 (8), -0.25722 (8), -0.25306 (7), -0.24440 (5), -0.24430 (7), -0.24391 (10), -0.23942 (11), -0.23749 (9), -0.23632 (9), 
Current (lb-rhs): -0.3073784112930298
9776 domains visited
Length of domains: 836
Cumulative time: 17.428706407546997

BaB round 81
batch: 64
splitting decisions: 
split level 0: [/input-8, 35] [/input-8, 35] [/44, 559] [/44, 537] [/input-20, 659] [/input-8, 35] [/39, 414] [/39, 732] [/input-8, 35] [/39, 414] 
best_l after optimization: -0.9712353944778442
beta sum per layer: [0.26834845542907715, 12.352071762084961, 11.290118217468262, 5.168920516967773, 61.77301025390625, 34.051822662353516]
alpha/beta optimization time: 0.15188980102539062
pruning_in_iteration open status: True
ratio of positive domain = 44 / 128 = 0.34375
pruning-in-iteration extra time: 0.0071794986724853516
Time: get_branching_decision.update_bounds 0.0154    pickout 0.0092    branching_decision 0.0001    decision 0.0001    set_bounds 0.0032    prepare 0.0048    transfer 0.0000    finalize 0.0023    func 0.2169    solve 0.2069    add 0.0008    bab_iteration 0.2204    
Accumulated time: get_branching_decision.update_bounds 0.0154    bab_iteration 17.4069    pickout 0.7111    decision 0.0079    branching_decision 0.0068    set_bounds 0.2380    solve 16.3768    func 16.5899    prepare 0.3789    transfer 0.0009    finalize 0.1309    add 0.0730    
max lb 9.999999747378752e-05 min lb -0.02859342098236084
Number of Verified Splits: 44 of 128
Current worst splitting domains lb-rhs (depth):
-0.30738 (6), -0.30721 (6), -0.29449 (5), -0.28459 (5), -0.28008 (6), -0.27746 (6), -0.27236 (5), -0.27216 (5), -0.26685 (7), -0.26645 (5), -0.26371 (7), -0.25911 (8), -0.25722 (8), -0.25306 (7), -0.24440 (5), -0.24430 (7), -0.24391 (10), -0.23942 (11), -0.23749 (9), -0.23632 (9), 
Current (lb-rhs): -0.3073784112930298
9904 domains visited
Length of domains: 856
Cumulative time: 17.659172534942627

BaB round 82
batch: 64
splitting decisions: 
split level 0: [/input-20, 908] [/44, 474] [/39, 404] [/44, 474] [/44, 474] [/44, 474] [/44, 474] [/44, 474] [/44, 474] [/44, 474] 
best_l after optimization: -0.6122251749038696
beta sum per layer: [0.0, 10.456259727478027, 8.462671279907227, 0.0026849962305277586, 57.72456359863281, 36.721595764160156]
alpha/beta optimization time: 0.1368098258972168
pruning_in_iteration open status: True
ratio of positive domain = 72 / 128 = 0.5625
pruning-in-iteration extra time: 0.005185127258300781
Time: get_branching_decision.update_bounds 0.0154    pickout 0.0091    branching_decision 0.0001    decision 0.0001    set_bounds 0.0029    prepare 0.0049    transfer 0.0000    finalize 0.0013    func 0.1951    solve 0.2169    add 0.0009    bab_iteration 0.2305    
Accumulated time: get_branching_decision.update_bounds 0.0154    bab_iteration 17.6374    pickout 0.7203    decision 0.0080    branching_decision 0.0068    set_bounds 0.2409    solve 16.5937    func 16.7850    prepare 0.3838    transfer 0.0009    finalize 0.1322    add 0.0739    
max lb 9.999999747378752e-05 min lb -0.02469700574874878
Number of Verified Splits: 72 of 128
Current worst splitting domains lb-rhs (depth):
-0.30738 (6), -0.30721 (6), -0.29449 (5), -0.28459 (5), -0.28008 (6), -0.27746 (6), -0.27236 (5), -0.27216 (5), -0.26685 (7), -0.26645 (5), -0.26371 (7), -0.25911 (8), -0.25722 (8), -0.25306 (7), -0.24440 (5), -0.24430 (7), -0.24391 (10), -0.23942 (11), -0.23749 (9), -0.23632 (9), 
Current (lb-rhs): -0.3073784112930298
10032 domains visited
Length of domains: 848
Cumulative time: 17.867223501205444

BaB round 83
batch: 64
splitting decisions: 
split level 0: [/input-8, 597] [/44, 474] [/44, 474] [/44, 474] [/44, 474] [/44, 474] [/44, 474] [/44, 474] [/39, 732] [/44, 482] 
best_l after optimization: -0.5308327674865723
beta sum per layer: [0.0, 10.720935821533203, 12.960379600524902, 0.088724285364151, 52.69053268432617, 33.18257522583008]
alpha/beta optimization time: 0.1376817226409912
pruning_in_iteration open status: True
ratio of positive domain = 65 / 128 = 0.5078125
pruning-in-iteration extra time: 0.0061872005462646484
Time: get_branching_decision.update_bounds 0.0154    pickout 0.0093    branching_decision 0.0001    decision 0.0001    set_bounds 0.0031    prepare 0.0049    transfer 0.0000    finalize 0.0013    func 0.1885    solve 0.1951    add 0.0007    bab_iteration 0.2080    
Accumulated time: get_branching_decision.update_bounds 0.0154    bab_iteration 17.8454    pickout 0.7296    decision 0.0081    branching_decision 0.0069    set_bounds 0.2440    solve 16.7888    func 16.9735    prepare 0.3886    transfer 0.0009    finalize 0.1335    add 0.0747    
max lb 0.0001881718635559082 min lb -0.02107328176498413
Number of Verified Splits: 65 of 128
Current worst splitting domains lb-rhs (depth):
-0.30738 (6), -0.30721 (6), -0.29449 (5), -0.28459 (5), -0.28008 (6), -0.27746 (6), -0.27236 (5), -0.27216 (5), -0.26685 (7), -0.26645 (5), -0.26371 (7), -0.25911 (8), -0.25722 (8), -0.25306 (7), -0.24440 (5), -0.24430 (7), -0.24391 (10), -0.23942 (11), -0.23749 (9), -0.23632 (9), 
Current (lb-rhs): -0.3073784112930298
10160 domains visited
Length of domains: 847
Cumulative time: 18.06922674179077

BaB round 84
batch: 64
splitting decisions: 
split level 0: [/39, 414] [/44, 474] [/39, 404] [/39, 404] [/input-8, 597] [/39, 404] [/input-8, 597] [/input-8, 597] [/input-8, 597] [/input-8, 597] 
best_l after optimization: -0.36560946702957153
beta sum per layer: [0.2552398145198822, 11.05510425567627, 18.796234130859375, 1.886552095413208, 41.68512725830078, 33.86608123779297]
alpha/beta optimization time: 0.13727235794067383
pruning_in_iteration open status: True
ratio of positive domain = 79 / 128 = 0.6171875
pruning-in-iteration extra time: 0.005562782287597656
Time: get_branching_decision.update_bounds 0.0154    pickout 0.0094    branching_decision 0.0001    decision 0.0001    set_bounds 0.0029    prepare 0.0049    transfer 0.0000    finalize 0.0023    func 0.1924    solve 0.1886    add 0.0008    bab_iteration 0.2020    
Accumulated time: get_branching_decision.update_bounds 0.0154    bab_iteration 18.0474    pickout 0.7390    decision 0.0082    branching_decision 0.0070    set_bounds 0.2469    solve 16.9774    func 17.1658    prepare 0.3935    transfer 0.0009    finalize 0.1358    add 0.0754    
max lb 9.999999747378752e-05 min lb -0.017946183681488037
Number of Verified Splits: 79 of 128
Current worst splitting domains lb-rhs (depth):
-0.30738 (6), -0.30721 (6), -0.29449 (5), -0.28459 (5), -0.28008 (6), -0.27746 (6), -0.27236 (5), -0.27216 (5), -0.26685 (7), -0.26645 (5), -0.26371 (7), -0.25911 (8), -0.25722 (8), -0.25306 (7), -0.24440 (5), -0.24430 (7), -0.24391 (10), -0.23942 (11), -0.23749 (9), -0.23632 (9), 
Current (lb-rhs): -0.3073784112930298
10288 domains visited
Length of domains: 832
Cumulative time: 18.275192975997925

BaB round 85
batch: 64
splitting decisions: 
split level 0: [/39, 732] [/input-8, 35] [/input-8, 35] [/input-8, 35] [/44, 474] [/44, 474] [/44, 474] [/44, 474] [/44, 474] [/44, 474] 
best_l after optimization: -0.34814751148223877
beta sum per layer: [0.0, 14.666546821594238, 12.193970680236816, 0.0, 37.45438003540039, 34.510711669921875]
alpha/beta optimization time: 0.13541913032531738
pruning_in_iteration open status: True
ratio of positive domain = 75 / 128 = 0.5859375
pruning-in-iteration extra time: 0.005548000335693359
Time: get_branching_decision.update_bounds 0.0154    pickout 0.0095    branching_decision 0.0001    decision 0.0001    set_bounds 0.0032    prepare 0.0048    transfer 0.0000    finalize 0.0012    func 0.1852    solve 0.1924    add 0.0010    bab_iteration 0.2060    
Accumulated time: get_branching_decision.update_bounds 0.0154    bab_iteration 18.2534    pickout 0.7485    decision 0.0083    branching_decision 0.0071    set_bounds 0.2501    solve 17.1698    func 17.3510    prepare 0.3983    transfer 0.0009    finalize 0.1370    add 0.0764    
max lb 9.999999747378752e-05 min lb -0.02253246307373047
Number of Verified Splits: 75 of 128
Current worst splitting domains lb-rhs (depth):
-0.30738 (6), -0.30721 (6), -0.29449 (5), -0.28459 (5), -0.28008 (6), -0.27746 (6), -0.27236 (5), -0.27216 (5), -0.26685 (7), -0.26645 (5), -0.26371 (7), -0.25911 (8), -0.25722 (8), -0.25306 (7), -0.24440 (5), -0.24430 (7), -0.24391 (10), -0.23942 (11), -0.23749 (9), -0.23632 (9), 
Current (lb-rhs): -0.3073784112930298
10416 domains visited
Length of domains: 821
Cumulative time: 18.474141597747803

BaB round 86
batch: 64
splitting decisions: 
split level 0: [/39, 404] [/39, 659] [/input-28, 46] [/input-28, 46] [/44, 474] [/input-20, 659] [/44, 537] [/39, 156] [/39, 659] [/input-20, 659] 
best_l after optimization: -0.25507277250289917
beta sum per layer: [0.8634451627731323, 14.327638626098633, 12.977947235107422, 4.747397422790527, 42.853759765625, 32.05469512939453]
alpha/beta optimization time: 0.13222813606262207
pruning_in_iteration open status: True
ratio of positive domain = 82 / 128 = 0.640625
pruning-in-iteration extra time: 0.004615068435668945
Time: get_branching_decision.update_bounds 0.0154    pickout 0.0094    branching_decision 0.0001    decision 0.0001    set_bounds 0.0032    prepare 0.0049    transfer 0.0000    finalize 0.0010    func 0.1825    solve 0.1853    add 0.0008    bab_iteration 0.1989    
Accumulated time: get_branching_decision.update_bounds 0.0154    bab_iteration 18.4523    pickout 0.7579    decision 0.0084    branching_decision 0.0071    set_bounds 0.2533    solve 17.3551    func 17.5335    prepare 0.4032    transfer 0.0010    finalize 0.1380    add 0.0772    
max lb 9.999999747378752e-05 min lb -0.01873070001602173
Number of Verified Splits: 82 of 128
Current worst splitting domains lb-rhs (depth):
-0.30738 (6), -0.30721 (6), -0.29449 (5), -0.28459 (5), -0.28008 (6), -0.27746 (6), -0.27236 (5), -0.27216 (5), -0.26685 (7), -0.26645 (5), -0.26371 (7), -0.25911 (8), -0.25722 (8), -0.25306 (7), -0.24440 (5), -0.24430 (7), -0.24391 (10), -0.23942 (11), -0.23749 (9), -0.23632 (9), 
Current (lb-rhs): -0.3073784112930298
10544 domains visited
Length of domains: 803
Cumulative time: 18.670206785202026

BaB round 87
batch: 64
splitting decisions: 
split level 0: [/44, 786] [/44, 786] [/44, 466] [/input-8, 35] [/44, 559] [/input-8, 35] [/input-8, 35] [/39, 883] [/input-8, 35] [/input-20, 653] 
best_l after optimization: -0.45145589113235474
beta sum per layer: [1.0250804424285889, 13.708667755126953, 13.572001457214355, 7.100194931030273, 47.96498107910156, 35.358489990234375]
alpha/beta optimization time: 0.1404123306274414
pruning_in_iteration open status: True
ratio of positive domain = 68 / 128 = 0.53125
pruning-in-iteration extra time: 0.005645751953125
Time: get_branching_decision.update_bounds 0.0154    pickout 0.0096    branching_decision 0.0001    decision 0.0001    set_bounds 0.0034    prepare 0.0048    transfer 0.0000    finalize 0.0022    func 0.1986    solve 0.1825    add 0.0007    bab_iteration 0.1961    
Accumulated time: get_branching_decision.update_bounds 0.0154    bab_iteration 18.6484    pickout 0.7675    decision 0.0085    branching_decision 0.0072    set_bounds 0.2566    solve 17.5376    func 17.7320    prepare 0.4080    transfer 0.0010    finalize 0.1402    add 0.0779    
max lb 9.999999747378752e-05 min lb -0.03934526443481445
Number of Verified Splits: 68 of 128
Current worst splitting domains lb-rhs (depth):
-0.30738 (6), -0.30721 (6), -0.29449 (5), -0.28459 (5), -0.28008 (6), -0.27746 (6), -0.27236 (5), -0.27216 (5), -0.26685 (7), -0.26645 (5), -0.26371 (7), -0.25911 (8), -0.25722 (8), -0.25306 (7), -0.24440 (5), -0.24430 (7), -0.24391 (10), -0.23942 (11), -0.23749 (9), -0.23632 (9), 
Current (lb-rhs): -0.3073784112930298
10672 domains visited
Length of domains: 799
Cumulative time: 18.882943630218506

BaB round 88
batch: 64
splitting decisions: 
split level 0: [/input-28, 46] [/44, 474] [/44, 537] [/39, 164] [/input-8, 35] [/39, 404] [/39, 404] [/44, 786] [/39, 659] [/39, 404] 
best_l after optimization: -0.3439464271068573
beta sum per layer: [0.8076329827308655, 10.546927452087402, 13.048481941223145, 7.451023578643799, 59.989158630371094, 34.99259948730469]
alpha/beta optimization time: 0.15157556533813477
pruning_in_iteration open status: True
ratio of positive domain = 75 / 128 = 0.5859375
pruning-in-iteration extra time: 0.0052051544189453125
Time: get_branching_decision.update_bounds 0.0154    pickout 0.0101    branching_decision 0.0001    decision 0.0001    set_bounds 0.0031    prepare 0.0049    transfer 0.0000    finalize 0.0011    func 0.1979    solve 0.1986    add 0.0009    bab_iteration 0.2127    
Accumulated time: get_branching_decision.update_bounds 0.0154    bab_iteration 18.8611    pickout 0.7776    decision 0.0086    branching_decision 0.0073    set_bounds 0.2597    solve 17.7362    func 17.9300    prepare 0.4130    transfer 0.0010    finalize 0.1413    add 0.0788    
max lb 0.00023698806762695312 min lb -0.0350341796875
Number of Verified Splits: 75 of 128
Current worst splitting domains lb-rhs (depth):
-0.30738 (6), -0.30721 (6), -0.29449 (5), -0.28459 (5), -0.28008 (6), -0.27746 (6), -0.27236 (5), -0.27216 (5), -0.26685 (7), -0.26645 (5), -0.26371 (7), -0.25911 (8), -0.25722 (8), -0.25306 (7), -0.24440 (5), -0.24430 (7), -0.24391 (10), -0.23942 (11), -0.23749 (9), -0.23632 (9), 
Current (lb-rhs): -0.3073784112930298
10800 domains visited
Length of domains: 788
Cumulative time: 19.095110416412354

BaB round 89
batch: 64
splitting decisions: 
split level 0: [/39, 482] [/44, 1001] [/44, 474] [/44, 37] [/input-28, 75] [/input-28, 46] [/44, 474] [/44, 537] [/input-28, 46] [/44, 474] 
best_l after optimization: -0.5408998727798462
beta sum per layer: [0.4345241189002991, 10.42702865600586, 11.803945541381836, 8.983383178710938, 61.95466995239258, 38.042659759521484]
alpha/beta optimization time: 0.1460714340209961
pruning_in_iteration open status: True
ratio of positive domain = 78 / 128 = 0.609375
pruning-in-iteration extra time: 0.004985809326171875
Time: get_branching_decision.update_bounds 0.0154    pickout 0.0096    branching_decision 0.0001    decision 0.0001    set_bounds 0.0033    prepare 0.0049    transfer 0.0000    finalize 0.0011    func 0.1951    solve 0.1980    add 0.0007    bab_iteration 0.2122    
Accumulated time: get_branching_decision.update_bounds 0.0154    bab_iteration 19.0733    pickout 0.7872    decision 0.0087    branching_decision 0.0074    set_bounds 0.2630    solve 17.9342    func 18.1251    prepare 0.4178    transfer 0.0010    finalize 0.1424    add 0.0795    
max lb 9.999999747378752e-05 min lb -0.04405790567398071
Number of Verified Splits: 78 of 128
Current worst splitting domains lb-rhs (depth):
-0.30738 (6), -0.30721 (6), -0.29449 (5), -0.28459 (5), -0.28008 (6), -0.27746 (6), -0.27236 (5), -0.27216 (5), -0.26685 (7), -0.26645 (5), -0.26371 (7), -0.25911 (8), -0.25722 (8), -0.25306 (7), -0.24440 (5), -0.24430 (7), -0.24391 (10), -0.23942 (11), -0.23749 (9), -0.23632 (9), 
Current (lb-rhs): -0.3073784112930298
10928 domains visited
Length of domains: 774
Cumulative time: 19.30407452583313

BaB round 90
batch: 64
splitting decisions: 
split level 0: [/44, 537] [/44, 474] [/44, 474] [/input-28, 75] [/44, 786] [/input-20, 653] [/44, 786] [/44, 786] [/input-8, 35] [/44, 786] 
best_l after optimization: -1.0165045261383057
beta sum per layer: [0.9665731191635132, 12.648468971252441, 14.36461067199707, 15.678205490112305, 63.64536666870117, 39.23960876464844]
alpha/beta optimization time: 0.13512587547302246
pruning_in_iteration open status: True
ratio of positive domain = 72 / 128 = 0.5625
pruning-in-iteration extra time: 0.005280733108520508
Time: get_branching_decision.update_bounds 0.0154    pickout 0.0101    branching_decision 0.0002    decision 0.0002    set_bounds 0.0037    prepare 0.0049    transfer 0.0000    finalize 0.0012    func 0.1833    solve 0.1951    add 0.0007    bab_iteration 0.2090    
Accumulated time: get_branching_decision.update_bounds 0.0154    bab_iteration 19.2823    pickout 0.7973    decision 0.0089    branching_decision 0.0075    set_bounds 0.2667    solve 18.1293    func 18.3084    prepare 0.4228    transfer 0.0010    finalize 0.1436    add 0.0802    
max lb 9.999999747378752e-05 min lb -0.03970003128051758
Number of Verified Splits: 72 of 128
Current worst splitting domains lb-rhs (depth):
-0.30738 (6), -0.30721 (6), -0.29449 (5), -0.28459 (5), -0.28008 (6), -0.27746 (6), -0.27236 (5), -0.27216 (5), -0.26685 (7), -0.26645 (5), -0.26371 (7), -0.25911 (8), -0.25722 (8), -0.25306 (7), -0.24440 (5), -0.24430 (7), -0.24391 (10), -0.23942 (11), -0.23749 (9), -0.23632 (9), 
Current (lb-rhs): -0.3073784112930298
11056 domains visited
Length of domains: 766
Cumulative time: 19.502230882644653

BaB round 91
batch: 64
splitting decisions: 
split level 0: [/input, 1412] [/input-28, 46] [/input-8, 995] [/input-8, 36] [/44, 1001] [/44, 559] [/input-8, 995] [/44, 474] [/44, 786] [/input-8, 35] 
best_l after optimization: -1.4068111181259155
beta sum per layer: [1.1046767234802246, 19.032150268554688, 19.92913818359375, 23.924869537353516, 65.0790786743164, 32.52044677734375]
alpha/beta optimization time: 0.16128182411193848
pruning_in_iteration open status: True
ratio of positive domain = 41 / 128 = 0.3203125
pruning-in-iteration extra time: 0.007343292236328125
Time: get_branching_decision.update_bounds 0.0154    pickout 0.0097    branching_decision 0.0001    decision 0.0001    set_bounds 0.0033    prepare 0.0049    transfer 0.0000    finalize 0.0018    func 0.2290    solve 0.1833    add 0.0007    bab_iteration 0.1982    
Accumulated time: get_branching_decision.update_bounds 0.0154    bab_iteration 19.4804    pickout 0.8070    decision 0.0090    branching_decision 0.0076    set_bounds 0.2700    solve 18.3127    func 18.5374    prepare 0.4277    transfer 0.0010    finalize 0.1454    add 0.0809    
max lb 9.999999747378752e-05 min lb -0.042529523372650146
Number of Verified Splits: 41 of 128
Current worst splitting domains lb-rhs (depth):
-0.30738 (6), -0.30721 (6), -0.29449 (5), -0.28459 (5), -0.28008 (6), -0.27746 (6), -0.27236 (5), -0.27216 (5), -0.26685 (7), -0.26645 (5), -0.26371 (7), -0.25911 (8), -0.25722 (8), -0.25306 (7), -0.24440 (5), -0.24430 (7), -0.24391 (10), -0.23942 (11), -0.23749 (9), -0.23632 (9), 
Current (lb-rhs): -0.3073784112930298
11184 domains visited
Length of domains: 789
Cumulative time: 19.745544910430908

BaB round 92
batch: 64
splitting decisions: 
split level 0: [/input-8, 35] [/39, 883] [/44, 786] [/input-8, 604] [/39, 404] [/39, 404] [/input-8, 35] [/input-8, 740] [/39, 229] [/input-20, 476] 
best_l after optimization: -1.1970049142837524
beta sum per layer: [1.9110697507858276, 18.318971633911133, 22.801712036132812, 25.913497924804688, 64.70573425292969, 27.262622833251953]
alpha/beta optimization time: 0.14905428886413574
pruning_in_iteration open status: True
ratio of positive domain = 50 / 128 = 0.390625
pruning-in-iteration extra time: 0.0071544647216796875
Time: get_branching_decision.update_bounds 0.0154    pickout 0.0096    branching_decision 0.0001    decision 0.0001    set_bounds 0.0031    prepare 0.0050    transfer 0.0000    finalize 0.0017    func 0.2174    solve 0.2290    add 0.0010    bab_iteration 0.2433    
Accumulated time: get_branching_decision.update_bounds 0.0154    bab_iteration 19.7237    pickout 0.8165    decision 0.0091    branching_decision 0.0077    set_bounds 0.2730    solve 18.5417    func 18.7547    prepare 0.4326    transfer 0.0010    finalize 0.1471    add 0.0819    
max lb 9.999999747378752e-05 min lb -0.03810000419616699
Number of Verified Splits: 50 of 128
Current worst splitting domains lb-rhs (depth):
-0.30738 (6), -0.30721 (6), -0.29449 (5), -0.28459 (5), -0.28008 (6), -0.27746 (6), -0.27236 (5), -0.27216 (5), -0.26685 (7), -0.26645 (5), -0.26371 (7), -0.25911 (8), -0.25722 (8), -0.25306 (7), -0.24440 (5), -0.24430 (7), -0.24391 (10), -0.23942 (11), -0.23749 (9), -0.23632 (9), 
Current (lb-rhs): -0.3073784112930298
11312 domains visited
Length of domains: 803
Cumulative time: 19.976674556732178

BaB round 93
batch: 64
splitting decisions: 
split level 0: [/input-28, 46] [/input-28, 46] [/input-20, 659] [/44, 474] [/input, 1412] [/input-20, 484] [/input-28, 75] [/39, 659] [/44, 537] [/input-8, 597] 
best_l after optimization: -0.8511643409729004
beta sum per layer: [0.5286361575126648, 15.557619094848633, 21.141748428344727, 20.216466903686523, 63.6187858581543, 28.924278259277344]
alpha/beta optimization time: 0.14502358436584473
pruning_in_iteration open status: True
ratio of positive domain = 59 / 128 = 0.4609375
pruning-in-iteration extra time: 0.006480693817138672
Time: get_branching_decision.update_bounds 0.0154    pickout 0.0098    branching_decision 0.0001    decision 0.0001    set_bounds 0.0031    prepare 0.0050    transfer 0.0000    finalize 0.0014    func 0.2078    solve 0.2174    add 0.0008    bab_iteration 0.2311    
Accumulated time: get_branching_decision.update_bounds 0.0154    bab_iteration 19.9549    pickout 0.8263    decision 0.0092    branching_decision 0.0078    set_bounds 0.2762    solve 18.7591    func 18.9626    prepare 0.4376    transfer 0.0010    finalize 0.1484    add 0.0828    
max lb 9.999999747378752e-05 min lb -0.03385734558105469
Number of Verified Splits: 59 of 128
Current worst splitting domains lb-rhs (depth):
-0.30738 (6), -0.30721 (6), -0.29449 (5), -0.28459 (5), -0.28008 (6), -0.27746 (6), -0.27236 (5), -0.27216 (5), -0.26685 (7), -0.26645 (5), -0.26371 (7), -0.25911 (8), -0.25722 (8), -0.25306 (7), -0.24440 (5), -0.24430 (7), -0.24391 (10), -0.23942 (11), -0.23749 (9), -0.23632 (9), 
Current (lb-rhs): -0.3073784112930298
11440 domains visited
Length of domains: 808
Cumulative time: 20.199091911315918

BaB round 94
batch: 64
splitting decisions: 
split level 0: [/39, 883] [/44, 474] [/44, 474] [/input, 1412] [/input-20, 987] [/44, 474] [/44, 474] [/input-8, 35] [/44, 786] [/44, 474] 
best_l after optimization: -0.657271683216095
beta sum per layer: [0.29627737402915955, 16.68408966064453, 17.59400749206543, 17.715957641601562, 56.45671463012695, 28.652299880981445]
alpha/beta optimization time: 0.1352980136871338
pruning_in_iteration open status: True
ratio of positive domain = 67 / 128 = 0.5234375
pruning-in-iteration extra time: 0.005502462387084961
Time: get_branching_decision.update_bounds 0.0154    pickout 0.0094    branching_decision 0.0001    decision 0.0001    set_bounds 0.0029    prepare 0.0051    transfer 0.0000    finalize 0.0014    func 0.1865    solve 0.2079    add 0.0014    bab_iteration 0.2224    
Accumulated time: get_branching_decision.update_bounds 0.0154    bab_iteration 20.1773    pickout 0.8357    decision 0.0093    branching_decision 0.0079    set_bounds 0.2790    solve 18.9670    func 19.1491    prepare 0.4427    transfer 0.0010    finalize 0.1498    add 0.0841    
max lb 9.999999747378752e-05 min lb -0.029535412788391113
Number of Verified Splits: 67 of 128
Current worst splitting domains lb-rhs (depth):
-0.30738 (6), -0.30721 (6), -0.29449 (5), -0.28459 (5), -0.28008 (6), -0.27746 (6), -0.27236 (5), -0.27216 (5), -0.26685 (7), -0.26645 (5), -0.26371 (7), -0.25911 (8), -0.25722 (8), -0.25306 (7), -0.24440 (5), -0.24430 (7), -0.24391 (10), -0.23942 (11), -0.23749 (9), -0.23632 (9), 
Current (lb-rhs): -0.3073784112930298
11568 domains visited
Length of domains: 805
Cumulative time: 20.3988995552063

BaB round 95
batch: 64
splitting decisions: 
split level 0: [/44, 474] [/input-8, 35] [/input-8, 35] [/input-8, 740] [/39, 164] [/input-8, 869] [/44, 474] [/input-8, 740] [/input-8, 869] [/44, 474] 
best_l after optimization: -0.6336863040924072
beta sum per layer: [0.31923508644104004, 17.572513580322266, 16.23222541809082, 13.482179641723633, 51.35430145263672, 29.910995483398438]
alpha/beta optimization time: 0.13240647315979004
pruning_in_iteration open status: True
ratio of positive domain = 64 / 128 = 0.5
pruning-in-iteration extra time: 0.005774736404418945
Time: get_branching_decision.update_bounds 0.0154    pickout 0.0099    branching_decision 0.0001    decision 0.0001    set_bounds 0.0029    prepare 0.0048    transfer 0.0000    finalize 0.0013    func 0.1854    solve 0.1866    add 0.0008    bab_iteration 0.1998    
Accumulated time: get_branching_decision.update_bounds 0.0154    bab_iteration 20.3771    pickout 0.8456    decision 0.0093    branching_decision 0.0080    set_bounds 0.2819    solve 19.1536    func 19.3345    prepare 0.4475    transfer 0.0011    finalize 0.1511    add 0.0849    
max lb 9.999999747378752e-05 min lb -0.025517702102661133
Number of Verified Splits: 64 of 128
Current worst splitting domains lb-rhs (depth):
-0.30738 (6), -0.30721 (6), -0.29449 (5), -0.28459 (5), -0.28008 (6), -0.27746 (6), -0.27236 (5), -0.27216 (5), -0.26685 (7), -0.26645 (5), -0.26371 (7), -0.25911 (8), -0.25722 (8), -0.25306 (7), -0.24440 (5), -0.24430 (7), -0.24391 (10), -0.23942 (11), -0.23749 (9), -0.23632 (9), 
Current (lb-rhs): -0.3073784112930298
11696 domains visited
Length of domains: 805
Cumulative time: 20.598256826400757

BaB round 96
batch: 64
splitting decisions: 
split level 0: [/44, 474] [/input, 1412] [/39, 883] [/39, 229] [/input, 1412] [/input, 1143] [/44, 466] [/39, 883] [/input-8, 35] [/input-8, 35] 
best_l after optimization: -0.5308583974838257
beta sum per layer: [0.5281244516372681, 18.799644470214844, 18.861957550048828, 16.34576988220215, 46.10591506958008, 29.96048355102539]
alpha/beta optimization time: 0.13439726829528809
pruning_in_iteration open status: True
ratio of positive domain = 65 / 128 = 0.5078125
pruning-in-iteration extra time: 0.005460023880004883
Time: get_branching_decision.update_bounds 0.0154    pickout 0.0094    branching_decision 0.0001    decision 0.0001    set_bounds 0.0028    prepare 0.0048    transfer 0.0000    finalize 0.0013    func 0.1909    solve 0.1855    add 0.0009    bab_iteration 0.1994    
Accumulated time: get_branching_decision.update_bounds 0.0154    bab_iteration 20.5764    pickout 0.8550    decision 0.0094    branching_decision 0.0080    set_bounds 0.2847    solve 19.3391    func 19.5254    prepare 0.4523    transfer 0.0011    finalize 0.1523    add 0.0858    
max lb 9.999999747378752e-05 min lb -0.022270798683166504
Number of Verified Splits: 65 of 128
Current worst splitting domains lb-rhs (depth):
-0.30738 (6), -0.30721 (6), -0.29449 (5), -0.28459 (5), -0.28008 (6), -0.27746 (6), -0.27236 (5), -0.27216 (5), -0.26685 (7), -0.26645 (5), -0.26371 (7), -0.25911 (8), -0.25722 (8), -0.25306 (7), -0.24440 (5), -0.24430 (7), -0.24391 (10), -0.23942 (11), -0.23749 (9), -0.23632 (9), 
Current (lb-rhs): -0.3073784112930298
11824 domains visited
Length of domains: 804
Cumulative time: 20.802337884902954

BaB round 97
batch: 64
splitting decisions: 
split level 0: [/input-8, 597] [/39, 229] [/39, 229] [/39, 229] [/44, 537] [/39, 229] [/44, 474] [/44, 474] [/39, 404] [/39, 404] 
best_l after optimization: -0.386931836605072
beta sum per layer: [0.35702744126319885, 17.338449478149414, 17.951740264892578, 14.960639953613281, 43.6447639465332, 28.68828582763672]
alpha/beta optimization time: 0.15033507347106934
pruning_in_iteration open status: True
ratio of positive domain = 65 / 128 = 0.5078125
pruning-in-iteration extra time: 0.006378889083862305
Time: get_branching_decision.update_bounds 0.0154    pickout 0.0098    branching_decision 0.0001    decision 0.0001    set_bounds 0.0032    prepare 0.0049    transfer 0.0000    finalize 0.0013    func 0.2025    solve 0.1909    add 0.0007    bab_iteration 0.2041    
Accumulated time: get_branching_decision.update_bounds 0.0154    bab_iteration 20.7805    pickout 0.8648    decision 0.0095    branching_decision 0.0081    set_bounds 0.2879    solve 19.5300    func 19.7280    prepare 0.4572    transfer 0.0011    finalize 0.1536    add 0.0865    
max lb 9.999999747378752e-05 min lb -0.018459320068359375
Number of Verified Splits: 65 of 128
Current worst splitting domains lb-rhs (depth):
-0.30738 (6), -0.30721 (6), -0.29449 (5), -0.28459 (5), -0.28008 (6), -0.27746 (6), -0.27236 (5), -0.27216 (5), -0.26685 (7), -0.26645 (5), -0.26371 (7), -0.25911 (8), -0.25722 (8), -0.25306 (7), -0.24440 (5), -0.24430 (7), -0.24391 (10), -0.23942 (11), -0.23749 (9), -0.23632 (9), 
Current (lb-rhs): -0.3073784112930298
11952 domains visited
Length of domains: 803
Cumulative time: 21.018922328948975

BaB round 98
batch: 64
splitting decisions: 
split level 0: [/44, 475] [/44, 474] [/39, 659] [/39, 659] [/39, 659] [/input, 1688] [/39, 659] [/input-20, 659] [/input-20, 659] [/44, 473] 
best_l after optimization: -0.22001972794532776
beta sum per layer: [0.1823066771030426, 15.537500381469727, 19.493261337280273, 16.66386604309082, 43.804779052734375, 29.035707473754883]
alpha/beta optimization time: 0.1423184871673584
pruning_in_iteration open status: True
ratio of positive domain = 84 / 128 = 0.65625
pruning-in-iteration extra time: 0.004851818084716797
Time: get_branching_decision.update_bounds 0.0154    pickout 0.0101    branching_decision 0.0001    decision 0.0001    set_bounds 0.0032    prepare 0.0049    transfer 0.0000    finalize 0.0010    func 0.1885    solve 0.2026    add 0.0008    bab_iteration 0.2166    
Accumulated time: get_branching_decision.update_bounds 0.0154    bab_iteration 20.9971    pickout 0.8748    decision 0.0096    branching_decision 0.0082    set_bounds 0.2911    solve 19.7326    func 19.9164    prepare 0.4621    transfer 0.0011    finalize 0.1546    add 0.0872    
max lb 9.999999747378752e-05 min lb -0.014888405799865723
Number of Verified Splits: 84 of 128
Current worst splitting domains lb-rhs (depth):
-0.30738 (6), -0.30721 (6), -0.29449 (5), -0.28459 (5), -0.28008 (6), -0.27746 (6), -0.27236 (5), -0.27216 (5), -0.26685 (7), -0.26645 (5), -0.26371 (7), -0.25911 (8), -0.25722 (8), -0.25306 (7), -0.24440 (5), -0.24430 (7), -0.24391 (10), -0.23942 (11), -0.23749 (9), -0.23632 (9), 
Current (lb-rhs): -0.3073784112930298
12080 domains visited
Length of domains: 783
Cumulative time: 21.221663236618042

BaB round 99
batch: 64
splitting decisions: 
split level 0: [/input-28, 75] [/39, 404] [/39, 404] [/44, 475] [/44, 474] [/39, 404] [/39, 659] [/44, 474] [/44, 474] [/39, 482] 
best_l after optimization: -0.42685115337371826
beta sum per layer: [1.3324124813079834, 21.315153121948242, 22.81855010986328, 30.063915252685547, 47.77489471435547, 25.488872528076172]
alpha/beta optimization time: 0.13832402229309082
pruning_in_iteration open status: True
ratio of positive domain = 77 / 128 = 0.6015625
pruning-in-iteration extra time: 0.005452156066894531
Time: get_branching_decision.update_bounds 0.0154    pickout 0.0097    branching_decision 0.0001    decision 0.0001    set_bounds 0.0031    prepare 0.0051    transfer 0.0000    finalize 0.0022    func 0.1885    solve 0.1885    add 0.0007    bab_iteration 0.2027    
Accumulated time: get_branching_decision.update_bounds 0.0154    bab_iteration 21.1998    pickout 0.8846    decision 0.0097    branching_decision 0.0083    set_bounds 0.2942    solve 19.9211    func 20.1049    prepare 0.4672    transfer 0.0011    finalize 0.1568    add 0.0879    
max lb 0.00019669532775878906 min lb -0.03146606683731079
Number of Verified Splits: 77 of 128
Current worst splitting domains lb-rhs (depth):
-0.30738 (6), -0.30721 (6), -0.29449 (5), -0.28459 (5), -0.28008 (6), -0.27746 (6), -0.27236 (5), -0.27216 (5), -0.26685 (7), -0.26645 (5), -0.26371 (7), -0.25911 (8), -0.25722 (8), -0.25306 (7), -0.24440 (5), -0.24430 (7), -0.24391 (10), -0.23942 (11), -0.23749 (9), -0.23632 (9), 
Current (lb-rhs): -0.3073784112930298
12208 domains visited
Length of domains: 770
Cumulative time: 21.424176692962646

BaB round 100
batch: 64
splitting decisions: 
split level 0: [/input-20, 653] [/39, 404] [/39, 404] [/44, 786] [/39, 404] [/input-20, 659] [/input-8, 597] [/input-8, 35] [/39, 482] [/input-8, 35] 
best_l after optimization: -0.43341827392578125
beta sum per layer: [2.3051722049713135, 24.35861587524414, 23.90938377380371, 31.884286880493164, 51.13753890991211, 27.148395538330078]
alpha/beta optimization time: 0.133070707321167
pruning_in_iteration open status: True
ratio of positive domain = 78 / 128 = 0.609375
pruning-in-iteration extra time: 0.005320072174072266
Time: get_branching_decision.update_bounds 0.0154    pickout 0.0106    branching_decision 0.0001    decision 0.0001    set_bounds 0.0031    prepare 0.0051    transfer 0.0000    finalize 0.0011    func 0.1815    solve 0.1885    add 0.0009    bab_iteration 0.2025    
Accumulated time: get_branching_decision.update_bounds 0.0154    bab_iteration 21.4024    pickout 0.8952    decision 0.0098    branching_decision 0.0084    set_bounds 0.2974    solve 20.1096    func 20.2864    prepare 0.4723    transfer 0.0011    finalize 0.1579    add 0.0888    
max lb 0.0003790855407714844 min lb -0.0271071195602417
Number of Verified Splits: 78 of 128
Current worst splitting domains lb-rhs (depth):
-0.30738 (6), -0.30721 (6), -0.29449 (5), -0.28459 (5), -0.28008 (6), -0.27746 (6), -0.27236 (5), -0.27216 (5), -0.26685 (7), -0.26645 (5), -0.26371 (7), -0.25911 (8), -0.25722 (8), -0.25306 (7), -0.24440 (5), -0.24430 (7), -0.24391 (10), -0.23942 (11), -0.23749 (9), -0.23632 (9), 
Current (lb-rhs): -0.3073784112930298
12336 domains visited
Length of domains: 756
Cumulative time: 21.620457410812378

BaB round 101
batch: 64
splitting decisions: 
split level 0: [/input-8, 995] [/44, 559] [/input-8, 292] [/input-8, 28] [/input-28, 29] [/44, 656] [/input-8, 35] [/input, 1412] [/44, 474] [/input-8, 35] 
best_l after optimization: -0.83478182554245
beta sum per layer: [2.1775975227355957, 22.331933975219727, 22.98502540588379, 31.904460906982422, 49.424842834472656, 34.35649108886719]
alpha/beta optimization time: 0.1399707794189453
pruning_in_iteration open status: True
ratio of positive domain = 66 / 128 = 0.515625
pruning-in-iteration extra time: 0.005805015563964844
Time: get_branching_decision.update_bounds 0.0154    pickout 0.0100    branching_decision 0.0001    decision 0.0001    set_bounds 0.0039    prepare 0.0050    transfer 0.0000    finalize 0.0024    func 0.1998    solve 0.1816    add 0.0007    bab_iteration 0.1963    
Accumulated time: get_branching_decision.update_bounds 0.0154    bab_iteration 21.5986    pickout 0.9052    decision 0.0099    branching_decision 0.0085    set_bounds 0.3013    solve 20.2912    func 20.4862    prepare 0.4773    transfer 0.0011    finalize 0.1602    add 0.0895    
max lb 0.0012502670288085938 min lb -0.05391955375671387
Number of Verified Splits: 66 of 128
Current worst splitting domains lb-rhs (depth):
-0.30738 (6), -0.30721 (6), -0.29449 (5), -0.28459 (5), -0.28008 (6), -0.27746 (6), -0.27236 (5), -0.27216 (5), -0.26685 (7), -0.26645 (5), -0.26371 (7), -0.25911 (8), -0.25722 (8), -0.25306 (7), -0.24440 (5), -0.24430 (7), -0.24391 (10), -0.23942 (11), -0.23749 (9), -0.23632 (9), 
Current (lb-rhs): -0.3073784112930298
12464 domains visited
Length of domains: 754
Cumulative time: 21.83528447151184

BaB round 102
batch: 64
splitting decisions: 
split level 0: [/input-20, 484] [/input-8, 995] [/input-8, 36] [/input-8, 604] [/input-28, 75] [/input-28, 64] [/39, 482] [/44, 1001] [/44, 37] [/44, 212] 
best_l after optimization: -1.1440198421478271
beta sum per layer: [1.7916929721832275, 19.982046127319336, 20.65655517578125, 26.709075927734375, 54.23295974731445, 35.76803970336914]
alpha/beta optimization time: 0.13397526741027832
pruning_in_iteration open status: True
ratio of positive domain = 62 / 128 = 0.484375
pruning-in-iteration extra time: 0.005889892578125
Time: get_branching_decision.update_bounds 0.0154    pickout 0.0107    branching_decision 0.0001    decision 0.0001    set_bounds 0.0031    prepare 0.0052    transfer 0.0000    finalize 0.0027    func 0.1910    solve 0.1998    add 0.0008    bab_iteration 0.2148    
Accumulated time: get_branching_decision.update_bounds 0.0154    bab_iteration 21.8134    pickout 0.9159    decision 0.0100    branching_decision 0.0086    set_bounds 0.3044    solve 20.4910    func 20.6772    prepare 0.4825    transfer 0.0011    finalize 0.1630    add 0.0903    
max lb 0.00010061264038085938 min lb -0.07677090167999268
Number of Verified Splits: 62 of 128
Current worst splitting domains lb-rhs (depth):
-0.30738 (6), -0.30721 (6), -0.29449 (5), -0.28459 (5), -0.28008 (6), -0.27746 (6), -0.27236 (5), -0.27216 (5), -0.26685 (7), -0.26645 (5), -0.26371 (7), -0.25911 (8), -0.25722 (8), -0.25306 (7), -0.24440 (5), -0.24430 (7), -0.24391 (10), -0.23942 (11), -0.23749 (9), -0.23632 (9), 
Current (lb-rhs): -0.3073784112930298
12592 domains visited
Length of domains: 756
Cumulative time: 22.041905641555786

BaB round 103
batch: 64
splitting decisions: 
split level 0: [/input-28, 64] [/input-8, 35] [/39, 412] [/input-8, 36] [/input, 1412] [/input-28, 75] [/39, 156] [/39, 404] [/39, 404] [/39, 229] 
best_l after optimization: -1.0978707075119019
beta sum per layer: [1.9541970491409302, 20.865982055664062, 23.646987915039062, 29.697372436523438, 47.77283477783203, 36.06980895996094]
alpha/beta optimization time: 0.14811444282531738
pruning_in_iteration open status: True
ratio of positive domain = 68 / 128 = 0.53125
pruning-in-iteration extra time: 0.006995439529418945
Time: get_branching_decision.update_bounds 0.0154    pickout 0.0112    branching_decision 0.0001    decision 0.0001    set_bounds 0.0032    prepare 0.0055    transfer 0.0000    finalize 0.0014    func 0.1978    solve 0.1911    add 0.0014    bab_iteration 0.2066    
Accumulated time: get_branching_decision.update_bounds 0.0154    bab_iteration 22.0200    pickout 0.9271    decision 0.0101    branching_decision 0.0086    set_bounds 0.3076    solve 20.6821    func 20.8750    prepare 0.4880    transfer 0.0011    finalize 0.1644    add 0.0917    
max lb 9.999999747378752e-05 min lb -0.06519818305969238
Number of Verified Splits: 68 of 128
Current worst splitting domains lb-rhs (depth):
-0.30738 (6), -0.30721 (6), -0.29449 (5), -0.28459 (5), -0.28008 (6), -0.27746 (6), -0.27236 (5), -0.27216 (5), -0.26685 (7), -0.26645 (5), -0.26371 (7), -0.25911 (8), -0.25722 (8), -0.25306 (7), -0.24440 (5), -0.24430 (7), -0.24391 (10), -0.23942 (11), -0.23749 (9), -0.23632 (9), 
Current (lb-rhs): -0.3073784112930298
12720 domains visited
Length of domains: 752
Cumulative time: 22.255144596099854

BaB round 104
batch: 64
splitting decisions: 
split level 0: [/44, 483] [/39, 434] [/input-28, 75] [/44, 483] [/input-8, 35] [/39, 482] [/input-8, 35] [/44, 37] [/input, 1143] [/39, 659] 
best_l after optimization: -1.5565407276153564
beta sum per layer: [1.7340762615203857, 18.532089233398438, 25.048683166503906, 36.53166961669922, 44.47399139404297, 36.81281280517578]
alpha/beta optimization time: 0.14026474952697754
pruning_in_iteration open status: True
ratio of positive domain = 55 / 128 = 0.4296875
pruning-in-iteration extra time: 0.006270408630371094
Time: get_branching_decision.update_bounds 0.0154    pickout 0.0097    branching_decision 0.0001    decision 0.0001    set_bounds 0.0032    prepare 0.0050    transfer 0.0000    finalize 0.0015    func 0.2015    solve 0.1979    add 0.0007    bab_iteration 0.2132    
Accumulated time: get_branching_decision.update_bounds 0.0154    bab_iteration 22.2333    pickout 0.9369    decision 0.0102    branching_decision 0.0087    set_bounds 0.3107    solve 20.8799    func 21.0765    prepare 0.4930    transfer 0.0012    finalize 0.1659    add 0.0924    
max lb 9.999999747378752e-05 min lb -0.06813526153564453
Number of Verified Splits: 55 of 128
Current worst splitting domains lb-rhs (depth):
-0.30738 (6), -0.30721 (6), -0.29449 (5), -0.28459 (5), -0.28008 (6), -0.27746 (6), -0.27236 (5), -0.27216 (5), -0.26685 (7), -0.26645 (5), -0.26371 (7), -0.25911 (8), -0.25722 (8), -0.25306 (7), -0.24440 (5), -0.24430 (7), -0.24391 (10), -0.23942 (11), -0.23749 (9), -0.23632 (9), 
Current (lb-rhs): -0.3073784112930298
12848 domains visited
Length of domains: 761
Cumulative time: 22.470712900161743

BaB round 105
batch: 64
splitting decisions: 
split level 0: [/input-28, 75] [/input, 1412] [/input-8, 36] [/44, 474] [/39, 482] [/input-28, 75] [/44, 475] [/input-8, 851] [/39, 659] [/input-8, 35] 
best_l after optimization: -1.354066014289856
beta sum per layer: [2.3226101398468018, 18.171072006225586, 30.698650360107422, 45.457557678222656, 40.5284423828125, 35.0863037109375]
alpha/beta optimization time: 0.14358043670654297
pruning_in_iteration open status: True
ratio of positive domain = 55 / 128 = 0.4296875
pruning-in-iteration extra time: 0.006403684616088867
Time: get_branching_decision.update_bounds 0.0154    pickout 0.0097    branching_decision 0.0001    decision 0.0001    set_bounds 0.0032    prepare 0.0054    transfer 0.0000    finalize 0.0016    func 0.2004    solve 0.2015    add 0.0009    bab_iteration 0.2156    
Accumulated time: get_branching_decision.update_bounds 0.0154    bab_iteration 22.4488    pickout 0.9466    decision 0.0103    branching_decision 0.0088    set_bounds 0.3139    solve 21.0814    func 21.2769    prepare 0.4983    transfer 0.0012    finalize 0.1674    add 0.0933    
max lb 9.999999747378752e-05 min lb -0.061614394187927246
Number of Verified Splits: 55 of 128
Current worst splitting domains lb-rhs (depth):
-0.30738 (6), -0.30721 (6), -0.29449 (5), -0.28459 (5), -0.28008 (6), -0.27746 (6), -0.27236 (5), -0.27216 (5), -0.26685 (7), -0.26645 (5), -0.26371 (7), -0.25911 (8), -0.25722 (8), -0.25306 (7), -0.24440 (5), -0.24430 (7), -0.24391 (10), -0.23942 (11), -0.23749 (9), -0.23632 (9), 
Current (lb-rhs): -0.3073784112930298
12976 domains visited
Length of domains: 770
Cumulative time: 22.685139894485474

BaB round 106
batch: 64
splitting decisions: 
split level 0: [/39, 414] [/input, 1412] [/input-8, 35] [/input, 1412] [/input-28, 75] [/39, 659] [/44, 474] [/39, 404] [/39, 164] [/input-8, 36] 
best_l after optimization: -1.214444637298584
beta sum per layer: [2.4775915145874023, 16.3204402923584, 32.820491790771484, 48.1737060546875, 37.62851333618164, 32.25469207763672]
alpha/beta optimization time: 0.14064383506774902
pruning_in_iteration open status: True
ratio of positive domain = 63 / 128 = 0.4921875
pruning-in-iteration extra time: 0.005921840667724609
Time: get_branching_decision.update_bounds 0.0154    pickout 0.0097    branching_decision 0.0001    decision 0.0001    set_bounds 0.0029    prepare 0.0050    transfer 0.0000    finalize 0.0014    func 0.1984    solve 0.2004    add 0.0008    bab_iteration 0.2144    
Accumulated time: get_branching_decision.update_bounds 0.0154    bab_iteration 22.6633    pickout 0.9563    decision 0.0104    branching_decision 0.0089    set_bounds 0.3168    solve 21.2819    func 21.4752    prepare 0.5034    transfer 0.0012    finalize 0.1688    add 0.0941    
max lb 9.999999747378752e-05 min lb -0.056147098541259766
Number of Verified Splits: 63 of 128
Current worst splitting domains lb-rhs (depth):
-0.30738 (6), -0.30721 (6), -0.29449 (5), -0.28459 (5), -0.28008 (6), -0.27746 (6), -0.27236 (5), -0.27216 (5), -0.26685 (7), -0.26645 (5), -0.26371 (7), -0.25911 (8), -0.25722 (8), -0.25306 (7), -0.24440 (5), -0.24430 (7), -0.24391 (10), -0.23942 (11), -0.23749 (9), -0.23632 (9), 
Current (lb-rhs): -0.3073784112930298
13104 domains visited
Length of domains: 771
Cumulative time: 22.897886991500854

BaB round 107
batch: 64
splitting decisions: 
split level 0: [/input-8, 612] [/39, 883] [/input, 1688] [/input-8, 36] [/input-8, 35] [/input-8, 164] [/44, 475] [/39, 164] [/39, 164] [/39, 883] 
best_l after optimization: -1.3523486852645874
beta sum per layer: [3.022453784942627, 18.640457153320312, 28.870311737060547, 46.86057662963867, 36.712371826171875, 37.24526596069336]
alpha/beta optimization time: 0.15343904495239258
pruning_in_iteration open status: True
ratio of positive domain = 58 / 128 = 0.453125
pruning-in-iteration extra time: 0.006677389144897461
Time: get_branching_decision.update_bounds 0.0154    pickout 0.0100    branching_decision 0.0001    decision 0.0002    set_bounds 0.0035    prepare 0.0051    transfer 0.0000    finalize 0.0014    func 0.2128    solve 0.1984    add 0.0014    bab_iteration 0.2127    
Accumulated time: get_branching_decision.update_bounds 0.0154    bab_iteration 22.8760    pickout 0.9663    decision 0.0106    branching_decision 0.0090    set_bounds 0.3203    solve 21.4803    func 21.6881    prepare 0.5084    transfer 0.0012    finalize 0.1702    add 0.0955    
max lb 9.999999747378752e-05 min lb -0.05113422870635986
Number of Verified Splits: 58 of 128
Current worst splitting domains lb-rhs (depth):
-0.30738 (6), -0.30721 (6), -0.29449 (5), -0.28459 (5), -0.28008 (6), -0.27746 (6), -0.27236 (5), -0.27216 (5), -0.26685 (7), -0.26645 (5), -0.26371 (7), -0.25911 (8), -0.25722 (8), -0.25306 (7), -0.24440 (5), -0.24430 (7), -0.24391 (10), -0.23942 (11), -0.23749 (9), -0.23632 (9), 
Current (lb-rhs): -0.3073784112930298
13232 domains visited
Length of domains: 777
Cumulative time: 23.12537121772766

BaB round 108
batch: 64
splitting decisions: 
split level 0: [/input-20, 987] [/39, 659] [/input, 1412] [/input-8, 740] [/input, 1688] [/44, 212] [/39, 229] [/input-20, 476] [/39, 229] [/39, 164] 
best_l after optimization: -1.3931761980056763
beta sum per layer: [3.752000093460083, 22.961803436279297, 34.02701950073242, 55.2028923034668, 33.55624008178711, 29.999797821044922]
alpha/beta optimization time: 0.16293954849243164
pruning_in_iteration open status: True
ratio of positive domain = 48 / 128 = 0.375
pruning-in-iteration extra time: 0.009439945220947266
Time: get_branching_decision.update_bounds 0.0154    pickout 0.0096    branching_decision 0.0001    decision 0.0001    set_bounds 0.0028    prepare 0.0050    transfer 0.0000    finalize 0.0017    func 0.2305    solve 0.2129    add 0.0009    bab_iteration 0.2275    
Accumulated time: get_branching_decision.update_bounds 0.0154    bab_iteration 23.1035    pickout 0.9759    decision 0.0107    branching_decision 0.0091    set_bounds 0.3231    solve 21.6931    func 21.9186    prepare 0.5134    transfer 0.0012    finalize 0.1720    add 0.0964    
max lb 9.999999747378752e-05 min lb -0.0463099479675293
Number of Verified Splits: 48 of 128
Current worst splitting domains lb-rhs (depth):
-0.30738 (6), -0.30721 (6), -0.29449 (5), -0.28459 (5), -0.28008 (6), -0.27746 (6), -0.27236 (5), -0.27216 (5), -0.26685 (7), -0.26645 (5), -0.26371 (7), -0.25911 (8), -0.25722 (8), -0.25306 (7), -0.24440 (5), -0.24430 (7), -0.24391 (10), -0.23942 (11), -0.23749 (9), -0.23632 (9), 
Current (lb-rhs): -0.3073784112930298
13360 domains visited
Length of domains: 793
Cumulative time: 23.36945629119873

BaB round 109
batch: 64
splitting decisions: 
split level 0: [/39, 229] [/39, 229] [/input-8, 740] [/44, 473] [/39, 229] [/44, 474] [/44, 474] [/39, 164] [/39, 883] [/39, 659] 
best_l after optimization: -1.0782229900360107
beta sum per layer: [4.39502477645874, 22.365142822265625, 42.71539306640625, 57.30381393432617, 31.356584548950195, 30.274059295654297]
alpha/beta optimization time: 0.1483166217803955
pruning_in_iteration open status: True
ratio of positive domain = 56 / 128 = 0.4375
pruning-in-iteration extra time: 0.007757425308227539
Time: get_branching_decision.update_bounds 0.0154    pickout 0.0096    branching_decision 0.0001    decision 0.0001    set_bounds 0.0029    prepare 0.0050    transfer 0.0000    finalize 0.0020    func 0.2190    solve 0.2305    add 0.0008    bab_iteration 0.2441    
Accumulated time: get_branching_decision.update_bounds 0.0154    bab_iteration 23.3476    pickout 0.9855    decision 0.0108    branching_decision 0.0092    set_bounds 0.3260    solve 21.9237    func 22.1376    prepare 0.5184    transfer 0.0012    finalize 0.1740    add 0.0972    
max lb 0.0006208419799804688 min lb -0.03780829906463623
Number of Verified Splits: 56 of 128
Current worst splitting domains lb-rhs (depth):
-0.30738 (6), -0.30721 (6), -0.29449 (5), -0.28459 (5), -0.28008 (6), -0.27746 (6), -0.27236 (5), -0.27216 (5), -0.26685 (7), -0.26645 (5), -0.26371 (7), -0.25911 (8), -0.25722 (8), -0.25306 (7), -0.24440 (5), -0.24430 (7), -0.24391 (10), -0.23942 (11), -0.23749 (9), -0.23632 (9), 
Current (lb-rhs): -0.3073784112930298
13488 domains visited
Length of domains: 801
Cumulative time: 23.60236883163452

BaB round 110
batch: 64
splitting decisions: 
split level 0: [/44, 537] [/39, 229] [/39, 229] [/44, 474] [/input-8, 740] [/input-20, 659] [/44, 474] [/44, 482] [/44, 357] [/39, 229] 
best_l after optimization: -1.0338284969329834
beta sum per layer: [3.6085047721862793, 21.14789390563965, 38.99459457397461, 49.00859069824219, 25.815542221069336, 36.793968200683594]
alpha/beta optimization time: 0.1520235538482666
pruning_in_iteration open status: True
ratio of positive domain = 62 / 128 = 0.484375
pruning-in-iteration extra time: 0.0068569183349609375
Time: get_branching_decision.update_bounds 0.0154    pickout 0.0131    branching_decision 0.0002    decision 0.0003    set_bounds 0.0035    prepare 0.0057    transfer 0.0000    finalize 0.0025    func 0.2115    solve 0.2191    add 0.0010    bab_iteration 0.2329    
Accumulated time: get_branching_decision.update_bounds 0.0154    bab_iteration 23.5805    pickout 0.9987    decision 0.0111    branching_decision 0.0094    set_bounds 0.3295    solve 22.1428    func 22.3491    prepare 0.5241    transfer 0.0012    finalize 0.1765    add 0.0982    
max lb 9.999999747378752e-05 min lb -0.03267955780029297
Number of Verified Splits: 62 of 128
Current worst splitting domains lb-rhs (depth):
-0.30738 (6), -0.30721 (6), -0.29449 (5), -0.28459 (5), -0.28008 (6), -0.27746 (6), -0.27236 (5), -0.27216 (5), -0.26685 (7), -0.26645 (5), -0.26371 (7), -0.25911 (8), -0.25722 (8), -0.25306 (7), -0.24440 (5), -0.24430 (7), -0.24391 (10), -0.23942 (11), -0.23749 (9), -0.23632 (9), 
Current (lb-rhs): -0.3073784112930298
13616 domains visited
Length of domains: 803
Cumulative time: 23.83263325691223

BaB round 111
batch: 64
splitting decisions: 
split level 0: [/input-8, 851] [/39, 659] [/input-8, 851] [/input-8, 851] [/input-8, 164] [/39, 739] [/39, 739] [/39, 414] [/input-8, 851] [/input-8, 851] 
best_l after optimization: -1.0054848194122314
beta sum per layer: [4.206714153289795, 17.824819564819336, 26.237306594848633, 47.38694763183594, 24.418560028076172, 42.22236633300781]
alpha/beta optimization time: 0.15094971656799316
pruning_in_iteration open status: True
ratio of positive domain = 48 / 128 = 0.375
pruning-in-iteration extra time: 0.007033348083496094
Time: get_branching_decision.update_bounds 0.0154    pickout 0.0113    branching_decision 0.0001    decision 0.0001    set_bounds 0.0030    prepare 0.0058    transfer 0.0000    finalize 0.0024    func 0.2181    solve 0.2116    add 0.0015    bab_iteration 0.2303    
Accumulated time: get_branching_decision.update_bounds 0.0154    bab_iteration 23.8108    pickout 1.0100    decision 0.0112    branching_decision 0.0095    set_bounds 0.3325    solve 22.3543    func 22.5672    prepare 0.5299    transfer 0.0012    finalize 0.1789    add 0.0998    
max lb 0.00019073486328125 min lb -0.029222488403320312
Number of Verified Splits: 48 of 128
Current worst splitting domains lb-rhs (depth):
-0.30738 (6), -0.30721 (6), -0.29449 (5), -0.28459 (5), -0.28008 (6), -0.27746 (6), -0.27236 (5), -0.27216 (5), -0.26685 (7), -0.26645 (5), -0.26371 (7), -0.25911 (8), -0.25722 (8), -0.25306 (7), -0.24440 (5), -0.24430 (7), -0.24391 (10), -0.23942 (11), -0.23749 (9), -0.23632 (9), 
Current (lb-rhs): -0.3073784112930298
13744 domains visited
Length of domains: 819
Cumulative time: 24.066315174102783

BaB round 112
batch: 64
splitting decisions: 
split level 0: [/39, 414] [/44, 483] [/39, 414] [/39, 414] [/39, 739] [/39, 739] [/39, 739] [/39, 739] [/39, 414] [/44, 1001] 
best_l after optimization: -0.6517397165298462
beta sum per layer: [4.003055572509766, 15.458897590637207, 26.031530380249023, 43.886573791503906, 22.812658309936523, 44.541168212890625]
alpha/beta optimization time: 0.15037941932678223
pruning_in_iteration open status: True
ratio of positive domain = 67 / 128 = 0.5234375
pruning-in-iteration extra time: 0.005999088287353516
Time: get_branching_decision.update_bounds 0.0154    pickout 0.0097    branching_decision 0.0001    decision 0.0001    set_bounds 0.0030    prepare 0.0052    transfer 0.0000    finalize 0.0013    func 0.2005    solve 0.2182    add 0.0009    bab_iteration 0.2337    
Accumulated time: get_branching_decision.update_bounds 0.0154    bab_iteration 24.0444    pickout 1.0197    decision 0.0113    branching_decision 0.0096    set_bounds 0.3355    solve 22.5725    func 22.7677    prepare 0.5351    transfer 0.0013    finalize 0.1802    add 0.1007    
max lb 9.999999747378752e-05 min lb -0.026868104934692383
Number of Verified Splits: 67 of 128
Current worst splitting domains lb-rhs (depth):
-0.30738 (6), -0.30721 (6), -0.29449 (5), -0.28459 (5), -0.28008 (6), -0.27746 (6), -0.27236 (5), -0.27216 (5), -0.26685 (7), -0.26645 (5), -0.26371 (7), -0.25911 (8), -0.25722 (8), -0.25306 (7), -0.24440 (5), -0.24430 (7), -0.24391 (10), -0.23942 (11), -0.23749 (9), -0.23632 (9), 
Current (lb-rhs): -0.3073784112930298
13872 domains visited
Length of domains: 816
Cumulative time: 24.280497550964355

BaB round 113
batch: 64
splitting decisions: 
split level 0: [/44, 473] [/39, 414] [/44, 1001] [/44, 357] [/39, 414] [/39, 414] [/39, 414] [/44, 537] [/39, 414] [/39, 164] 
best_l after optimization: -0.5114546418190002
beta sum per layer: [3.1270480155944824, 12.244175910949707, 25.765865325927734, 45.80882263183594, 24.000646591186523, 45.227142333984375]
alpha/beta optimization time: 0.14612913131713867
pruning_in_iteration open status: True
ratio of positive domain = 76 / 128 = 0.59375
pruning-in-iteration extra time: 0.006153583526611328
Time: get_branching_decision.update_bounds 0.0154    pickout 0.0101    branching_decision 0.0001    decision 0.0001    set_bounds 0.0034    prepare 0.0051    transfer 0.0000    finalize 0.0011    func 0.1947    solve 0.2006    add 0.0007    bab_iteration 0.2142    
Accumulated time: get_branching_decision.update_bounds 0.0154    bab_iteration 24.2586    pickout 1.0298    decision 0.0114    branching_decision 0.0097    set_bounds 0.3389    solve 22.7731    func 22.9624    prepare 0.5402    transfer 0.0013    finalize 0.1813    add 0.1014    
max lb 9.999999747378752e-05 min lb -0.02612471580505371
Number of Verified Splits: 76 of 128
Current worst splitting domains lb-rhs (depth):
-0.30738 (6), -0.30721 (6), -0.29449 (5), -0.28459 (5), -0.28008 (6), -0.27746 (6), -0.27236 (5), -0.27216 (5), -0.26685 (7), -0.26645 (5), -0.26371 (7), -0.25911 (8), -0.25722 (8), -0.25306 (7), -0.24440 (5), -0.24430 (7), -0.24391 (10), -0.23942 (11), -0.23749 (9), -0.23632 (9), 
Current (lb-rhs): -0.3073784112930298
14000 domains visited
Length of domains: 804
Cumulative time: 24.489807605743408

BaB round 114
batch: 64
splitting decisions: 
split level 0: [/input-8, 740] [/39, 739] [/44, 537] [/39, 739] [/39, 739] [/39, 739] [/39, 739] [/44, 1001] [/input, 393] [/39, 156] 
best_l after optimization: -0.5282926559448242
beta sum per layer: [3.3154044151306152, 15.069543838500977, 30.407814025878906, 57.469825744628906, 22.007627487182617, 37.6527214050293]
alpha/beta optimization time: 0.137451171875
pruning_in_iteration open status: True
ratio of positive domain = 69 / 128 = 0.5390625
pruning-in-iteration extra time: 0.005841732025146484
Time: get_branching_decision.update_bounds 0.0154    pickout 0.0099    branching_decision 0.0001    decision 0.0001    set_bounds 0.0032    prepare 0.0051    transfer 0.0000    finalize 0.0025    func 0.1959    solve 0.1947    add 0.0008    bab_iteration 0.2093    
Accumulated time: get_branching_decision.update_bounds 0.0154    bab_iteration 24.4679    pickout 1.0398    decision 0.0115    branching_decision 0.0098    set_bounds 0.3421    solve 22.9678    func 23.1583    prepare 0.5453    transfer 0.0013    finalize 0.1839    add 0.1022    
max lb 9.999999747378752e-05 min lb -0.025851011276245117
Number of Verified Splits: 69 of 128
Current worst splitting domains lb-rhs (depth):
-0.30738 (6), -0.30721 (6), -0.29449 (5), -0.28459 (5), -0.28008 (6), -0.27746 (6), -0.27236 (5), -0.27216 (5), -0.26685 (7), -0.26645 (5), -0.26371 (7), -0.25911 (8), -0.25722 (8), -0.25306 (7), -0.24440 (5), -0.24430 (7), -0.24391 (10), -0.23942 (11), -0.23749 (9), -0.23632 (9), 
Current (lb-rhs): -0.3073784112930298
14128 domains visited
Length of domains: 799
Cumulative time: 24.700236320495605

BaB round 115
batch: 64
splitting decisions: 
split level 0: [/39, 739] [/39, 229] [/44, 483] [/input-8, 869] [/input-8, 740] [/39, 156] [/39, 739] [/39, 414] [/39, 739] [/39, 739] 
best_l after optimization: -0.4832492768764496
beta sum per layer: [3.039661407470703, 12.332990646362305, 35.897857666015625, 70.19780731201172, 23.73110580444336, 28.308441162109375]
alpha/beta optimization time: 0.14786458015441895
pruning_in_iteration open status: True
ratio of positive domain = 74 / 128 = 0.578125
pruning-in-iteration extra time: 0.007102251052856445
Time: get_branching_decision.update_bounds 0.0154    pickout 0.0103    branching_decision 0.0001    decision 0.0001    set_bounds 0.0032    prepare 0.0056    transfer 0.0000    finalize 0.0012    func 0.2030    solve 0.1960    add 0.0010    bab_iteration 0.2104    
Accumulated time: get_branching_decision.update_bounds 0.0154    bab_iteration 24.6783    pickout 1.0501    decision 0.0117    branching_decision 0.0098    set_bounds 0.3453    solve 23.1638    func 23.3613    prepare 0.5509    transfer 0.0013    finalize 0.1850    add 0.1032    
max lb 9.999999747378752e-05 min lb -0.02551555633544922
Number of Verified Splits: 74 of 128
Current worst splitting domains lb-rhs (depth):
-0.30738 (6), -0.30721 (6), -0.29449 (5), -0.28459 (5), -0.28008 (6), -0.27746 (6), -0.27236 (5), -0.27216 (5), -0.26685 (7), -0.26645 (5), -0.26371 (7), -0.25911 (8), -0.25722 (8), -0.25306 (7), -0.24440 (5), -0.24430 (7), -0.24391 (10), -0.23942 (11), -0.23749 (9), -0.23632 (9), 
Current (lb-rhs): -0.3073784112930298
14256 domains visited
Length of domains: 789
Cumulative time: 24.91777276992798

BaB round 116
batch: 64
splitting decisions: 
split level 0: [/39, 229] [/39, 739] [/44, 474] [/44, 483] [/input-8, 851] [/input, 1688] [/44, 474] [/input-8, 869] [/input-8, 740] [/39, 229] 
best_l after optimization: -0.47685763239860535
beta sum per layer: [4.364025592803955, 12.10737133026123, 41.39359664916992, 86.52075958251953, 25.695215225219727, 18.0721492767334]
alpha/beta optimization time: 0.1392803192138672
pruning_in_iteration open status: True
ratio of positive domain = 68 / 128 = 0.53125
pruning-in-iteration extra time: 0.0064771175384521484
Time: get_branching_decision.update_bounds 0.0154    pickout 0.0099    branching_decision 0.0001    decision 0.0001    set_bounds 0.0039    prepare 0.0059    transfer 0.0000    finalize 0.0014    func 0.1916    solve 0.2030    add 0.0007    bab_iteration 0.2175    
Accumulated time: get_branching_decision.update_bounds 0.0154    bab_iteration 24.8959    pickout 1.0600    decision 0.0117    branching_decision 0.0099    set_bounds 0.3492    solve 23.3668    func 23.5529    prepare 0.5568    transfer 0.0013    finalize 0.1864    add 0.1039    
max lb 9.999999747378752e-05 min lb -0.019929170608520508
Number of Verified Splits: 68 of 128
Current worst splitting domains lb-rhs (depth):
-0.30738 (6), -0.30721 (6), -0.29449 (5), -0.28459 (5), -0.28008 (6), -0.27746 (6), -0.27236 (5), -0.27216 (5), -0.26685 (7), -0.26645 (5), -0.26371 (7), -0.25911 (8), -0.25722 (8), -0.25306 (7), -0.24440 (5), -0.24430 (7), -0.24391 (10), -0.23942 (11), -0.23749 (9), -0.23632 (9), 
Current (lb-rhs): -0.3073784112930298
14384 domains visited
Length of domains: 785
Cumulative time: 25.124370336532593

BaB round 117
batch: 64
splitting decisions: 
split level 0: [/44, 475] [/39, 229] [/39, 659] [/39, 659] [/input-8, 851] [/44, 475] [/input-8, 869] [/input-8, 851] [/39, 659] [/input-8, 869] 
best_l after optimization: -0.4640832543373108
beta sum per layer: [5.085239410400391, 15.842605590820312, 49.070274353027344, 99.23915100097656, 24.358503341674805, 10.999274253845215]
alpha/beta optimization time: 0.14348053932189941
pruning_in_iteration open status: True
ratio of positive domain = 70 / 128 = 0.546875
pruning-in-iteration extra time: 0.006226539611816406
Time: get_branching_decision.update_bounds 0.0154    pickout 0.0102    branching_decision 0.0001    decision 0.0001    set_bounds 0.0032    prepare 0.0051    transfer 0.0000    finalize 0.0012    func 0.1971    solve 0.1917    add 0.0008    bab_iteration 0.2066    
Accumulated time: get_branching_decision.update_bounds 0.0154    bab_iteration 25.1025    pickout 1.0702    decision 0.0118    branching_decision 0.0100    set_bounds 0.3524    solve 23.5585    func 23.7500    prepare 0.5619    transfer 0.0013    finalize 0.1877    add 0.1047    
max lb 0.0003883838653564453 min lb -0.03388166427612305
Number of Verified Splits: 70 of 128
Current worst splitting domains lb-rhs (depth):
-0.30738 (6), -0.30721 (6), -0.29449 (5), -0.28459 (5), -0.28008 (6), -0.27746 (6), -0.27236 (5), -0.27216 (5), -0.26685 (7), -0.26645 (5), -0.26371 (7), -0.25911 (8), -0.25722 (8), -0.25306 (7), -0.24440 (5), -0.24430 (7), -0.24391 (10), -0.23942 (11), -0.23749 (9), -0.23632 (9), 
Current (lb-rhs): -0.3073784112930298
14512 domains visited
Length of domains: 779
Cumulative time: 25.335885286331177

BaB round 118
batch: 64
splitting decisions: 
split level 0: [/39, 229] [/44, 475] [/39, 164] [/input, 1688] [/input-8, 851] [/39, 659] [/input-8, 851] [/input-8, 740] [/input-8, 740] [/input, 1688] 
best_l after optimization: -0.4738576412200928
beta sum per layer: [4.451775550842285, 17.953588485717773, 52.005218505859375, 102.03695678710938, 29.121095657348633, 8.213569641113281]
alpha/beta optimization time: 0.18048954010009766
pruning_in_iteration open status: True
ratio of positive domain = 74 / 128 = 0.578125
pruning-in-iteration extra time: 0.008520126342773438
Time: get_branching_decision.update_bounds 0.0154    pickout 0.0103    branching_decision 0.0001    decision 0.0001    set_bounds 0.0033    prepare 0.0051    transfer 0.0000    finalize 0.0013    func 0.2382    solve 0.1971    add 0.0008    bab_iteration 0.2115    
Accumulated time: get_branching_decision.update_bounds 0.0154    bab_iteration 25.3140    pickout 1.0804    decision 0.0119    branching_decision 0.0101    set_bounds 0.3557    solve 23.7556    func 23.9882    prepare 0.5670    transfer 0.0013    finalize 0.1890    add 0.1055    
max lb 0.0007429122924804688 min lb -0.03856635093688965
Number of Verified Splits: 74 of 128
Current worst splitting domains lb-rhs (depth):
-0.30738 (6), -0.30721 (6), -0.29449 (5), -0.28459 (5), -0.28008 (6), -0.27746 (6), -0.27236 (5), -0.27216 (5), -0.26685 (7), -0.26645 (5), -0.26371 (7), -0.25911 (8), -0.25722 (8), -0.25306 (7), -0.24440 (5), -0.24430 (7), -0.24391 (10), -0.23942 (11), -0.23749 (9), -0.23632 (9), 
Current (lb-rhs): -0.3073784112930298
14640 domains visited
Length of domains: 769
Cumulative time: 25.589121103286743

BaB round 119
batch: 64
splitting decisions: 
split level 0: [/39, 229] [/input-8, 292] [/44, 474] [/input-8, 740] [/input, 1143] [/input-8, 35] [/input-8, 612] [/44, 475] [/input, 1688] [/39, 659] 
best_l after optimization: -0.6349614262580872
beta sum per layer: [4.526615142822266, 21.341928482055664, 48.618934631347656, 96.458984375, 28.458675384521484, 11.521177291870117]
alpha/beta optimization time: 0.18083834648132324
pruning_in_iteration open status: True
ratio of positive domain = 69 / 128 = 0.5390625
pruning-in-iteration extra time: 0.011450767517089844
Time: get_branching_decision.update_bounds 0.0154    pickout 0.0117    branching_decision 0.0001    decision 0.0001    set_bounds 0.0040    prepare 0.0065    transfer 0.0000    finalize 0.0016    func 0.2346    solve 0.2383    add 0.0011    bab_iteration 0.2532    
Accumulated time: get_branching_decision.update_bounds 0.0154    bab_iteration 25.5672    pickout 1.0921    decision 0.0121    branching_decision 0.0102    set_bounds 0.3597    solve 23.9939    func 24.2228    prepare 0.5735    transfer 0.0013    finalize 0.1906    add 0.1065    
max lb 9.999999747378752e-05 min lb -0.047540903091430664
Number of Verified Splits: 69 of 128
Current worst splitting domains lb-rhs (depth):
-0.30738 (6), -0.30721 (6), -0.29449 (5), -0.28459 (5), -0.28008 (6), -0.27746 (6), -0.27236 (5), -0.27216 (5), -0.26685 (7), -0.26645 (5), -0.26371 (7), -0.25911 (8), -0.25722 (8), -0.25306 (7), -0.24440 (5), -0.24430 (7), -0.24391 (10), -0.23942 (11), -0.23749 (9), -0.23632 (9), 
Current (lb-rhs): -0.3073784112930298
14768 domains visited
Length of domains: 764
Cumulative time: 25.840447664260864

BaB round 120
batch: 64
splitting decisions: 
split level 0: [/44, 212] [/39, 659] [/44, 537] [/44, 474] [/44, 212] [/input-8, 851] [/44, 475] [/39, 229] [/44, 475] [/44, 474] 
best_l after optimization: -0.6253131628036499
beta sum per layer: [4.035715103149414, 25.50851821899414, 51.7554931640625, 98.20121765136719, 28.430065155029297, 8.911388397216797]
alpha/beta optimization time: 0.15057897567749023
pruning_in_iteration open status: True
ratio of positive domain = 68 / 128 = 0.53125
pruning-in-iteration extra time: 0.005915164947509766
Time: get_branching_decision.update_bounds 0.0154    pickout 0.0104    branching_decision 0.0002    decision 0.0002    set_bounds 0.0036    prepare 0.0054    transfer 0.0000    finalize 0.0013    func 0.2024    solve 0.2346    add 0.0008    bab_iteration 0.2513    
Accumulated time: get_branching_decision.update_bounds 0.0154    bab_iteration 25.8185    pickout 1.1025    decision 0.0123    branching_decision 0.0103    set_bounds 0.3633    solve 24.2285    func 24.4253    prepare 0.5790    transfer 0.0014    finalize 0.1919    add 0.1073    
max lb 0.00018548965454101562 min lb -0.041335344314575195
Number of Verified Splits: 68 of 128
Current worst splitting domains lb-rhs (depth):
-0.30738 (6), -0.30721 (6), -0.29449 (5), -0.28459 (5), -0.28008 (6), -0.27746 (6), -0.27236 (5), -0.27216 (5), -0.26685 (7), -0.26645 (5), -0.26371 (7), -0.25911 (8), -0.25722 (8), -0.25306 (7), -0.24440 (5), -0.24430 (7), -0.24391 (10), -0.23942 (11), -0.23749 (9), -0.23632 (9), 
Current (lb-rhs): -0.3073784112930298
14896 domains visited
Length of domains: 760
Cumulative time: 26.05808663368225

BaB round 121
batch: 64
splitting decisions: 
split level 0: [/input, 1672] [/44, 212] [/input-8, 612] [/39, 164] [/39, 156] [/44, 475] [/39, 739] [/input-20, 987] [/input, 1688] [/input-20, 783] 
best_l after optimization: -0.7019166946411133
beta sum per layer: [3.2089104652404785, 27.38538360595703, 54.234954833984375, 96.9817886352539, 29.001789093017578, 10.051255226135254]
alpha/beta optimization time: 0.15726208686828613
pruning_in_iteration open status: True
ratio of positive domain = 66 / 128 = 0.515625
pruning-in-iteration extra time: 0.007783651351928711
Time: get_branching_decision.update_bounds 0.0154    pickout 0.0102    branching_decision 0.0001    decision 0.0001    set_bounds 0.0033    prepare 0.0051    transfer 0.0000    finalize 0.0013    func 0.2108    solve 0.2025    add 0.0008    bab_iteration 0.2176    
Accumulated time: get_branching_decision.update_bounds 0.0154    bab_iteration 26.0362    pickout 1.1126    decision 0.0124    branching_decision 0.0104    set_bounds 0.3666    solve 24.4310    func 24.6361    prepare 0.5841    transfer 0.0014    finalize 0.1933    add 0.1081    
max lb 9.999999747378752e-05 min lb -0.04224038124084473
Number of Verified Splits: 66 of 128
Current worst splitting domains lb-rhs (depth):
-0.30738 (6), -0.30721 (6), -0.29449 (5), -0.28459 (5), -0.28008 (6), -0.27746 (6), -0.27236 (5), -0.27216 (5), -0.26685 (7), -0.26645 (5), -0.26371 (7), -0.25911 (8), -0.25722 (8), -0.25306 (7), -0.24440 (5), -0.24430 (7), -0.24391 (10), -0.23942 (11), -0.23749 (9), -0.23632 (9), 
Current (lb-rhs): -0.3073784112930298
15024 domains visited
Length of domains: 758
Cumulative time: 26.28345537185669

BaB round 122
batch: 64
splitting decisions: 
split level 0: [/44, 212] [/44, 475] [/input-8, 164] [/input-8, 35] [/39, 883] [/input-8, 869] [/39, 399] [/39, 156] [/39, 739] [/39, 659] 
best_l after optimization: -0.6830214262008667
beta sum per layer: [3.2525675296783447, 29.51299476623535, 52.69760513305664, 93.07024383544922, 27.691547393798828, 13.201729774475098]
alpha/beta optimization time: 0.1382906436920166
pruning_in_iteration open status: True
ratio of positive domain = 64 / 128 = 0.5
pruning-in-iteration extra time: 0.006296396255493164
Time: get_branching_decision.update_bounds 0.0154    pickout 0.0103    branching_decision 0.0001    decision 0.0001    set_bounds 0.0030    prepare 0.0051    transfer 0.0000    finalize 0.0019    func 0.1953    solve 0.2109    add 0.0008    bab_iteration 0.2253    
Accumulated time: get_branching_decision.update_bounds 0.0154    bab_iteration 26.2615    pickout 1.1229    decision 0.0125    branching_decision 0.0105    set_bounds 0.3695    solve 24.6419    func 24.8314    prepare 0.5892    transfer 0.0014    finalize 0.1952    add 0.1088    
max lb 9.999999747378752e-05 min lb -0.037572383880615234
Number of Verified Splits: 64 of 128
Current worst splitting domains lb-rhs (depth):
-0.30738 (6), -0.30721 (6), -0.29449 (5), -0.28459 (5), -0.28008 (6), -0.27746 (6), -0.27236 (5), -0.27216 (5), -0.26685 (7), -0.26645 (5), -0.26371 (7), -0.25911 (8), -0.25722 (8), -0.25306 (7), -0.24440 (5), -0.24430 (7), -0.24391 (10), -0.23942 (11), -0.23749 (9), -0.23632 (9), 
Current (lb-rhs): -0.3073784112930298
15152 domains visited
Length of domains: 758
Cumulative time: 26.493292570114136

BaB round 123
batch: 64
splitting decisions: 
split level 0: [/39, 659] [/44, 475] [/44, 474] [/39, 229] [/44, 475] [/44, 475] [/input, 1672] [/input, 1688] [/input, 1688] [/input-20, 987] 
best_l after optimization: -0.5633878707885742
beta sum per layer: [3.1212713718414307, 27.185232162475586, 55.90431213378906, 96.77960205078125, 25.453760147094727, 8.821895599365234]
alpha/beta optimization time: 0.14737486839294434
pruning_in_iteration open status: True
ratio of positive domain = 78 / 128 = 0.609375
pruning-in-iteration extra time: 0.0075855255126953125
Time: get_branching_decision.update_bounds 0.0154    pickout 0.0100    branching_decision 0.0001    decision 0.0001    set_bounds 0.0030    prepare 0.0051    transfer 0.0000    finalize 0.0023    func 0.1967    solve 0.1953    add 0.0010    bab_iteration 0.2098    
Accumulated time: get_branching_decision.update_bounds 0.0154    bab_iteration 26.4713    pickout 1.1329    decision 0.0126    branching_decision 0.0106    set_bounds 0.3725    solve 24.8372    func 25.0280    prepare 0.5943    transfer 0.0014    finalize 0.1975    add 0.1099    
max lb 9.999999747378752e-05 min lb -0.03184986114501953
Number of Verified Splits: 78 of 128
Current worst splitting domains lb-rhs (depth):
-0.30738 (6), -0.30721 (6), -0.29449 (5), -0.28459 (5), -0.28008 (6), -0.27746 (6), -0.27236 (5), -0.27216 (5), -0.26685 (7), -0.26645 (5), -0.26371 (7), -0.25911 (8), -0.25722 (8), -0.25306 (7), -0.24440 (5), -0.24430 (7), -0.24391 (10), -0.23942 (11), -0.23749 (9), -0.23632 (9), 
Current (lb-rhs): -0.3073784112930298
15280 domains visited
Length of domains: 744
Cumulative time: 26.704025268554688

BaB round 124
batch: 64
splitting decisions: 
split level 0: [/44, 483] [/44, 483] [/44, 148] [/44, 483] [/input-8, 995] [/44, 483] [/39, 434] [/44, 483] [/input-28, 64] [/input-28, 93] 
best_l after optimization: -1.0367116928100586
beta sum per layer: [2.3584482669830322, 22.407686233520508, 45.29695510864258, 75.69298553466797, 34.05987548828125, 24.080808639526367]
alpha/beta optimization time: 0.15149331092834473
pruning_in_iteration open status: True
ratio of positive domain = 56 / 128 = 0.4375
pruning-in-iteration extra time: 0.007460117340087891
Time: get_branching_decision.update_bounds 0.0154    pickout 0.0109    branching_decision 0.0001    decision 0.0001    set_bounds 0.0032    prepare 0.0054    transfer 0.0000    finalize 0.0015    func 0.2102    solve 0.1967    add 0.0008    bab_iteration 0.2107    
Accumulated time: get_branching_decision.update_bounds 0.0154    bab_iteration 26.6821    pickout 1.1438    decision 0.0127    branching_decision 0.0106    set_bounds 0.3757    solve 25.0339    func 25.2383    prepare 0.5996    transfer 0.0014    finalize 0.1990    add 0.1107    
max lb 9.999999747378752e-05 min lb -0.06359267234802246
Number of Verified Splits: 56 of 128
Current worst splitting domains lb-rhs (depth):
-0.30738 (6), -0.30721 (6), -0.29449 (5), -0.28459 (5), -0.28008 (6), -0.27746 (6), -0.27236 (5), -0.27216 (5), -0.26685 (7), -0.26645 (5), -0.26371 (7), -0.25911 (8), -0.25722 (8), -0.25306 (7), -0.24440 (5), -0.24430 (7), -0.24391 (10), -0.23942 (11), -0.23749 (9), -0.23632 (9), 
Current (lb-rhs): -0.3073784112930298
15408 domains visited
Length of domains: 752
Cumulative time: 26.929525136947632

BaB round 125
batch: 64
splitting decisions: 
split level 0: [/39, 404] [/44, 17] [/input-8, 36] [/input-8, 740] [/44, 212] [/input-20, 783] [/input, 1412] [/input, 1672] [/39, 156] [/input-8, 851] 
best_l after optimization: -0.8323564529418945
beta sum per layer: [1.6304970979690552, 24.131927490234375, 43.571868896484375, 78.7164306640625, 37.12705993652344, 25.714929580688477]
alpha/beta optimization time: 0.14594101905822754
pruning_in_iteration open status: True
ratio of positive domain = 55 / 128 = 0.4296875
pruning-in-iteration extra time: 0.006880044937133789
Time: get_branching_decision.update_bounds 0.0154    pickout 0.0106    branching_decision 0.0001    decision 0.0001    set_bounds 0.0030    prepare 0.0051    transfer 0.0000    finalize 0.0022    func 0.2075    solve 0.2103    add 0.0009    bab_iteration 0.2255    
Accumulated time: get_branching_decision.update_bounds 0.0154    bab_iteration 26.9076    pickout 1.1544    decision 0.0127    branching_decision 0.0107    set_bounds 0.3787    solve 25.2442    func 25.4457    prepare 0.6047    transfer 0.0014    finalize 0.2012    add 0.1115    
max lb 9.999999747378752e-05 min lb -0.05831325054168701
Number of Verified Splits: 55 of 128
Current worst splitting domains lb-rhs (depth):
-0.30738 (6), -0.30721 (6), -0.29449 (5), -0.28459 (5), -0.28008 (6), -0.27746 (6), -0.27236 (5), -0.27216 (5), -0.26685 (7), -0.26645 (5), -0.26371 (7), -0.25911 (8), -0.25722 (8), -0.25306 (7), -0.24440 (5), -0.24430 (7), -0.24391 (10), -0.23942 (11), -0.23749 (9), -0.23632 (9), 
Current (lb-rhs): -0.3073784112930298
15536 domains visited
Length of domains: 761
Cumulative time: 27.151747226715088

BaB round 126
batch: 64
splitting decisions: 
split level 0: [/39, 399] [/input-20, 979] [/input, 393] [/39, 659] [/39, 399] [/39, 399] [/input, 1688] [/input-20, 660] [/input, 1143] [/input-20, 979] 
best_l after optimization: -0.602484941482544
beta sum per layer: [1.42103910446167, 27.339975357055664, 42.11101150512695, 78.91307830810547, 34.33827590942383, 24.718481063842773]
alpha/beta optimization time: 0.1390688419342041
pruning_in_iteration open status: True
ratio of positive domain = 77 / 128 = 0.6015625
pruning-in-iteration extra time: 0.0057239532470703125
Time: get_branching_decision.update_bounds 0.0154    pickout 0.0106    branching_decision 0.0001    decision 0.0001    set_bounds 0.0030    prepare 0.0052    transfer 0.0000    finalize 0.0011    func 0.1848    solve 0.2075    add 0.0009    bab_iteration 0.2222    
Accumulated time: get_branching_decision.update_bounds 0.0154    bab_iteration 27.1297    pickout 1.1649    decision 0.0128    branching_decision 0.0108    set_bounds 0.3817    solve 25.4517    func 25.6306    prepare 0.6100    transfer 0.0014    finalize 0.2023    add 0.1124    
max lb 9.999999747378752e-05 min lb -0.05170559883117676
Number of Verified Splits: 77 of 128
Current worst splitting domains lb-rhs (depth):
-0.30738 (6), -0.30721 (6), -0.29449 (5), -0.28459 (5), -0.28008 (6), -0.27746 (6), -0.27236 (5), -0.27216 (5), -0.26685 (7), -0.26645 (5), -0.26371 (7), -0.25911 (8), -0.25722 (8), -0.25306 (7), -0.24440 (5), -0.24430 (7), -0.24391 (10), -0.23942 (11), -0.23749 (9), -0.23632 (9), 
Current (lb-rhs): -0.3073784112930298
15664 domains visited
Length of domains: 748
Cumulative time: 27.351105213165283

BaB round 127
batch: 64
splitting decisions: 
split level 0: [/44, 559] [/input-28, 64] [/input-28, 93] [/input-28, 64] [/input-8, 995] [/input-8, 995] [/input-8, 612] [/39, 156] [/39, 399] [/input, 1143] 
best_l after optimization: -0.872947096824646
beta sum per layer: [1.314009428024292, 23.8041934967041, 35.36858367919922, 63.213775634765625, 37.34020233154297, 32.09093475341797]
alpha/beta optimization time: 0.1419534683227539
pruning_in_iteration open status: True
ratio of positive domain = 64 / 128 = 0.5
pruning-in-iteration extra time: 0.006670713424682617
Time: get_branching_decision.update_bounds 0.0154    pickout 0.0102    branching_decision 0.0001    decision 0.0001    set_bounds 0.0038    prepare 0.0051    transfer 0.0000    finalize 0.0015    func 0.1997    solve 0.1849    add 0.0007    bab_iteration 0.1994    
Accumulated time: get_branching_decision.update_bounds 0.0154    bab_iteration 27.3291    pickout 1.1751    decision 0.0129    branching_decision 0.0109    set_bounds 0.3855    solve 25.6366    func 25.8303    prepare 0.6150    transfer 0.0014    finalize 0.2038    add 0.1131    
max lb 9.999999747378752e-05 min lb -0.04695618152618408
Number of Verified Splits: 64 of 128
Current worst splitting domains lb-rhs (depth):
-0.30738 (6), -0.30721 (6), -0.29449 (5), -0.28459 (5), -0.28008 (6), -0.27746 (6), -0.27236 (5), -0.27216 (5), -0.26685 (7), -0.26645 (5), -0.26371 (7), -0.25911 (8), -0.25722 (8), -0.25306 (7), -0.24440 (5), -0.24430 (7), -0.24391 (10), -0.23942 (11), -0.23749 (9), -0.23632 (9), 
Current (lb-rhs): -0.3073784112930298
15792 domains visited
Length of domains: 748
Cumulative time: 27.566014289855957

BaB round 128
batch: 64
splitting decisions: 
split level 0: [/44, 17] [/input-8, 995] [/input-8, 995] [/39, 414] [/input-8, 36] [/input-8, 35] [/input-8, 35] [/input-8, 869] [/input-20, 660] [/input-20, 660] 
best_l after optimization: -0.7901202440261841
beta sum per layer: [0.6734598875045776, 18.906999588012695, 26.7780704498291, 46.06623840332031, 44.755653381347656, 42.79170227050781]
alpha/beta optimization time: 0.13699054718017578
pruning_in_iteration open status: True
ratio of positive domain = 58 / 128 = 0.453125
pruning-in-iteration extra time: 0.006726264953613281
Time: get_branching_decision.update_bounds 0.0154    pickout 0.0096    branching_decision 0.0001    decision 0.0001    set_bounds 0.0029    prepare 0.0050    transfer 0.0000    finalize 0.0016    func 0.1922    solve 0.1998    add 0.0009    bab_iteration 0.2149    
Accumulated time: get_branching_decision.update_bounds 0.0154    bab_iteration 27.5440    pickout 1.1847    decision 0.0130    branching_decision 0.0110    set_bounds 0.3884    solve 25.8363    func 26.0225    prepare 0.6200    transfer 0.0015    finalize 0.2053    add 0.1140    
max lb 9.999999747378752e-05 min lb -0.04150223731994629
Number of Verified Splits: 58 of 128
Current worst splitting domains lb-rhs (depth):
-0.30738 (6), -0.30721 (6), -0.29449 (5), -0.28459 (5), -0.28008 (6), -0.27746 (6), -0.27236 (5), -0.27216 (5), -0.26685 (7), -0.26645 (5), -0.26371 (7), -0.25911 (8), -0.25722 (8), -0.25306 (7), -0.24440 (5), -0.24430 (7), -0.24391 (10), -0.23942 (11), -0.23749 (9), -0.23632 (9), 
Current (lb-rhs): -0.3073784112930298
15920 domains visited
Length of domains: 754
Cumulative time: 27.771854877471924

BaB round 129
batch: 64
splitting decisions: 
split level 0: [/input-8, 292] [/input, 1412] [/input, 1688] [/39, 739] [/44, 212] [/input-8, 35] [/44, 786] [/44, 474] [/44, 881] [/44, 474] 
best_l after optimization: -0.5106044411659241
beta sum per layer: [0.911596953868866, 13.955976486206055, 28.588130950927734, 52.737525939941406, 40.30617141723633, 40.75530242919922]
alpha/beta optimization time: 0.14806199073791504
pruning_in_iteration open status: True
ratio of positive domain = 73 / 128 = 0.5703125
pruning-in-iteration extra time: 0.006121158599853516
Time: get_branching_decision.update_bounds 0.0154    pickout 0.0097    branching_decision 0.0001    decision 0.0001    set_bounds 0.0029    prepare 0.0051    transfer 0.0000    finalize 0.0011    func 0.2018    solve 0.1923    add 0.0009    bab_iteration 0.2058    
Accumulated time: get_branching_decision.update_bounds 0.0154    bab_iteration 27.7498    pickout 1.1944    decision 0.0131    branching_decision 0.0110    set_bounds 0.3913    solve 26.0286    func 26.2243    prepare 0.6252    transfer 0.0015    finalize 0.2065    add 0.1149    
max lb 9.999999747378752e-05 min lb -0.03767693042755127
Number of Verified Splits: 73 of 128
Current worst splitting domains lb-rhs (depth):
-0.30738 (6), -0.30721 (6), -0.29449 (5), -0.28459 (5), -0.28008 (6), -0.27746 (6), -0.27236 (5), -0.27216 (5), -0.26685 (7), -0.26645 (5), -0.26371 (7), -0.25911 (8), -0.25722 (8), -0.25306 (7), -0.24440 (5), -0.24430 (7), -0.24391 (10), -0.23942 (11), -0.23749 (9), -0.23632 (9), 
Current (lb-rhs): -0.3073784112930298
16048 domains visited
Length of domains: 745
Cumulative time: 27.987346172332764

BaB round 130
batch: 64
splitting decisions: 
split level 0: [/input-28, 64] [/39, 414] [/input-28, 64] [/44, 17] [/input-8, 35] [/44, 786] [/44, 474] [/input-8, 851] [/44, 537] [/44, 475] 
best_l after optimization: -0.5533676147460938
beta sum per layer: [0.8494558334350586, 17.903472900390625, 26.929880142211914, 49.987396240234375, 45.56505584716797, 38.7056770324707]
alpha/beta optimization time: 0.13573169708251953
pruning_in_iteration open status: True
ratio of positive domain = 73 / 128 = 0.5703125
pruning-in-iteration extra time: 0.005139350891113281
Time: get_branching_decision.update_bounds 0.0154    pickout 0.0100    branching_decision 0.0001    decision 0.0001    set_bounds 0.0035    prepare 0.0055    transfer 0.0000    finalize 0.0013    func 0.1894    solve 0.2019    add 0.0008    bab_iteration 0.2155    
Accumulated time: get_branching_decision.update_bounds 0.0154    bab_iteration 27.9653    pickout 1.2044    decision 0.0132    branching_decision 0.0111    set_bounds 0.3948    solve 26.2305    func 26.4137    prepare 0.6306    transfer 0.0015    finalize 0.2078    add 0.1156    
max lb 9.999999747378752e-05 min lb -0.03274214267730713
Number of Verified Splits: 73 of 128
Current worst splitting domains lb-rhs (depth):
-0.30738 (6), -0.30721 (6), -0.29449 (5), -0.28459 (5), -0.28008 (6), -0.27746 (6), -0.27236 (5), -0.27216 (5), -0.26685 (7), -0.26645 (5), -0.26371 (7), -0.25911 (8), -0.25722 (8), -0.25306 (7), -0.24440 (5), -0.24430 (7), -0.24391 (10), -0.23942 (11), -0.23749 (9), -0.23632 (9), 
Current (lb-rhs): -0.3073784112930298
16176 domains visited
Length of domains: 736
Cumulative time: 28.191312789916992

BaB round 131
batch: 64
splitting decisions: 
split level 0: [/input, 1672] [/input-8, 995] [/44, 483] [/44, 483] [/39, 476] [/input, 1672] [/44, 483] [/39, 414] [/input-28, 64] [/input-8, 995] 
best_l after optimization: -0.9347994327545166
beta sum per layer: [1.3147335052490234, 21.535585403442383, 20.17190170288086, 34.426963806152344, 53.430809020996094, 43.37321853637695]
alpha/beta optimization time: 0.13804411888122559
pruning_in_iteration open status: True
ratio of positive domain = 70 / 128 = 0.546875
pruning-in-iteration extra time: 0.005404233932495117
Time: get_branching_decision.update_bounds 0.0154    pickout 0.0097    branching_decision 0.0001    decision 0.0001    set_bounds 0.0032    prepare 0.0053    transfer 0.0000    finalize 0.0014    func 0.1871    solve 0.1894    add 0.0007    bab_iteration 0.2040    
Accumulated time: get_branching_decision.update_bounds 0.0154    bab_iteration 28.1693    pickout 1.2141    decision 0.0133    branching_decision 0.0112    set_bounds 0.3980    solve 26.4199    func 26.6008    prepare 0.6360    transfer 0.0015    finalize 0.2092    add 0.1164    
max lb 9.999999747378752e-05 min lb -0.06348562240600586
Number of Verified Splits: 70 of 128
Current worst splitting domains lb-rhs (depth):
-0.30738 (6), -0.30721 (6), -0.29449 (5), -0.28459 (5), -0.28008 (6), -0.27746 (6), -0.27236 (5), -0.27216 (5), -0.26685 (7), -0.26645 (5), -0.26371 (7), -0.25911 (8), -0.25722 (8), -0.25306 (7), -0.24440 (5), -0.24430 (7), -0.24391 (10), -0.23942 (11), -0.23749 (9), -0.23632 (9), 
Current (lb-rhs): -0.3073784112930298
16304 domains visited
Length of domains: 730
Cumulative time: 28.392308235168457

BaB round 132
batch: 64
splitting decisions: 
split level 0: [/44, 525] [/44, 483] [/44, 483] [/44, 148] [/input-28, 93] [/44, 148] [/input-28, 29] [/39, 844] [/39, 414] [/input-28, 64] 
best_l after optimization: -1.182166337966919
beta sum per layer: [0.6146755218505859, 17.195049285888672, 15.67597770690918, 26.05388832092285, 63.86491775512695, 52.714576721191406]
alpha/beta optimization time: 0.14147067070007324
pruning_in_iteration open status: True
ratio of positive domain = 56 / 128 = 0.4375
pruning-in-iteration extra time: 0.006772518157958984
Time: get_branching_decision.update_bounds 0.0154    pickout 0.0100    branching_decision 0.0001    decision 0.0001    set_bounds 0.0034    prepare 0.0058    transfer 0.0000    finalize 0.0016    func 0.2037    solve 0.1871    add 0.0007    bab_iteration 0.2010    
Accumulated time: get_branching_decision.update_bounds 0.0154    bab_iteration 28.3703    pickout 1.2241    decision 0.0134    branching_decision 0.0113    set_bounds 0.4014    solve 26.6071    func 26.8045    prepare 0.6417    transfer 0.0015    finalize 0.2108    add 0.1171    
max lb 9.999999747378752e-05 min lb -0.05981040000915527
Number of Verified Splits: 56 of 128
Current worst splitting domains lb-rhs (depth):
-0.30738 (6), -0.30721 (6), -0.29449 (5), -0.28459 (5), -0.28008 (6), -0.27746 (6), -0.27236 (5), -0.27216 (5), -0.26685 (7), -0.26645 (5), -0.26371 (7), -0.25911 (8), -0.25722 (8), -0.25306 (7), -0.24440 (5), -0.24430 (7), -0.24391 (10), -0.23942 (11), -0.23749 (9), -0.23632 (9), 
Current (lb-rhs): -0.3073784112930298
16432 domains visited
Length of domains: 738
Cumulative time: 28.61046266555786

BaB round 133
batch: 64
splitting decisions: 
split level 0: [/input-28, 29] [/input-8, 995] [/input-8, 35] [/input, 1672] [/44, 357] [/39, 414] [/input-28, 29] [/input-28, 93] [/input-8, 35] [/input, 1143] 
best_l after optimization: -0.8009635806083679
beta sum per layer: [0.4661223590373993, 21.123735427856445, 15.856345176696777, 27.863880157470703, 60.921119689941406, 46.734596252441406]
alpha/beta optimization time: 0.13983774185180664
pruning_in_iteration open status: True
ratio of positive domain = 64 / 128 = 0.5
pruning-in-iteration extra time: 0.0056264400482177734
Time: get_branching_decision.update_bounds 0.0154    pickout 0.0098    branching_decision 0.0001    decision 0.0001    set_bounds 0.0031    prepare 0.0049    transfer 0.0000    finalize 0.0013    func 0.1951    solve 0.2038    add 0.0008    bab_iteration 0.2182    
Accumulated time: get_branching_decision.update_bounds 0.0154    bab_iteration 28.5884    pickout 1.2339    decision 0.0135    branching_decision 0.0114    set_bounds 0.4044    solve 26.8108    func 26.9997    prepare 0.6467    transfer 0.0015    finalize 0.2121    add 0.1179    
max lb 9.999999747378752e-05 min lb -0.057674407958984375
Number of Verified Splits: 64 of 128
Current worst splitting domains lb-rhs (depth):
-0.30738 (6), -0.30721 (6), -0.29449 (5), -0.28459 (5), -0.28008 (6), -0.27746 (6), -0.27236 (5), -0.27216 (5), -0.26685 (7), -0.26645 (5), -0.26371 (7), -0.25911 (8), -0.25722 (8), -0.25306 (7), -0.24440 (5), -0.24430 (7), -0.24391 (10), -0.23942 (11), -0.23749 (9), -0.23632 (9), 
Current (lb-rhs): -0.3073784112930298
16560 domains visited
Length of domains: 738
Cumulative time: 28.819540977478027

BaB round 134
batch: 64
splitting decisions: 
split level 0: [/input, 1143] [/44, 474] [/39, 482] [/44, 17] [/input-28, 29] [/44, 474] [/44, 537] [/44, 357] [/44, 537] [/44, 434] 
best_l after optimization: -0.8161872625350952
beta sum per layer: [0.6985598802566528, 15.209352493286133, 9.598661422729492, 14.607162475585938, 59.91943359375, 49.5010986328125]
alpha/beta optimization time: 0.1444685459136963
pruning_in_iteration open status: True
ratio of positive domain = 82 / 128 = 0.640625
pruning-in-iteration extra time: 0.005872964859008789
Time: get_branching_decision.update_bounds 0.0154    pickout 0.0096    branching_decision 0.0001    decision 0.0001    set_bounds 0.0031    prepare 0.0049    transfer 0.0000    finalize 0.0012    func 0.1908    solve 0.1952    add 0.0008    bab_iteration 0.2091    
Accumulated time: get_branching_decision.update_bounds 0.0154    bab_iteration 28.7975    pickout 1.2435    decision 0.0136    branching_decision 0.0114    set_bounds 0.4075    solve 27.0060    func 27.1905    prepare 0.6516    transfer 0.0015    finalize 0.2133    add 0.1188    
max lb 9.999999747378752e-05 min lb -0.05487203598022461
Number of Verified Splits: 82 of 128
Current worst splitting domains lb-rhs (depth):
-0.30738 (6), -0.30721 (6), -0.29449 (5), -0.28459 (5), -0.28008 (6), -0.27746 (6), -0.27236 (5), -0.27216 (5), -0.26685 (7), -0.26645 (5), -0.26371 (7), -0.25911 (8), -0.25722 (8), -0.25306 (7), -0.24440 (5), -0.24430 (7), -0.24391 (10), -0.23942 (11), -0.23749 (9), -0.23632 (9), 
Current (lb-rhs): -0.3073784112930298
16688 domains visited
Length of domains: 720
Cumulative time: 29.02416753768921

BaB round 135
batch: 64
splitting decisions: 
split level 0: [/44, 525] [/44, 434] [/input-8, 995] [/44, 476] [/44, 483] [/44, 148] [/input, 1672] [/44, 483] [/44, 483] [/44, 148] 
best_l after optimization: -1.7158732414245605
beta sum per layer: [2.3863749504089355, 16.34331703186035, 11.778345108032227, 18.235149383544922, 71.7755126953125, 51.28386688232422]
alpha/beta optimization time: 0.13993263244628906
pruning_in_iteration open status: True
ratio of positive domain = 55 / 128 = 0.4296875
pruning-in-iteration extra time: 0.0062830448150634766
Time: get_branching_decision.update_bounds 0.0154    pickout 0.0096    branching_decision 0.0001    decision 0.0001    set_bounds 0.0032    prepare 0.0051    transfer 0.0000    finalize 0.0015    func 0.1995    solve 0.1908    add 0.0008    bab_iteration 0.2046    
Accumulated time: get_branching_decision.update_bounds 0.0154    bab_iteration 29.0021    pickout 1.2530    decision 0.0137    branching_decision 0.0115    set_bounds 0.4107    solve 27.1968    func 27.3899    prepare 0.6567    transfer 0.0015    finalize 0.2148    add 0.1196    
max lb 9.999999747378752e-05 min lb -0.07108932733535767
Number of Verified Splits: 55 of 128
Current worst splitting domains lb-rhs (depth):
-0.30738 (6), -0.30721 (6), -0.29449 (5), -0.28459 (5), -0.28008 (6), -0.27746 (6), -0.27236 (5), -0.27216 (5), -0.26685 (7), -0.26645 (5), -0.26371 (7), -0.25911 (8), -0.25722 (8), -0.25306 (7), -0.24440 (5), -0.24430 (7), -0.24391 (10), -0.23942 (11), -0.23749 (9), -0.23632 (9), 
Current (lb-rhs): -0.3073784112930298
16816 domains visited
Length of domains: 729
Cumulative time: 29.23757028579712

BaB round 136
batch: 64
splitting decisions: 
split level 0: [/44, 434] [/39, 404] [/39, 404] [/input-8, 35] [/input, 1412] [/44, 17] [/input-8, 35] [/39, 482] [/input-28, 75] [/44, 559] 
best_l after optimization: -1.9535988569259644
beta sum per layer: [4.94619607925415, 24.453739166259766, 19.005401611328125, 29.502281188964844, 74.2043228149414, 38.868743896484375]
alpha/beta optimization time: 0.18032288551330566
pruning_in_iteration open status: True
ratio of positive domain = 38 / 128 = 0.296875
pruning-in-iteration extra time: 0.008171558380126953
Time: get_branching_decision.update_bounds 0.0154    pickout 0.0100    branching_decision 0.0001    decision 0.0001    set_bounds 0.0033    prepare 0.0050    transfer 0.0000    finalize 0.0019    func 0.2525    solve 0.1995    add 0.0009    bab_iteration 0.2134    
Accumulated time: get_branching_decision.update_bounds 0.0154    bab_iteration 29.2155    pickout 1.2630    decision 0.0138    branching_decision 0.0116    set_bounds 0.4140    solve 27.3963    func 27.6425    prepare 0.6617    transfer 0.0015    finalize 0.2166    add 0.1205    
max lb 9.999999747378752e-05 min lb -0.06525230407714844
Number of Verified Splits: 38 of 128
Current worst splitting domains lb-rhs (depth):
-0.30738 (6), -0.30721 (6), -0.29449 (5), -0.28459 (5), -0.28008 (6), -0.27746 (6), -0.27236 (5), -0.27216 (5), -0.26685 (7), -0.26645 (5), -0.26371 (7), -0.25911 (8), -0.25722 (8), -0.25306 (7), -0.24440 (5), -0.24430 (7), -0.24391 (10), -0.23942 (11), -0.23749 (9), -0.23632 (9), 
Current (lb-rhs): -0.3073784112930298
16944 domains visited
Length of domains: 755
Cumulative time: 29.504645586013794

BaB round 137
batch: 64
splitting decisions: 
split level 0: [/input-8, 35] [/39, 434] [/input-8, 35] [/44, 37] [/39, 482] [/input-28, 75] [/input-8, 35] [/input, 1412] [/44, 786] [/input, 1412] 
best_l after optimization: -1.478402853012085
beta sum per layer: [7.375710964202881, 31.039026260375977, 24.080093383789062, 38.94282913208008, 62.94847869873047, 27.721153259277344]
alpha/beta optimization time: 0.16586542129516602
pruning_in_iteration open status: True
ratio of positive domain = 37 / 128 = 0.2890625
pruning-in-iteration extra time: 0.006699085235595703
Time: get_branching_decision.update_bounds 0.0154    pickout 0.0097    branching_decision 0.0001    decision 0.0002    set_bounds 0.0038    prepare 0.0051    transfer 0.0000    finalize 0.0019    func 0.2374    solve 0.2526    add 0.0009    bab_iteration 0.2671    
Accumulated time: get_branching_decision.update_bounds 0.0154    bab_iteration 29.4826    pickout 1.2727    decision 0.0140    branching_decision 0.0118    set_bounds 0.4178    solve 27.6489    func 27.8799    prepare 0.6668    transfer 0.0015    finalize 0.2186    add 0.1214    
max lb 9.999999747378752e-05 min lb -0.060486793518066406
Number of Verified Splits: 37 of 128
Current worst splitting domains lb-rhs (depth):
-0.30738 (6), -0.30721 (6), -0.29449 (5), -0.28459 (5), -0.28008 (6), -0.27746 (6), -0.27236 (5), -0.27216 (5), -0.26685 (7), -0.26645 (5), -0.26371 (7), -0.25911 (8), -0.25722 (8), -0.25306 (7), -0.24440 (5), -0.24430 (7), -0.24391 (10), -0.23942 (11), -0.23749 (9), -0.23632 (9), 
Current (lb-rhs): -0.3073784112930298
17072 domains visited
Length of domains: 782
Cumulative time: 29.756788969039917

BaB round 138
batch: 64
splitting decisions: 
split level 0: [/39, 844] [/44, 656] [/44, 37] [/input-20, 653] [/input-28, 75] [/input, 1412] [/input-28, 46] [/44, 37] [/39, 164] [/44, 786] 
best_l after optimization: -1.0972038507461548
beta sum per layer: [6.967235565185547, 28.597187042236328, 24.716365814208984, 37.32768630981445, 60.19532775878906, 25.343122482299805]
alpha/beta optimization time: 0.15364933013916016
pruning_in_iteration open status: True
ratio of positive domain = 46 / 128 = 0.359375
pruning-in-iteration extra time: 0.005999565124511719
Time: get_branching_decision.update_bounds 0.0154    pickout 0.0095    branching_decision 0.0001    decision 0.0001    set_bounds 0.0028    prepare 0.0050    transfer 0.0000    finalize 0.0019    func 0.2218    solve 0.2375    add 0.0009    bab_iteration 0.2521    
Accumulated time: get_branching_decision.update_bounds 0.0154    bab_iteration 29.7347    pickout 1.2822    decision 0.0141    branching_decision 0.0118    set_bounds 0.4206    solve 27.8864    func 28.1016    prepare 0.6718    transfer 0.0016    finalize 0.2205    add 0.1223    
max lb 0.0005025863647460938 min lb -0.055002450942993164
Number of Verified Splits: 46 of 128
Current worst splitting domains lb-rhs (depth):
-0.30738 (6), -0.30721 (6), -0.29449 (5), -0.28459 (5), -0.28008 (6), -0.27746 (6), -0.27236 (5), -0.27216 (5), -0.26685 (7), -0.26645 (5), -0.26371 (7), -0.25911 (8), -0.25722 (8), -0.25306 (7), -0.24440 (5), -0.24430 (7), -0.24391 (10), -0.23942 (11), -0.23749 (9), -0.23632 (9), 
Current (lb-rhs): -0.3073784112930298
17200 domains visited
Length of domains: 800
Cumulative time: 29.992851734161377

BaB round 139
batch: 64
splitting decisions: 
split level 0: [/input-28, 46] [/input-28, 75] [/39, 482] [/44, 537] [/39, 659] [/39, 164] [/44, 537] [/44, 559] [/44, 559] [/input-8, 604] 
best_l after optimization: -0.8618083000183105
beta sum per layer: [4.589069366455078, 23.905359268188477, 18.983745574951172, 28.021778106689453, 57.559879302978516, 29.118038177490234]
alpha/beta optimization time: 0.15583443641662598
pruning_in_iteration open status: True
ratio of positive domain = 52 / 128 = 0.40625
pruning-in-iteration extra time: 0.008013248443603516
Time: get_branching_decision.update_bounds 0.0154    pickout 0.0103    branching_decision 0.0001    decision 0.0001    set_bounds 0.0031    prepare 0.0049    transfer 0.0000    finalize 0.0016    func 0.2232    solve 0.2218    add 0.0016    bab_iteration 0.2361    
Accumulated time: get_branching_decision.update_bounds 0.0154    bab_iteration 29.9708    pickout 1.2926    decision 0.0141    branching_decision 0.0119    set_bounds 0.4237    solve 28.1082    func 28.3248    prepare 0.6767    transfer 0.0016    finalize 0.2221    add 0.1239    
max lb 9.999999747378752e-05 min lb -0.05034506320953369
Number of Verified Splits: 52 of 128
Current worst splitting domains lb-rhs (depth):
-0.30738 (6), -0.30721 (6), -0.29449 (5), -0.28459 (5), -0.28008 (6), -0.27746 (6), -0.27236 (5), -0.27216 (5), -0.26685 (7), -0.26645 (5), -0.26371 (7), -0.25911 (8), -0.25722 (8), -0.25306 (7), -0.24440 (5), -0.24430 (7), -0.24391 (10), -0.23942 (11), -0.23749 (9), -0.23632 (9), 
Current (lb-rhs): -0.3073784112930298
17328 domains visited
Length of domains: 812
Cumulative time: 30.231334686279297

BaB round 140
batch: 64
splitting decisions: 
split level 0: [/input, 1412] [/44, 559] [/39, 156] [/input-28, 46] [/39, 883] [/44, 537] [/44, 537] [/39, 732] [/44, 786] [/input-8, 35] 
best_l after optimization: -0.6941571831703186
beta sum per layer: [2.5971128940582275, 19.27896499633789, 14.59136962890625, 16.96603775024414, 57.074851989746094, 31.719308853149414]
alpha/beta optimization time: 0.13454079627990723
pruning_in_iteration open status: True
ratio of positive domain = 68 / 128 = 0.53125
pruning-in-iteration extra time: 0.005677223205566406
Time: get_branching_decision.update_bounds 0.0154    pickout 0.0105    branching_decision 0.0001    decision 0.0001    set_bounds 0.0029    prepare 0.0050    transfer 0.0000    finalize 0.0012    func 0.1865    solve 0.2232    add 0.0015    bab_iteration 0.2385    
Accumulated time: get_branching_decision.update_bounds 0.0154    bab_iteration 30.2093    pickout 1.3031    decision 0.0142    branching_decision 0.0120    set_bounds 0.4266    solve 28.3314    func 28.5113    prepare 0.6817    transfer 0.0016    finalize 0.2234    add 0.1254    
max lb 9.999999747378752e-05 min lb -0.04524528980255127
Number of Verified Splits: 68 of 128
Current worst splitting domains lb-rhs (depth):
-0.30738 (6), -0.30721 (6), -0.29449 (5), -0.28459 (5), -0.28008 (6), -0.27746 (6), -0.27236 (5), -0.27216 (5), -0.26685 (7), -0.26645 (5), -0.26371 (7), -0.25911 (8), -0.25722 (8), -0.25306 (7), -0.24440 (5), -0.24430 (7), -0.24391 (10), -0.23942 (11), -0.23749 (9), -0.23632 (9), 
Current (lb-rhs): -0.3073784112930298
17456 domains visited
Length of domains: 808
Cumulative time: 30.4323091506958

BaB round 141
batch: 64
splitting decisions: 
split level 0: [/44, 786] [/39, 659] [/44, 37] [/44, 786] [/39, 164] [/39, 414] [/39, 659] [/44, 786] [/44, 786] [/input-8, 35] 
best_l after optimization: -0.7297618389129639
beta sum per layer: [1.9971305131912231, 18.413490295410156, 15.85777759552002, 18.218740463256836, 62.04630661010742, 26.539602279663086]
alpha/beta optimization time: 0.1418318748474121
pruning_in_iteration open status: True
ratio of positive domain = 65 / 128 = 0.5078125
pruning-in-iteration extra time: 0.006016731262207031
Time: get_branching_decision.update_bounds 0.0154    pickout 0.0095    branching_decision 0.0001    decision 0.0001    set_bounds 0.0031    prepare 0.0049    transfer 0.0000    finalize 0.0015    func 0.1963    solve 0.1865    add 0.0007    bab_iteration 0.2010    
Accumulated time: get_branching_decision.update_bounds 0.0154    bab_iteration 30.4102    pickout 1.3125    decision 0.0143    branching_decision 0.0121    set_bounds 0.4298    solve 28.5180    func 28.7076    prepare 0.6866    transfer 0.0016    finalize 0.2249    add 0.1261    
max lb 9.999999747378752e-05 min lb -0.04086035490036011
Number of Verified Splits: 65 of 128
Current worst splitting domains lb-rhs (depth):
-0.30738 (6), -0.30721 (6), -0.29449 (5), -0.28459 (5), -0.28008 (6), -0.27746 (6), -0.27236 (5), -0.27216 (5), -0.26685 (7), -0.26645 (5), -0.26371 (7), -0.25911 (8), -0.25722 (8), -0.25306 (7), -0.24440 (5), -0.24430 (7), -0.24391 (10), -0.23942 (11), -0.23749 (9), -0.23632 (9), 
Current (lb-rhs): -0.3073784112930298
17584 domains visited
Length of domains: 807
Cumulative time: 30.642244338989258

BaB round 142
batch: 64
splitting decisions: 
split level 0: [/44, 559] [/39, 404] [/39, 404] [/39, 883] [/39, 156] [/39, 404] [/39, 156] [/input-8, 35] [/input-8, 869] [/44, 537] 
best_l after optimization: -0.7910292148590088
beta sum per layer: [1.5241039991378784, 16.160423278808594, 13.145307540893555, 12.547123908996582, 62.661014556884766, 29.902633666992188]
alpha/beta optimization time: 0.15024876594543457
pruning_in_iteration open status: True
ratio of positive domain = 64 / 128 = 0.5
pruning-in-iteration extra time: 0.006638765335083008
Time: get_branching_decision.update_bounds 0.0154    pickout 0.0095    branching_decision 0.0001    decision 0.0001    set_bounds 0.0029    prepare 0.0049    transfer 0.0000    finalize 0.0017    func 0.2064    solve 0.1963    add 0.0008    bab_iteration 0.2099    
Accumulated time: get_branching_decision.update_bounds 0.0154    bab_iteration 30.6202    pickout 1.3221    decision 0.0144    branching_decision 0.0122    set_bounds 0.4327    solve 28.7143    func 28.9140    prepare 0.6915    transfer 0.0016    finalize 0.2266    add 0.1269    
max lb 9.999999747378752e-05 min lb -0.03667169809341431
Number of Verified Splits: 64 of 128
Current worst splitting domains lb-rhs (depth):
-0.30738 (6), -0.30721 (6), -0.29449 (5), -0.28459 (5), -0.28008 (6), -0.27746 (6), -0.27236 (5), -0.27216 (5), -0.26685 (7), -0.26645 (5), -0.26371 (7), -0.25911 (8), -0.25722 (8), -0.25306 (7), -0.24440 (5), -0.24430 (7), -0.24391 (10), -0.23942 (11), -0.23749 (9), -0.23632 (9), 
Current (lb-rhs): -0.3073784112930298
17712 domains visited
Length of domains: 807
Cumulative time: 30.862285614013672

BaB round 143
batch: 64
splitting decisions: 
split level 0: [/44, 786] [/input-20, 659] [/input-28, 75] [/input-20, 659] [/39, 414] [/39, 404] [/input, 393] [/input-8, 35] [/input-8, 35] [/39, 404] 
best_l after optimization: -0.7805310487747192
beta sum per layer: [1.3698625564575195, 17.416017532348633, 13.031424522399902, 10.947949409484863, 70.25365447998047, 30.390979766845703]
alpha/beta optimization time: 0.15337896347045898
pruning_in_iteration open status: True
ratio of positive domain = 61 / 128 = 0.4765625
pruning-in-iteration extra time: 0.006153583526611328
Time: get_branching_decision.update_bounds 0.0154    pickout 0.0103    branching_decision 0.0001    decision 0.0002    set_bounds 0.0039    prepare 0.0054    transfer 0.0000    finalize 0.0015    func 0.2120    solve 0.2065    add 0.0009    bab_iteration 0.2200    
Accumulated time: get_branching_decision.update_bounds 0.0154    bab_iteration 30.8402    pickout 1.3323    decision 0.0146    branching_decision 0.0123    set_bounds 0.4366    solve 28.9207    func 29.1260    prepare 0.6969    transfer 0.0016    finalize 0.2281    add 0.1278    
max lb 9.999999747378752e-05 min lb -0.032326579093933105
Number of Verified Splits: 61 of 128
Current worst splitting domains lb-rhs (depth):
-0.30738 (6), -0.30721 (6), -0.29449 (5), -0.28459 (5), -0.28008 (6), -0.27746 (6), -0.27236 (5), -0.27216 (5), -0.26685 (7), -0.26645 (5), -0.26371 (7), -0.25911 (8), -0.25722 (8), -0.25306 (7), -0.24440 (5), -0.24430 (7), -0.24391 (10), -0.23942 (11), -0.23749 (9), -0.23632 (9), 
Current (lb-rhs): -0.3073784112930298
17840 domains visited
Length of domains: 810
Cumulative time: 31.08977246284485

BaB round 144
batch: 64
splitting decisions: 
split level 0: [/input-28, 46] [/input-28, 46] [/input-28, 46] [/input-20, 659] [/39, 404] [/input-28, 46] [/39, 404] [/input-28, 46] [/input-8, 851] [/44, 474] 
best_l after optimization: -0.8269177675247192
beta sum per layer: [0.4578297734260559, 14.911344528198242, 9.549322128295898, 4.724761009216309, 72.1915283203125, 29.949331283569336]
alpha/beta optimization time: 0.1345963478088379
pruning_in_iteration open status: True
ratio of positive domain = 70 / 128 = 0.546875
pruning-in-iteration extra time: 0.00526881217956543
Time: get_branching_decision.update_bounds 0.0154    pickout 0.0095    branching_decision 0.0001    decision 0.0001    set_bounds 0.0035    prepare 0.0051    transfer 0.0000    finalize 0.0014    func 0.1896    solve 0.2120    add 0.0009    bab_iteration 0.2275    
Accumulated time: get_branching_decision.update_bounds 0.0154    bab_iteration 31.0677    pickout 1.3418    decision 0.0147    branching_decision 0.0124    set_bounds 0.4401    solve 29.1328    func 29.3156    prepare 0.7020    transfer 0.0016    finalize 0.2296    add 0.1287    
max lb 9.999999747378752e-05 min lb -0.02877199649810791
Number of Verified Splits: 70 of 128
Current worst splitting domains lb-rhs (depth):
-0.30738 (6), -0.30721 (6), -0.29449 (5), -0.28459 (5), -0.28008 (6), -0.27746 (6), -0.27236 (5), -0.27216 (5), -0.26685 (7), -0.26645 (5), -0.26371 (7), -0.25911 (8), -0.25722 (8), -0.25306 (7), -0.24440 (5), -0.24430 (7), -0.24391 (10), -0.23942 (11), -0.23749 (9), -0.23632 (9), 
Current (lb-rhs): -0.3073784112930298
17968 domains visited
Length of domains: 804
Cumulative time: 31.29384207725525

BaB round 145
batch: 64
splitting decisions: 
split level 0: [/input-8, 35] [/input-28, 46] [/44, 474] [/39, 404] [/input-28, 46] [/input-20, 659] [/input-8, 35] [/39, 739] [/39, 732] [/39, 732] 
best_l after optimization: -1.0037175416946411
beta sum per layer: [0.0, 16.263702392578125, 7.469427108764648, 1.6054072380065918, 61.473876953125, 31.474273681640625]
alpha/beta optimization time: 0.1629936695098877
pruning_in_iteration open status: True
ratio of positive domain = 47 / 128 = 0.3671875
pruning-in-iteration extra time: 0.009423971176147461
Time: get_branching_decision.update_bounds 0.0154    pickout 0.0093    branching_decision 0.0001    decision 0.0001    set_bounds 0.0035    prepare 0.0051    transfer 0.0000    finalize 0.0017    func 0.2286    solve 0.1897    add 0.0011    bab_iteration 0.2040    
Accumulated time: get_branching_decision.update_bounds 0.0154    bab_iteration 31.2717    pickout 1.3512    decision 0.0148    branching_decision 0.0125    set_bounds 0.4436    solve 29.3224    func 29.5442    prepare 0.7071    transfer 0.0017    finalize 0.2313    add 0.1298    
max lb 9.999999747378752e-05 min lb -0.025085806846618652
Number of Verified Splits: 47 of 128
Current worst splitting domains lb-rhs (depth):
-0.30738 (6), -0.30721 (6), -0.29449 (5), -0.28459 (5), -0.28008 (6), -0.27746 (6), -0.27236 (5), -0.27216 (5), -0.26685 (7), -0.26645 (5), -0.26371 (7), -0.25911 (8), -0.25722 (8), -0.25306 (7), -0.24440 (5), -0.24430 (7), -0.24391 (10), -0.23942 (11), -0.23749 (9), -0.23632 (9), 
Current (lb-rhs): -0.3073784112930298
18096 domains visited
Length of domains: 821
Cumulative time: 31.53637433052063

BaB round 146
batch: 64
splitting decisions: 
split level 0: [/44, 474] [/44, 474] [/44, 474] [/44, 474] [/44, 537] [/39, 732] [/44, 474] [/39, 732] [/39, 732] [/44, 474] 
best_l after optimization: -0.7573997974395752
beta sum per layer: [0.0, 16.546438217163086, 6.598677158355713, 0.0, 49.1216926574707, 32.60087966918945]
alpha/beta optimization time: 0.14466452598571777
pruning_in_iteration open status: True
ratio of positive domain = 63 / 128 = 0.4921875
pruning-in-iteration extra time: 0.007000923156738281
Time: get_branching_decision.update_bounds 0.0154    pickout 0.0095    branching_decision 0.0001    decision 0.0001    set_bounds 0.0031    prepare 0.0048    transfer 0.0000    finalize 0.0014    func 0.1995    solve 0.2286    add 0.0009    bab_iteration 0.2425    
Accumulated time: get_branching_decision.update_bounds 0.0154    bab_iteration 31.5143    pickout 1.3607    decision 0.0149    branching_decision 0.0125    set_bounds 0.4467    solve 29.5511    func 29.7437    prepare 0.7118    transfer 0.0017    finalize 0.2327    add 0.1306    
max lb 9.999999747378752e-05 min lb -0.021357178688049316
Number of Verified Splits: 63 of 128
Current worst splitting domains lb-rhs (depth):
-0.30738 (6), -0.30721 (6), -0.29449 (5), -0.28459 (5), -0.28008 (6), -0.27746 (6), -0.27236 (5), -0.27216 (5), -0.26685 (7), -0.26645 (5), -0.26371 (7), -0.25911 (8), -0.25722 (8), -0.25306 (7), -0.24440 (5), -0.24430 (7), -0.24391 (10), -0.23942 (11), -0.23749 (9), -0.23632 (9), 
Current (lb-rhs): -0.3073784112930298
18224 domains visited
Length of domains: 822
Cumulative time: 31.74971055984497

BaB round 147
batch: 64
splitting decisions: 
split level 0: [/44, 474] [/input-8, 35] [/44, 474] [/44, 474] [/44, 474] [/39, 732] [/44, 474] [/input-8, 597] [/input-8, 35] [/44, 474] 
best_l after optimization: -0.5662946105003357
beta sum per layer: [0.0, 17.033443450927734, 7.086404800415039, 0.0, 38.943687438964844, 33.2380256652832]
alpha/beta optimization time: 0.14961624145507812
pruning_in_iteration open status: True
ratio of positive domain = 67 / 128 = 0.5234375
pruning-in-iteration extra time: 0.006509304046630859
Time: get_branching_decision.update_bounds 0.0154    pickout 0.0091    branching_decision 0.0001    decision 0.0001    set_bounds 0.0029    prepare 0.0048    transfer 0.0000    finalize 0.0013    func 0.2013    solve 0.1996    add 0.0009    bab_iteration 0.2133    
Accumulated time: get_branching_decision.update_bounds 0.0154    bab_iteration 31.7276    pickout 1.3698    decision 0.0149    branching_decision 0.0126    set_bounds 0.4496    solve 29.7506    func 29.9450    prepare 0.7166    transfer 0.0017    finalize 0.2339    add 0.1315    
max lb 9.999999747378752e-05 min lb -0.017623066902160645
Number of Verified Splits: 67 of 128
Current worst splitting domains lb-rhs (depth):
-0.30738 (6), -0.30721 (6), -0.29449 (5), -0.28459 (5), -0.28008 (6), -0.27746 (6), -0.27236 (5), -0.27216 (5), -0.26685 (7), -0.26645 (5), -0.26371 (7), -0.25911 (8), -0.25722 (8), -0.25306 (7), -0.24440 (5), -0.24430 (7), -0.24391 (10), -0.23942 (11), -0.23749 (9), -0.23632 (9), 
Current (lb-rhs): -0.3073784112930298
18352 domains visited
Length of domains: 819
Cumulative time: 31.964086294174194

BaB round 148
batch: 64
splitting decisions: 
split level 0: [/44, 474] [/44, 474] [/39, 732] [/44, 474] [/44, 474] [/39, 404] [/39, 404] [/39, 414] [/39, 404] [/39, 414] 
best_l after optimization: -0.4020305275917053
beta sum per layer: [0.0, 16.04084014892578, 8.00621509552002, 0.0, 38.455177307128906, 34.003047943115234]
alpha/beta optimization time: 0.1440727710723877
pruning_in_iteration open status: True
ratio of positive domain = 64 / 128 = 0.5
pruning-in-iteration extra time: 0.007190704345703125
Time: get_branching_decision.update_bounds 0.0154    pickout 0.0091    branching_decision 0.0001    decision 0.0001    set_bounds 0.0032    prepare 0.0046    transfer 0.0000    finalize 0.0030    func 0.1991    solve 0.2013    add 0.0008    bab_iteration 0.2144    
Accumulated time: get_branching_decision.update_bounds 0.0154    bab_iteration 31.9420    pickout 1.3789    decision 0.0150    branching_decision 0.0127    set_bounds 0.4528    solve 29.9520    func 30.1441    prepare 0.7212    transfer 0.0017    finalize 0.2369    add 0.1323    
max lb 9.999999747378752e-05 min lb -0.014746785163879395
Number of Verified Splits: 64 of 128
Current worst splitting domains lb-rhs (depth):
-0.30738 (6), -0.30721 (6), -0.29449 (5), -0.28459 (5), -0.28008 (6), -0.27746 (6), -0.27236 (5), -0.27216 (5), -0.26685 (7), -0.26645 (5), -0.26371 (7), -0.25911 (8), -0.25722 (8), -0.25306 (7), -0.24440 (5), -0.24430 (7), -0.24391 (10), -0.23942 (11), -0.23749 (9), -0.23632 (9), 
Current (lb-rhs): -0.3073784112930298
18480 domains visited
Length of domains: 819
Cumulative time: 32.17692756652832

BaB round 149
batch: 64
splitting decisions: 
split level 0: [/39, 414] [/39, 414] [/39, 404] [/39, 404] [/39, 404] [/input-8, 597] [/input-8, 597] [/input-8, 597] [/44, 482] [/input-8, 597] 
best_l after optimization: -0.27263209223747253
beta sum per layer: [0.0, 12.652565956115723, 10.631656646728516, 0.0, 38.6168327331543, 34.859771728515625]
alpha/beta optimization time: 0.141357421875
pruning_in_iteration open status: True
ratio of positive domain = 73 / 128 = 0.5703125
pruning-in-iteration extra time: 0.005411386489868164
Time: get_branching_decision.update_bounds 0.0154    pickout 0.0096    branching_decision 0.0001    decision 0.0001    set_bounds 0.0031    prepare 0.0051    transfer 0.0000    finalize 0.0012    func 0.1890    solve 0.1992    add 0.0010    bab_iteration 0.2128    
Accumulated time: get_branching_decision.update_bounds 0.0154    bab_iteration 32.1548    pickout 1.3885    decision 0.0151    branching_decision 0.0128    set_bounds 0.4559    solve 30.1512    func 30.3331    prepare 0.7263    transfer 0.0017    finalize 0.2381    add 0.1333    
max lb 9.999999747378752e-05 min lb -0.01069551706314087
Number of Verified Splits: 73 of 128
Current worst splitting domains lb-rhs (depth):
-0.30738 (6), -0.30721 (6), -0.29449 (5), -0.28459 (5), -0.28008 (6), -0.27746 (6), -0.27236 (5), -0.27216 (5), -0.26685 (7), -0.26645 (5), -0.26371 (7), -0.25911 (8), -0.25722 (8), -0.25306 (7), -0.24440 (5), -0.24430 (7), -0.24391 (10), -0.23942 (11), -0.23749 (9), -0.23632 (9), 
Current (lb-rhs): -0.3073784112930298
18608 domains visited
Length of domains: 810
Cumulative time: 32.379629373550415

BaB round 150
batch: 64
splitting decisions: 
split level 0: [/44, 474] [/44, 474] [/39, 732] [/44, 474] [/44, 474] [/44, 474] [/44, 474] [/44, 474] [/44, 474] [/39, 414] 
best_l after optimization: -0.16806888580322266
beta sum per layer: [0.0, 9.678909301757812, 12.293452262878418, 0.0, 39.14910888671875, 35.37098693847656]
alpha/beta optimization time: 0.13367724418640137
pruning_in_iteration open status: True
ratio of positive domain = 81 / 128 = 0.6328125
pruning-in-iteration extra time: 0.004499197006225586
Time: get_branching_decision.update_bounds 0.0154    pickout 0.0092    branching_decision 0.0001    decision 0.0001    set_bounds 0.0032    prepare 0.0046    transfer 0.0000    finalize 0.0010    func 0.1804    solve 0.1890    add 0.0008    bab_iteration 0.2027    
Accumulated time: get_branching_decision.update_bounds 0.0154    bab_iteration 32.3575    pickout 1.3977    decision 0.0152    branching_decision 0.0128    set_bounds 0.4591    solve 30.3402    func 30.5135    prepare 0.7309    transfer 0.0017    finalize 0.2391    add 0.1341    
max lb 9.999999747378752e-05 min lb -0.012964308261871338
Number of Verified Splits: 81 of 128
Current worst splitting domains lb-rhs (depth):
-0.30738 (6), -0.30721 (6), -0.29449 (5), -0.28459 (5), -0.28008 (6), -0.27746 (6), -0.27236 (5), -0.27216 (5), -0.26685 (7), -0.26645 (5), -0.26371 (7), -0.25911 (8), -0.25722 (8), -0.25306 (7), -0.24440 (5), -0.24430 (7), -0.24391 (10), -0.23942 (11), -0.23749 (9), -0.23632 (9), 
Current (lb-rhs): -0.3073784112930298
18736 domains visited
Length of domains: 793
Cumulative time: 32.57347273826599

BaB round 151
batch: 64
splitting decisions: 
split level 0: [/39, 659] [/input-28, 46] [/39, 156] [/44, 786] [/39, 404] [/44, 474] [/39, 883] [/39, 414] [/input-8, 35] [/39, 156] 
best_l after optimization: -0.11068706959486008
beta sum per layer: [1.9259557723999023, 16.878259658813477, 14.886945724487305, 10.934957504272461, 43.796905517578125, 32.77012634277344]
alpha/beta optimization time: 0.13485074043273926
pruning_in_iteration open status: True
ratio of positive domain = 86 / 128 = 0.671875
pruning-in-iteration extra time: 0.004303455352783203
Time: get_branching_decision.update_bounds 0.0154    pickout 0.0094    branching_decision 0.0001    decision 0.0001    set_bounds 0.0031    prepare 0.0048    transfer 0.0000    finalize 0.0010    func 0.1912    solve 0.1804    add 0.0007    bab_iteration 0.1938    
Accumulated time: get_branching_decision.update_bounds 0.0154    bab_iteration 32.5513    pickout 1.4071    decision 0.0153    branching_decision 0.0129    set_bounds 0.4622    solve 30.5206    func 30.7047    prepare 0.7357    transfer 0.0017    finalize 0.2401    add 0.1348    
max lb 9.999999747378752e-05 min lb -0.014968395233154297
Number of Verified Splits: 86 of 128
Current worst splitting domains lb-rhs (depth):
-0.30738 (6), -0.30721 (6), -0.29449 (5), -0.28459 (5), -0.28008 (6), -0.27746 (6), -0.27236 (5), -0.27216 (5), -0.26685 (7), -0.26645 (5), -0.26371 (7), -0.25911 (8), -0.25722 (8), -0.25306 (7), -0.24440 (5), -0.24430 (7), -0.24391 (10), -0.23942 (11), -0.23749 (9), -0.23632 (9), 
Current (lb-rhs): -0.3073784112930298
18864 domains visited
Length of domains: 771
Cumulative time: 32.778130531311035

BaB round 152
batch: 64
splitting decisions: 
split level 0: [/39, 414] [/39, 482] [/44, 786] [/44, 37] [/input-28, 46] [/39, 414] [/input-8, 604] [/39, 404] [/44, 786] [/input-28, 46] 
best_l after optimization: -0.36138930916786194
beta sum per layer: [3.8091907501220703, 24.170223236083984, 19.355173110961914, 21.798160552978516, 51.581825256347656, 29.371440887451172]
alpha/beta optimization time: 0.14647221565246582
pruning_in_iteration open status: True
ratio of positive domain = 97 / 128 = 0.7578125
pruning-in-iteration extra time: 0.0041959285736083984
Time: get_branching_decision.update_bounds 0.0154    pickout 0.0103    branching_decision 0.0001    decision 0.0001    set_bounds 0.0030    prepare 0.0050    transfer 0.0000    finalize 0.0009    func 0.1885    solve 0.1912    add 0.0007    bab_iteration 0.2047    
Accumulated time: get_branching_decision.update_bounds 0.0154    bab_iteration 32.7560    pickout 1.4174    decision 0.0154    branching_decision 0.0130    set_bounds 0.4653    solve 30.7118    func 30.8932    prepare 0.7407    transfer 0.0017    finalize 0.2410    add 0.1354    
max lb 0.0002582669258117676 min lb -0.05080235004425049
Number of Verified Splits: 97 of 128
Current worst splitting domains lb-rhs (depth):
-0.30738 (6), -0.30721 (6), -0.29449 (5), -0.28459 (5), -0.28008 (6), -0.27746 (6), -0.27236 (5), -0.27216 (5), -0.26685 (7), -0.26645 (5), -0.26371 (7), -0.25911 (8), -0.25722 (8), -0.25306 (7), -0.24440 (5), -0.24430 (7), -0.24391 (10), -0.23942 (11), -0.23749 (9), -0.23632 (9), 
Current (lb-rhs): -0.3073784112930298
18992 domains visited
Length of domains: 738
Cumulative time: 32.98128604888916

BaB round 153
batch: 64
splitting decisions: 
split level 0: [/input-20, 653] [/input, 1412] [/input-28, 75] [/44, 559] [/39, 482] [/input-20, 653] [/input-28, 75] [/input-20, 659] [/44, 786] [/input-28, 75] 
best_l after optimization: -1.2374576330184937
beta sum per layer: [6.416204929351807, 35.82579803466797, 28.53276252746582, 38.01783752441406, 60.26231002807617, 21.880382537841797]
alpha/beta optimization time: 0.16214346885681152
pruning_in_iteration open status: True
ratio of positive domain = 52 / 128 = 0.40625
pruning-in-iteration extra time: 0.007198333740234375
Time: get_branching_decision.update_bounds 0.0154    pickout 0.0109    branching_decision 0.0001    decision 0.0001    set_bounds 0.0030    prepare 0.0052    transfer 0.0000    finalize 0.0015    func 0.2231    solve 0.1886    add 0.0009    bab_iteration 0.2032    
Accumulated time: get_branching_decision.update_bounds 0.0154    bab_iteration 32.9591    pickout 1.4283    decision 0.0155    branching_decision 0.0131    set_bounds 0.4683    solve 30.9004    func 31.1163    prepare 0.7460    transfer 0.0018    finalize 0.2425    add 0.1363    
max lb 9.999999747378752e-05 min lb -0.058548688888549805
Number of Verified Splits: 52 of 128
Current worst splitting domains lb-rhs (depth):
-0.30738 (6), -0.30721 (6), -0.29449 (5), -0.28459 (5), -0.28008 (6), -0.27746 (6), -0.27236 (5), -0.27216 (5), -0.26685 (7), -0.26645 (5), -0.26371 (7), -0.25911 (8), -0.25722 (8), -0.25306 (7), -0.24440 (5), -0.24430 (7), -0.24391 (10), -0.23942 (11), -0.23749 (9), -0.23632 (9), 
Current (lb-rhs): -0.3073784112930298
19120 domains visited
Length of domains: 750
Cumulative time: 33.2193386554718

BaB round 154
batch: 64
splitting decisions: 
split level 0: [/input-20, 653] [/input-28, 75] [/input-28, 75] [/input-28, 75] [/39, 156] [/input-8, 995] [/39, 659] [/input-28, 75] [/input-28, 46] [/input-28, 75] 
best_l after optimization: -0.9570640921592712
beta sum per layer: [7.867064952850342, 38.75679397583008, 30.807575225830078, 43.851078033447266, 56.275997161865234, 22.05562973022461]
alpha/beta optimization time: 0.14925599098205566
pruning_in_iteration open status: True
ratio of positive domain = 69 / 128 = 0.5390625
pruning-in-iteration extra time: 0.00665283203125
Time: get_branching_decision.update_bounds 0.0154    pickout 0.0101    branching_decision 0.0001    decision 0.0001    set_bounds 0.0035    prepare 0.0054    transfer 0.0000    finalize 0.0014    func 0.2062    solve 0.2231    add 0.0009    bab_iteration 0.2380    
Accumulated time: get_branching_decision.update_bounds 0.0154    bab_iteration 33.1972    pickout 1.4384    decision 0.0156    branching_decision 0.0132    set_bounds 0.4717    solve 31.1235    func 31.3224    prepare 0.7513    transfer 0.0018    finalize 0.2438    add 0.1372    
max lb 0.002595663070678711 min lb -0.05059283971786499
Number of Verified Splits: 69 of 128
Current worst splitting domains lb-rhs (depth):
-0.30738 (6), -0.30721 (6), -0.29449 (5), -0.28459 (5), -0.28008 (6), -0.27746 (6), -0.27236 (5), -0.27216 (5), -0.26685 (7), -0.26645 (5), -0.26371 (7), -0.25911 (8), -0.25722 (8), -0.25306 (7), -0.24440 (5), -0.24430 (7), -0.24391 (10), -0.23942 (11), -0.23749 (9), -0.23632 (9), 
Current (lb-rhs): -0.3073784112930298
19248 domains visited
Length of domains: 745
Cumulative time: 33.44024109840393

BaB round 155
batch: 64
splitting decisions: 
split level 0: [/39, 414] [/44, 786] [/39, 844] [/input-8, 995] [/39, 482] [/input-20, 659] [/44, 212] [/input-28, 75] [/input-20, 659] [/39, 156] 
best_l after optimization: -1.203221082687378
beta sum per layer: [7.687304496765137, 40.30243682861328, 36.64213943481445, 50.50040054321289, 51.59932327270508, 22.22437286376953]
alpha/beta optimization time: 0.1637437343597412
pruning_in_iteration open status: True
ratio of positive domain = 52 / 128 = 0.40625
pruning-in-iteration extra time: 0.008084535598754883
Time: get_branching_decision.update_bounds 0.0154    pickout 0.0103    branching_decision 0.0001    decision 0.0001    set_bounds 0.0032    prepare 0.0051    transfer 0.0000    finalize 0.0017    func 0.2241    solve 0.2062    add 0.0008    bab_iteration 0.2209    
Accumulated time: get_branching_decision.update_bounds 0.0154    bab_iteration 33.4181    pickout 1.4487    decision 0.0157    branching_decision 0.0133    set_bounds 0.4749    solve 31.3298    func 31.5465    prepare 0.7564    transfer 0.0018    finalize 0.2455    add 0.1380    
max lb 9.999999747378752e-05 min lb -0.0532076358795166
Number of Verified Splits: 52 of 128
Current worst splitting domains lb-rhs (depth):
-0.30738 (6), -0.30721 (6), -0.29449 (5), -0.28459 (5), -0.28008 (6), -0.27746 (6), -0.27236 (5), -0.27216 (5), -0.26685 (7), -0.26645 (5), -0.26371 (7), -0.25911 (8), -0.25722 (8), -0.25306 (7), -0.24440 (5), -0.24430 (7), -0.24391 (10), -0.23942 (11), -0.23749 (9), -0.23632 (9), 
Current (lb-rhs): -0.3073784112930298
19376 domains visited
Length of domains: 757
Cumulative time: 33.678959369659424

BaB round 156
batch: 64
splitting decisions: 
split level 0: [/39, 659] [/input-20, 659] [/input-20, 659] [/input-8, 35] [/39, 156] [/44, 474] [/39, 414] [/39, 414] [/39, 659] [/39, 414] 
best_l after optimization: -0.9509865045547485
beta sum per layer: [5.927702903747559, 31.955564498901367, 28.482398986816406, 35.63742446899414, 59.770530700683594, 24.421125411987305]
alpha/beta optimization time: 0.1432485580444336
pruning_in_iteration open status: True
ratio of positive domain = 61 / 128 = 0.4765625
pruning-in-iteration extra time: 0.006570577621459961
Time: get_branching_decision.update_bounds 0.0154    pickout 0.0110    branching_decision 0.0002    decision 0.0002    set_bounds 0.0035    prepare 0.0056    transfer 0.0000    finalize 0.0015    func 0.1982    solve 0.2241    add 0.0009    bab_iteration 0.2387    
Accumulated time: get_branching_decision.update_bounds 0.0154    bab_iteration 33.6568    pickout 1.4597    decision 0.0159    branching_decision 0.0134    set_bounds 0.4784    solve 31.5539    func 31.7447    prepare 0.7620    transfer 0.0018    finalize 0.2470    add 0.1389    
max lb 0.001638174057006836 min lb -0.048340559005737305
Number of Verified Splits: 61 of 128
Current worst splitting domains lb-rhs (depth):
-0.30738 (6), -0.30721 (6), -0.29449 (5), -0.28459 (5), -0.28008 (6), -0.27746 (6), -0.27236 (5), -0.27216 (5), -0.26685 (7), -0.26645 (5), -0.26371 (7), -0.25911 (8), -0.25722 (8), -0.25306 (7), -0.24440 (5), -0.24430 (7), -0.24391 (10), -0.23942 (11), -0.23749 (9), -0.23632 (9), 
Current (lb-rhs): -0.3073784112930298
19504 domains visited
Length of domains: 760
Cumulative time: 33.89282464981079

BaB round 157
batch: 64
splitting decisions: 
split level 0: [/input-20, 659] [/input-20, 476] [/44, 786] [/44, 475] [/39, 156] [/39, 659] [/39, 164] [/input-28, 46] [/44, 559] [/44, 37] 
best_l after optimization: -1.1068952083587646
beta sum per layer: [4.11734676361084, 29.74488639831543, 25.784423828125, 29.81997299194336, 61.460968017578125, 23.96358871459961]
alpha/beta optimization time: 0.1484379768371582
pruning_in_iteration open status: True
ratio of positive domain = 56 / 128 = 0.4375
pruning-in-iteration extra time: 0.006855964660644531
Time: get_branching_decision.update_bounds 0.0154    pickout 0.0098    branching_decision 0.0001    decision 0.0001    set_bounds 0.0029    prepare 0.0050    transfer 0.0000    finalize 0.0017    func 0.2079    solve 0.1982    add 0.0008    bab_iteration 0.2139    
Accumulated time: get_branching_decision.update_bounds 0.0154    bab_iteration 33.8707    pickout 1.4694    decision 0.0160    branching_decision 0.0135    set_bounds 0.4813    solve 31.7521    func 31.9526    prepare 0.7670    transfer 0.0018    finalize 0.2486    add 0.1397    
max lb 9.999999747378752e-05 min lb -0.043117642402648926
Number of Verified Splits: 56 of 128
Current worst splitting domains lb-rhs (depth):
-0.30738 (6), -0.30721 (6), -0.29449 (5), -0.28459 (5), -0.28008 (6), -0.27746 (6), -0.27236 (5), -0.27216 (5), -0.26685 (7), -0.26645 (5), -0.26371 (7), -0.25911 (8), -0.25722 (8), -0.25306 (7), -0.24440 (5), -0.24430 (7), -0.24391 (10), -0.23942 (11), -0.23749 (9), -0.23632 (9), 
Current (lb-rhs): -0.3073784112930298
19632 domains visited
Length of domains: 768
Cumulative time: 34.11473822593689

BaB round 158
batch: 64
splitting decisions: 
split level 0: [/39, 404] [/input-20, 476] [/input-8, 35] [/input-20, 476] [/39, 659] [/input-20, 476] [/39, 732] [/39, 659] [/39, 164] [/input-8, 35] 
best_l after optimization: -1.0109121799468994
beta sum per layer: [2.1906917095184326, 25.88730812072754, 19.846193313598633, 25.18939971923828, 55.98036193847656, 28.724685668945312]
alpha/beta optimization time: 0.17131900787353516
pruning_in_iteration open status: True
ratio of positive domain = 43 / 128 = 0.3359375
pruning-in-iteration extra time: 0.007528543472290039
Time: get_branching_decision.update_bounds 0.0154    pickout 0.0098    branching_decision 0.0001    decision 0.0001    set_bounds 0.0031    prepare 0.0052    transfer 0.0000    finalize 0.0018    func 0.2428    solve 0.2080    add 0.0010    bab_iteration 0.2219    
Accumulated time: get_branching_decision.update_bounds 0.0154    bab_iteration 34.0926    pickout 1.4792    decision 0.0161    branching_decision 0.0136    set_bounds 0.4844    solve 31.9601    func 32.1954    prepare 0.7722    transfer 0.0018    finalize 0.2505    add 0.1407    
max lb 9.999999747378752e-05 min lb -0.03866851329803467
Number of Verified Splits: 43 of 128
Current worst splitting domains lb-rhs (depth):
-0.30738 (6), -0.30721 (6), -0.29449 (5), -0.28459 (5), -0.28008 (6), -0.27746 (6), -0.27236 (5), -0.27216 (5), -0.26685 (7), -0.26645 (5), -0.26371 (7), -0.25911 (8), -0.25722 (8), -0.25306 (7), -0.24440 (5), -0.24430 (7), -0.24391 (10), -0.23942 (11), -0.23749 (9), -0.23632 (9), 
Current (lb-rhs): -0.3073784112930298
19760 domains visited
Length of domains: 789
Cumulative time: 34.37162160873413

BaB round 159
batch: 64
splitting decisions: 
split level 0: [/44, 474] [/44, 537] [/39, 659] [/44, 474] [/39, 732] [/39, 732] [/44, 474] [/input-8, 35] [/39, 659] [/input-28, 46] 
best_l after optimization: -0.6637845039367676
beta sum per layer: [0.6182277202606201, 17.580127716064453, 11.220905303955078, 10.234149932861328, 52.109153747558594, 35.169864654541016]
alpha/beta optimization time: 0.14946794509887695
pruning_in_iteration open status: True
ratio of positive domain = 71 / 128 = 0.5546875
pruning-in-iteration extra time: 0.007519721984863281
Time: get_branching_decision.update_bounds 0.0154    pickout 0.0105    branching_decision 0.0001    decision 0.0001    set_bounds 0.0030    prepare 0.0050    transfer 0.0000    finalize 0.0012    func 0.1996    solve 0.2428    add 0.0009    bab_iteration 0.2569    
Accumulated time: get_branching_decision.update_bounds 0.0154    bab_iteration 34.3494    pickout 1.4897    decision 0.0162    branching_decision 0.0137    set_bounds 0.4874    solve 32.2029    func 32.3950    prepare 0.7772    transfer 0.0018    finalize 0.2516    add 0.1416    
max lb 9.999999747378752e-05 min lb -0.03446531295776367
Number of Verified Splits: 71 of 128
Current worst splitting domains lb-rhs (depth):
-0.30738 (6), -0.30721 (6), -0.29449 (5), -0.28459 (5), -0.28008 (6), -0.27746 (6), -0.27236 (5), -0.27216 (5), -0.26685 (7), -0.26645 (5), -0.26371 (7), -0.25911 (8), -0.25722 (8), -0.25306 (7), -0.24440 (5), -0.24430 (7), -0.24391 (10), -0.23942 (11), -0.23749 (9), -0.23632 (9), 
Current (lb-rhs): -0.3073784112930298
19888 domains visited
Length of domains: 782
Cumulative time: 34.585875272750854

BaB round 160
batch: 64
splitting decisions: 
split level 0: [/39, 414] [/39, 404] [/input-20, 660] [/39, 404] [/44, 474] [/input-20, 659] [/44, 483] [/39, 164] [/44, 537] [/39, 404] 
best_l after optimization: -0.715648353099823
beta sum per layer: [0.027609121054410934, 19.185155868530273, 13.265920639038086, 10.909462928771973, 53.60215759277344, 30.43661117553711]
alpha/beta optimization time: 0.14809703826904297
pruning_in_iteration open status: True
ratio of positive domain = 64 / 128 = 0.5
pruning-in-iteration extra time: 0.007775545120239258
Time: get_branching_decision.update_bounds 0.0154    pickout 0.0106    branching_decision 0.0001    decision 0.0001    set_bounds 0.0044    prepare 0.0056    transfer 0.0000    finalize 0.0013    func 0.2022    solve 0.1997    add 0.0007    bab_iteration 0.2143    
Accumulated time: get_branching_decision.update_bounds 0.0154    bab_iteration 34.5637    pickout 1.5003    decision 0.0163    branching_decision 0.0138    set_bounds 0.4918    solve 32.4026    func 32.5973    prepare 0.7828    transfer 0.0018    finalize 0.2530    add 0.1424    
max lb 9.999999747378752e-05 min lb -0.03090369701385498
Number of Verified Splits: 64 of 128
Current worst splitting domains lb-rhs (depth):
-0.30738 (6), -0.30721 (6), -0.29449 (5), -0.28459 (5), -0.28008 (6), -0.27746 (6), -0.27236 (5), -0.27216 (5), -0.26685 (7), -0.26645 (5), -0.26371 (7), -0.25911 (8), -0.25722 (8), -0.25306 (7), -0.24440 (5), -0.24430 (7), -0.24391 (10), -0.23942 (11), -0.23749 (9), -0.23632 (9), 
Current (lb-rhs): -0.3073784112930298
20016 domains visited
Length of domains: 782
Cumulative time: 34.80435395240784

BaB round 161
batch: 64
splitting decisions: 
split level 0: [/input-8, 35] [/input-28, 46] [/39, 164] [/44, 483] [/39, 732] [/39, 732] [/44, 483] [/39, 732] [/44, 474] [/input-28, 46] 
best_l after optimization: -0.720061719417572
beta sum per layer: [0.02540566585958004, 17.402557373046875, 13.366050720214844, 7.806293964385986, 48.62794876098633, 30.409194946289062]
alpha/beta optimization time: 0.15495800971984863
pruning_in_iteration open status: True
ratio of positive domain = 58 / 128 = 0.453125
pruning-in-iteration extra time: 0.0064373016357421875
Time: get_branching_decision.update_bounds 0.0154    pickout 0.0092    branching_decision 0.0001    decision 0.0001    set_bounds 0.0029    prepare 0.0048    transfer 0.0000    finalize 0.0016    func 0.2146    solve 0.2023    add 0.0009    bab_iteration 0.2185    
Accumulated time: get_branching_decision.update_bounds 0.0154    bab_iteration 34.7822    pickout 1.5095    decision 0.0164    branching_decision 0.0139    set_bounds 0.4947    solve 32.6049    func 32.8118    prepare 0.7876    transfer 0.0018    finalize 0.2546    add 0.1433    
max lb 9.999999747378752e-05 min lb -0.026601552963256836
Number of Verified Splits: 58 of 128
Current worst splitting domains lb-rhs (depth):
-0.30738 (6), -0.30721 (6), -0.29449 (5), -0.28459 (5), -0.28008 (6), -0.27746 (6), -0.27236 (5), -0.27216 (5), -0.26685 (7), -0.26645 (5), -0.26371 (7), -0.25911 (8), -0.25722 (8), -0.25306 (7), -0.24440 (5), -0.24430 (7), -0.24391 (10), -0.23942 (11), -0.23749 (9), -0.23632 (9), 
Current (lb-rhs): -0.3073784112930298
20144 domains visited
Length of domains: 788
Cumulative time: 35.03272461891174

BaB round 162
batch: 64
splitting decisions: 
split level 0: [/44, 474] [/39, 732] [/44, 474] [/input-20, 660] [/44, 357] [/44, 474] [/44, 474] [/39, 404] [/39, 404] [/39, 404] 
best_l after optimization: -0.6314221024513245
beta sum per layer: [0.0, 14.430036544799805, 8.476571083068848, 1.5209881067276, 46.12471389770508, 32.94181823730469]
alpha/beta optimization time: 0.1435565948486328
pruning_in_iteration open status: True
ratio of positive domain = 56 / 128 = 0.4375
pruning-in-iteration extra time: 0.00628972053527832
Time: get_branching_decision.update_bounds 0.0154    pickout 0.0103    branching_decision 0.0001    decision 0.0001    set_bounds 0.0029    prepare 0.0049    transfer 0.0000    finalize 0.0015    func 0.2033    solve 0.2147    add 0.0013    bab_iteration 0.2284    
Accumulated time: get_branching_decision.update_bounds 0.0154    bab_iteration 35.0105    pickout 1.5199    decision 0.0165    branching_decision 0.0140    set_bounds 0.4976    solve 32.8195    func 33.0151    prepare 0.7925    transfer 0.0019    finalize 0.2561    add 0.1445    
max lb 9.999999747378752e-05 min lb -0.022563695907592773
Number of Verified Splits: 56 of 128
Current worst splitting domains lb-rhs (depth):
-0.30738 (6), -0.30721 (6), -0.29449 (5), -0.28459 (5), -0.28008 (6), -0.27746 (6), -0.27236 (5), -0.27216 (5), -0.26685 (7), -0.26645 (5), -0.26371 (7), -0.25911 (8), -0.25722 (8), -0.25306 (7), -0.24440 (5), -0.24430 (7), -0.24391 (10), -0.23942 (11), -0.23749 (9), -0.23632 (9), 
Current (lb-rhs): -0.3073784112930298
20272 domains visited
Length of domains: 796
Cumulative time: 35.25039553642273

BaB round 163
batch: 64
splitting decisions: 
split level 0: [/44, 482] [/44, 474] [/39, 414] [/44, 482] [/44, 482] [/44, 482] [/44, 474] [/input-8, 597] [/input-20, 660] [/44, 474] 
best_l after optimization: -0.3727591931819916
beta sum per layer: [0.0, 10.827258110046387, 8.64256477355957, 0.0, 40.5842399597168, 34.21194839477539]
alpha/beta optimization time: 0.14362668991088867
pruning_in_iteration open status: True
ratio of positive domain = 77 / 128 = 0.6015625
pruning-in-iteration extra time: 0.005031108856201172
Time: get_branching_decision.update_bounds 0.0154    pickout 0.0092    branching_decision 0.0001    decision 0.0001    set_bounds 0.0029    prepare 0.0047    transfer 0.0000    finalize 0.0012    func 0.1911    solve 0.2033    add 0.0009    bab_iteration 0.2177    
Accumulated time: get_branching_decision.update_bounds 0.0154    bab_iteration 35.2282    pickout 1.5291    decision 0.0166    branching_decision 0.0140    set_bounds 0.5005    solve 33.0228    func 33.2062    prepare 0.7972    transfer 0.0019    finalize 0.2573    add 0.1454    
max lb 9.999999747378752e-05 min lb -0.018795430660247803
Number of Verified Splits: 77 of 128
Current worst splitting domains lb-rhs (depth):
-0.30738 (6), -0.30721 (6), -0.29449 (5), -0.28459 (5), -0.28008 (6), -0.27746 (6), -0.27236 (5), -0.27216 (5), -0.26685 (7), -0.26645 (5), -0.26371 (7), -0.25911 (8), -0.25722 (8), -0.25306 (7), -0.24440 (5), -0.24430 (7), -0.24391 (10), -0.23942 (11), -0.23749 (9), -0.23632 (9), 
Current (lb-rhs): -0.3073784112930298
20400 domains visited
Length of domains: 783
Cumulative time: 35.45464324951172

BaB round 164
batch: 64
splitting decisions: 
split level 0: [/44, 474] [/39, 732] [/44, 474] [/44, 474] [/39, 732] [/44, 474] [/44, 482] [/44, 482] [/44, 474] [/44, 482] 
best_l after optimization: -0.28978514671325684
beta sum per layer: [0.0, 10.379724502563477, 9.17756462097168, 0.0, 39.23762130737305, 34.718971252441406]
alpha/beta optimization time: 0.14764666557312012
pruning_in_iteration open status: True
ratio of positive domain = 79 / 128 = 0.6171875
pruning-in-iteration extra time: 0.0066721439361572266
Time: get_branching_decision.update_bounds 0.0154    pickout 0.0091    branching_decision 0.0001    decision 0.0001    set_bounds 0.0033    prepare 0.0046    transfer 0.0000    finalize 0.0010    func 0.2027    solve 0.1912    add 0.0007    bab_iteration 0.2042    
Accumulated time: get_branching_decision.update_bounds 0.0154    bab_iteration 35.4325    pickout 1.5382    decision 0.0167    branching_decision 0.0141    set_bounds 0.5038    solve 33.2140    func 33.4089    prepare 0.8019    transfer 0.0019    finalize 0.2583    add 0.1462    
max lb 9.999999747378752e-05 min lb -0.015179872512817383
Number of Verified Splits: 79 of 128
Current worst splitting domains lb-rhs (depth):
-0.30738 (6), -0.30721 (6), -0.29449 (5), -0.28459 (5), -0.28008 (6), -0.27746 (6), -0.27236 (5), -0.27216 (5), -0.26685 (7), -0.26645 (5), -0.26371 (7), -0.25911 (8), -0.25722 (8), -0.25306 (7), -0.24440 (5), -0.24430 (7), -0.24391 (10), -0.23942 (11), -0.23749 (9), -0.23632 (9), 
Current (lb-rhs): -0.3073784112930298
20528 domains visited
Length of domains: 768
Cumulative time: 35.67085146903992

BaB round 165
batch: 64
splitting decisions: 
split level 0: [/input-20, 659] [/44, 474] [/44, 474] [/input, 1688] [/39, 659] [/44, 474] [/input-8, 35] [/39, 659] [/39, 659] [/input-8, 35] 
best_l after optimization: -0.24142448604106903
beta sum per layer: [0.6273112297058105, 13.492753028869629, 14.895482063293457, 8.056166648864746, 43.11418151855469, 31.87602996826172]
alpha/beta optimization time: 0.16057300567626953
pruning_in_iteration open status: True
ratio of positive domain = 80 / 128 = 0.625
pruning-in-iteration extra time: 0.007576942443847656
Time: get_branching_decision.update_bounds 0.0154    pickout 0.0104    branching_decision 0.0001    decision 0.0001    set_bounds 0.0035    prepare 0.0050    transfer 0.0000    finalize 0.0011    func 0.2088    solve 0.2027    add 0.0008    bab_iteration 0.2162    
Accumulated time: get_branching_decision.update_bounds 0.0154    bab_iteration 35.6487    pickout 1.5486    decision 0.0168    branching_decision 0.0142    set_bounds 0.5073    solve 33.4167    func 33.6177    prepare 0.8069    transfer 0.0019    finalize 0.2594    add 0.1469    
max lb 9.999999747378752e-05 min lb -0.01640745997428894
Number of Verified Splits: 80 of 128
Current worst splitting domains lb-rhs (depth):
-0.30738 (6), -0.30721 (6), -0.29449 (5), -0.28459 (5), -0.28008 (6), -0.27746 (6), -0.27236 (5), -0.27216 (5), -0.26685 (7), -0.26645 (5), -0.26371 (7), -0.25911 (8), -0.25722 (8), -0.25306 (7), -0.24440 (5), -0.24430 (7), -0.24391 (10), -0.23942 (11), -0.23749 (9), -0.23632 (9), 
Current (lb-rhs): -0.3073784112930298
20656 domains visited
Length of domains: 752
Cumulative time: 35.89447855949402

BaB round 166
batch: 64
splitting decisions: 
split level 0: [/44, 37] [/44, 474] [/input-20, 659] [/44, 559] [/44, 474] [/input-28, 46] [/input-28, 75] [/39, 156] [/input-8, 35] [/input-20, 476] 
best_l after optimization: -0.326880544424057
beta sum per layer: [2.273972511291504, 15.3084716796875, 16.661941528320312, 13.112645149230957, 47.84991455078125, 30.857301712036133]
alpha/beta optimization time: 0.13339972496032715
pruning_in_iteration open status: True
ratio of positive domain = 76 / 128 = 0.59375
pruning-in-iteration extra time: 0.0049364566802978516
Time: get_branching_decision.update_bounds 0.0154    pickout 0.0095    branching_decision 0.0001    decision 0.0001    set_bounds 0.0032    prepare 0.0048    transfer 0.0000    finalize 0.0022    func 0.1837    solve 0.2089    add 0.0007    bab_iteration 0.2236    
Accumulated time: get_branching_decision.update_bounds 0.0154    bab_iteration 35.8723    pickout 1.5581    decision 0.0169    branching_decision 0.0143    set_bounds 0.5105    solve 33.6255    func 33.8014    prepare 0.8117    transfer 0.0019    finalize 0.2616    add 0.1476    
max lb 9.999999747378752e-05 min lb -0.0342937707901001
Number of Verified Splits: 76 of 128
Current worst splitting domains lb-rhs (depth):
-0.30738 (6), -0.30721 (6), -0.29449 (5), -0.28459 (5), -0.28008 (6), -0.27746 (6), -0.27236 (5), -0.27216 (5), -0.26685 (7), -0.26645 (5), -0.26371 (7), -0.25911 (8), -0.25722 (8), -0.25306 (7), -0.24440 (5), -0.24430 (7), -0.24391 (10), -0.23942 (11), -0.23749 (9), -0.23632 (9), 
Current (lb-rhs): -0.3073784112930298
20784 domains visited
Length of domains: 740
Cumulative time: 36.092182636260986

BaB round 167
batch: 64
splitting decisions: 
split level 0: [/44, 212] [/44, 37] [/input-8, 604] [/39, 404] [/44, 212] [/39, 404] [/input-8, 604] [/input-8, 35] [/44, 37] [/input-28, 75] 
best_l after optimization: -0.4510633051395416
beta sum per layer: [1.8154053688049316, 19.62653160095215, 19.01630973815918, 19.36568832397461, 53.566871643066406, 29.371902465820312]
alpha/beta optimization time: 0.13922500610351562
pruning_in_iteration open status: True
ratio of positive domain = 87 / 128 = 0.6796875
pruning-in-iteration extra time: 0.004443645477294922
Time: get_branching_decision.update_bounds 0.0154    pickout 0.0108    branching_decision 0.0001    decision 0.0001    set_bounds 0.0035    prepare 0.0054    transfer 0.0000    finalize 0.0010    func 0.1876    solve 0.1838    add 0.0009    bab_iteration 0.1977    
Accumulated time: get_branching_decision.update_bounds 0.0154    bab_iteration 36.0700    pickout 1.5688    decision 0.0170    branching_decision 0.0144    set_bounds 0.5141    solve 33.8093    func 33.9890    prepare 0.8171    transfer 0.0019    finalize 0.2626    add 0.1485    
max lb 9.999999747378752e-05 min lb -0.04892832040786743
Number of Verified Splits: 87 of 128
Current worst splitting domains lb-rhs (depth):
-0.30738 (6), -0.30721 (6), -0.29449 (5), -0.28459 (5), -0.28008 (6), -0.27746 (6), -0.27236 (5), -0.27216 (5), -0.26685 (7), -0.26645 (5), -0.26371 (7), -0.25911 (8), -0.25722 (8), -0.25306 (7), -0.24440 (5), -0.24430 (7), -0.24391 (10), -0.23942 (11), -0.23749 (9), -0.23632 (9), 
Current (lb-rhs): -0.3073784112930298
20912 domains visited
Length of domains: 717
Cumulative time: 36.29503154754639

BaB round 168
batch: 64
splitting decisions: 
split level 0: [/44, 357] [/44, 476] [/input-8, 292] [/39, 434] [/input-8, 36] [/44, 483] [/39, 414] [/input-28, 64] [/input-28, 29] [/39, 414] 
best_l after optimization: -1.007969856262207
beta sum per layer: [1.879860281944275, 21.970155715942383, 17.181930541992188, 23.994998931884766, 75.12005615234375, 36.42304992675781]
alpha/beta optimization time: 0.1439812183380127
pruning_in_iteration open status: True
ratio of positive domain = 69 / 128 = 0.5390625
pruning-in-iteration extra time: 0.006374835968017578
Time: get_branching_decision.update_bounds 0.0154    pickout 0.0098    branching_decision 0.0001    decision 0.0001    set_bounds 0.0032    prepare 0.0050    transfer 0.0000    finalize 0.0018    func 0.1973    solve 0.1877    add 0.0007    bab_iteration 0.2028    
Accumulated time: get_branching_decision.update_bounds 0.0154    bab_iteration 36.2728    pickout 1.5786    decision 0.0171    branching_decision 0.0145    set_bounds 0.5173    solve 33.9970    func 34.1863    prepare 0.8221    transfer 0.0019    finalize 0.2644    add 0.1491    
max lb 9.999999747378752e-05 min lb -0.06489729881286621
Number of Verified Splits: 69 of 128
Current worst splitting domains lb-rhs (depth):
-0.30738 (6), -0.30721 (6), -0.29449 (5), -0.28459 (5), -0.28008 (6), -0.27746 (6), -0.27236 (5), -0.27216 (5), -0.26685 (7), -0.26645 (5), -0.26371 (7), -0.25911 (8), -0.25722 (8), -0.25306 (7), -0.24440 (5), -0.24430 (7), -0.24391 (10), -0.23942 (11), -0.23749 (9), -0.23632 (9), 
Current (lb-rhs): -0.3073784112930298
21040 domains visited
Length of domains: 712
Cumulative time: 36.506603479385376

BaB round 169
batch: 64
splitting decisions: 
split level 0: [/44, 357] [/input-8, 164] [/39, 844] [/input-8, 292] [/input-8, 28] [/input, 1672] [/input-8, 995] [/44, 786] [/input-28, 64] [/input-8, 35] 
best_l after optimization: -1.4189872741699219
beta sum per layer: [2.4162492752075195, 24.76898193359375, 19.50861930847168, 30.29483985900879, 65.1393814086914, 36.02366638183594]
alpha/beta optimization time: 0.1542985439300537
pruning_in_iteration open status: True
ratio of positive domain = 51 / 128 = 0.3984375
pruning-in-iteration extra time: 0.0070230960845947266
Time: get_branching_decision.update_bounds 0.0154    pickout 0.0099    branching_decision 0.0001    decision 0.0001    set_bounds 0.0031    prepare 0.0052    transfer 0.0000    finalize 0.0031    func 0.2189    solve 0.1974    add 0.0010    bab_iteration 0.2116    
Accumulated time: get_branching_decision.update_bounds 0.0154    bab_iteration 36.4844    pickout 1.5885    decision 0.0172    branching_decision 0.0146    set_bounds 0.5204    solve 34.1943    func 34.4051    prepare 0.8273    transfer 0.0019    finalize 0.2675    add 0.1501    
max lb 0.001379251480102539 min lb -0.08451533317565918
Number of Verified Splits: 51 of 128
Current worst splitting domains lb-rhs (depth):
-0.30738 (6), -0.30721 (6), -0.29449 (5), -0.28459 (5), -0.28008 (6), -0.27746 (6), -0.27236 (5), -0.27216 (5), -0.26685 (7), -0.26645 (5), -0.26371 (7), -0.25911 (8), -0.25722 (8), -0.25306 (7), -0.24440 (5), -0.24430 (7), -0.24391 (10), -0.23942 (11), -0.23749 (9), -0.23632 (9), 
Current (lb-rhs): -0.3073784112930298
21168 domains visited
Length of domains: 725
Cumulative time: 36.74055337905884

BaB round 170
batch: 64
splitting decisions: 
split level 0: [/39, 404] [/44, 482] [/39, 404] [/input-28, 75] [/39, 732] [/input-28, 75] [/44, 656] [/39, 404] [/input-28, 75] [/input-20, 659] 
best_l after optimization: -1.0512981414794922
beta sum per layer: [2.715425491333008, 27.375877380371094, 19.983652114868164, 28.6185302734375, 58.871063232421875, 32.48253631591797]
alpha/beta optimization time: 0.14979934692382812
pruning_in_iteration open status: True
ratio of positive domain = 62 / 128 = 0.484375
pruning-in-iteration extra time: 0.006776332855224609
Time: get_branching_decision.update_bounds 0.0154    pickout 0.0124    branching_decision 0.0001    decision 0.0001    set_bounds 0.0035    prepare 0.0059    transfer 0.0000    finalize 0.0014    func 0.2063    solve 0.2190    add 0.0015    bab_iteration 0.2339    
Accumulated time: get_branching_decision.update_bounds 0.0154    bab_iteration 36.7183    pickout 1.6009    decision 0.0173    branching_decision 0.0147    set_bounds 0.5239    solve 34.4133    func 34.6114    prepare 0.8332    transfer 0.0020    finalize 0.2689    add 0.1516    
max lb 0.0001881122589111328 min lb -0.046808481216430664
Number of Verified Splits: 62 of 128
Current worst splitting domains lb-rhs (depth):
-0.30738 (6), -0.30721 (6), -0.29449 (5), -0.28459 (5), -0.28008 (6), -0.27746 (6), -0.27236 (5), -0.27216 (5), -0.26685 (7), -0.26645 (5), -0.26371 (7), -0.25911 (8), -0.25722 (8), -0.25306 (7), -0.24440 (5), -0.24430 (7), -0.24391 (10), -0.23942 (11), -0.23749 (9), -0.23632 (9), 
Current (lb-rhs): -0.3073784112930298
21296 domains visited
Length of domains: 727
Cumulative time: 36.96384239196777

BaB round 171
batch: 64
splitting decisions: 
split level 0: [/input-8, 35] [/44, 212] [/input-28, 75] [/input-8, 35] [/input-8, 35] [/39, 732] [/39, 732] [/44, 474] [/44, 559] [/input-28, 64] 
best_l after optimization: -0.9722059369087219
beta sum per layer: [2.737349510192871, 27.971275329589844, 20.580780029296875, 28.155141830444336, 55.542110443115234, 31.114253997802734]
alpha/beta optimization time: 0.15757179260253906
pruning_in_iteration open status: True
ratio of positive domain = 62 / 128 = 0.484375
pruning-in-iteration extra time: 0.008729696273803711
Time: get_branching_decision.update_bounds 0.0154    pickout 0.0100    branching_decision 0.0001    decision 0.0001    set_bounds 0.0029    prepare 0.0051    transfer 0.0000    finalize 0.0015    func 0.2134    solve 0.2063    add 0.0009    bab_iteration 0.2233    
Accumulated time: get_branching_decision.update_bounds 0.0154    bab_iteration 36.9416    pickout 1.6109    decision 0.0174    branching_decision 0.0147    set_bounds 0.5268    solve 34.6197    func 34.8248    prepare 0.8383    transfer 0.0020    finalize 0.2704    add 0.1525    
max lb 9.999999747378752e-05 min lb -0.0424957275390625
Number of Verified Splits: 62 of 128
Current worst splitting domains lb-rhs (depth):
-0.30738 (6), -0.30721 (6), -0.29449 (5), -0.28459 (5), -0.28008 (6), -0.27746 (6), -0.27236 (5), -0.27216 (5), -0.26685 (7), -0.26645 (5), -0.26371 (7), -0.25911 (8), -0.25722 (8), -0.25306 (7), -0.24440 (5), -0.24430 (7), -0.24391 (10), -0.23942 (11), -0.23749 (9), -0.23632 (9), 
Current (lb-rhs): -0.3073784112930298
21424 domains visited
Length of domains: 729
Cumulative time: 37.19147729873657

BaB round 172
batch: 64
splitting decisions: 
split level 0: [/input-8, 604] [/39, 404] [/44, 37] [/input-8, 604] [/input-28, 75] [/39, 156] [/39, 156] [/39, 659] [/44, 474] [/44, 474] 
best_l after optimization: -1.0728799104690552
beta sum per layer: [2.855625867843628, 26.330839157104492, 22.412893295288086, 29.86503791809082, 51.724369049072266, 29.76299285888672]
alpha/beta optimization time: 0.15630149841308594
pruning_in_iteration open status: True
ratio of positive domain = 56 / 128 = 0.4375
pruning-in-iteration extra time: 0.008057832717895508
Time: get_branching_decision.update_bounds 0.0154    pickout 0.0099    branching_decision 0.0001    decision 0.0001    set_bounds 0.0030    prepare 0.0052    transfer 0.0000    finalize 0.0017    func 0.2171    solve 0.2135    add 0.0010    bab_iteration 0.2276    
Accumulated time: get_branching_decision.update_bounds 0.0154    bab_iteration 37.1692    pickout 1.6208    decision 0.0175    branching_decision 0.0148    set_bounds 0.5298    solve 34.8331    func 35.0420    prepare 0.8434    transfer 0.0020    finalize 0.2721    add 0.1535    
max lb 0.0005846023559570312 min lb -0.03627443313598633
Number of Verified Splits: 56 of 128
Current worst splitting domains lb-rhs (depth):
-0.30738 (6), -0.30721 (6), -0.29449 (5), -0.28459 (5), -0.28008 (6), -0.27746 (6), -0.27236 (5), -0.27216 (5), -0.26685 (7), -0.26645 (5), -0.26371 (7), -0.25911 (8), -0.25722 (8), -0.25306 (7), -0.24440 (5), -0.24430 (7), -0.24391 (10), -0.23942 (11), -0.23749 (9), -0.23632 (9), 
Current (lb-rhs): -0.3073784112930298
21552 domains visited
Length of domains: 737
Cumulative time: 37.4227728843689

BaB round 173
batch: 64
splitting decisions: 
split level 0: [/input, 1412] [/44, 559] [/input, 1143] [/39, 659] [/39, 732] [/44, 475] [/39, 164] [/input-8, 35] [/39, 414] [/39, 156] 
best_l after optimization: -0.9772525429725647
beta sum per layer: [2.450813055038452, 22.815996170043945, 21.49871253967285, 26.47073745727539, 50.26886749267578, 29.82206916809082]
alpha/beta optimization time: 0.17261576652526855
pruning_in_iteration open status: True
ratio of positive domain = 45 / 128 = 0.3515625
pruning-in-iteration extra time: 0.009170055389404297
Time: get_branching_decision.update_bounds 0.0154    pickout 0.0100    branching_decision 0.0001    decision 0.0001    set_bounds 0.0029    prepare 0.0051    transfer 0.0000    finalize 0.0018    func 0.2366    solve 0.2172    add 0.0009    bab_iteration 0.2313    
Accumulated time: get_branching_decision.update_bounds 0.0154    bab_iteration 37.4005    pickout 1.6308    decision 0.0176    branching_decision 0.0149    set_bounds 0.5327    solve 35.0503    func 35.2786    prepare 0.8486    transfer 0.0020    finalize 0.2739    add 0.1544    
max lb 9.999999747378752e-05 min lb -0.03213381767272949
Number of Verified Splits: 45 of 128
Current worst splitting domains lb-rhs (depth):
-0.30738 (6), -0.30721 (6), -0.29449 (5), -0.28459 (5), -0.28008 (6), -0.27746 (6), -0.27236 (5), -0.27216 (5), -0.26685 (7), -0.26645 (5), -0.26371 (7), -0.25911 (8), -0.25722 (8), -0.25306 (7), -0.24440 (5), -0.24430 (7), -0.24391 (10), -0.23942 (11), -0.23749 (9), -0.23632 (9), 
Current (lb-rhs): -0.3073784112930298
21680 domains visited
Length of domains: 756
Cumulative time: 37.67346692085266

BaB round 174
batch: 64
splitting decisions: 
split level 0: [/input, 1143] [/input-8, 35] [/44, 37] [/input-28, 46] [/44, 474] [/44, 474] [/44, 786] [/44, 474] [/44, 474] [/input-8, 597] 
best_l after optimization: -0.5976952314376831
beta sum per layer: [1.7635124921798706, 18.178924560546875, 14.399408340454102, 15.425955772399902, 50.65619659423828, 32.02465057373047]
alpha/beta optimization time: 0.1483135223388672
pruning_in_iteration open status: True
ratio of positive domain = 66 / 128 = 0.515625
pruning-in-iteration extra time: 0.007076263427734375
Time: get_branching_decision.update_bounds 0.0154    pickout 0.0095    branching_decision 0.0001    decision 0.0001    set_bounds 0.0029    prepare 0.0055    transfer 0.0000    finalize 0.0013    func 0.2092    solve 0.2367    add 0.0009    bab_iteration 0.2507    
Accumulated time: get_branching_decision.update_bounds 0.0154    bab_iteration 37.6512    pickout 1.6403    decision 0.0177    branching_decision 0.0150    set_bounds 0.5356    solve 35.2870    func 35.4878    prepare 0.8541    transfer 0.0020    finalize 0.2752    add 0.1553    
max lb 9.999999747378752e-05 min lb -0.031109333038330078
Number of Verified Splits: 66 of 128
Current worst splitting domains lb-rhs (depth):
-0.30738 (6), -0.30721 (6), -0.29449 (5), -0.28459 (5), -0.28008 (6), -0.27746 (6), -0.27236 (5), -0.27216 (5), -0.26685 (7), -0.26645 (5), -0.26371 (7), -0.25911 (8), -0.25722 (8), -0.25306 (7), -0.24440 (5), -0.24430 (7), -0.24391 (10), -0.23942 (11), -0.23749 (9), -0.23632 (9), 
Current (lb-rhs): -0.3073784112930298
21808 domains visited
Length of domains: 754
Cumulative time: 37.89620089530945

BaB round 175
batch: 64
splitting decisions: 
split level 0: [/input, 1412] [/input-8, 35] [/39, 164] [/input-28, 75] [/44, 482] [/39, 164] [/input-28, 46] [/44, 483] [/39, 164] [/input-28, 46] 
best_l after optimization: -0.42524290084838867
beta sum per layer: [1.5141559839248657, 20.59908676147461, 14.855152130126953, 17.837678909301758, 52.18217849731445, 32.89170837402344]
alpha/beta optimization time: 0.1437971591949463
pruning_in_iteration open status: True
ratio of positive domain = 65 / 128 = 0.5078125
pruning-in-iteration extra time: 0.006783962249755859
Time: get_branching_decision.update_bounds 0.0154    pickout 0.0098    branching_decision 0.0001    decision 0.0001    set_bounds 0.0030    prepare 0.0049    transfer 0.0000    finalize 0.0013    func 0.2026    solve 0.2093    add 0.0008    bab_iteration 0.2227    
Accumulated time: get_branching_decision.update_bounds 0.0154    bab_iteration 37.8740    pickout 1.6501    decision 0.0178    branching_decision 0.0151    set_bounds 0.5386    solve 35.4962    func 35.6904    prepare 0.8590    transfer 0.0020    finalize 0.2765    add 0.1561    
max lb 0.0025293827056884766 min lb -0.025992870330810547
Number of Verified Splits: 65 of 128
Current worst splitting domains lb-rhs (depth):
-0.30738 (6), -0.30721 (6), -0.29449 (5), -0.28459 (5), -0.28008 (6), -0.27746 (6), -0.27236 (5), -0.27216 (5), -0.26685 (7), -0.26645 (5), -0.26371 (7), -0.25911 (8), -0.25722 (8), -0.25306 (7), -0.24440 (5), -0.24430 (7), -0.24391 (10), -0.23942 (11), -0.23749 (9), -0.23632 (9), 
Current (lb-rhs): -0.3073784112930298
21936 domains visited
Length of domains: 753
Cumulative time: 38.11295676231384

BaB round 176
batch: 64
splitting decisions: 
split level 0: [/input-8, 35] [/input-28, 75] [/input-28, 46] [/39, 659] [/44, 212] [/39, 229] [/39, 164] [/44, 483] [/44, 475] [/input-28, 46] 
best_l after optimization: -0.26974931359291077
beta sum per layer: [1.7427139282226562, 22.588171005249023, 21.183130264282227, 25.61579132080078, 51.82383728027344, 31.407241821289062]
alpha/beta optimization time: 0.14398980140686035
pruning_in_iteration open status: True
ratio of positive domain = 82 / 128 = 0.640625
pruning-in-iteration extra time: 0.00483393669128418
Time: get_branching_decision.update_bounds 0.0154    pickout 0.0106    branching_decision 0.0001    decision 0.0001    set_bounds 0.0029    prepare 0.0049    transfer 0.0000    finalize 0.0011    func 0.1882    solve 0.2026    add 0.0010    bab_iteration 0.2168    
Accumulated time: get_branching_decision.update_bounds 0.0154    bab_iteration 38.0907    pickout 1.6608    decision 0.0179    branching_decision 0.0152    set_bounds 0.5416    solve 35.6989    func 35.8786    prepare 0.8639    transfer 0.0020    finalize 0.2776    add 0.1570    
max lb 9.999999747378752e-05 min lb -0.019948482513427734
Number of Verified Splits: 82 of 128
Current worst splitting domains lb-rhs (depth):
-0.30738 (6), -0.30721 (6), -0.29449 (5), -0.28459 (5), -0.28008 (6), -0.27746 (6), -0.27236 (5), -0.27216 (5), -0.26685 (7), -0.26645 (5), -0.26371 (7), -0.25911 (8), -0.25722 (8), -0.25306 (7), -0.24440 (5), -0.24430 (7), -0.24391 (10), -0.23942 (11), -0.23749 (9), -0.23632 (9), 
Current (lb-rhs): -0.3073784112930298
22064 domains visited
Length of domains: 735
Cumulative time: 38.31574869155884

BaB round 177
batch: 64
splitting decisions: 
split level 0: [/44, 475] [/input-8, 36] [/44, 37] [/input-8, 35] [/44, 37] [/39, 414] [/39, 659] [/39, 414] [/input-8, 35] [/39, 659] 
best_l after optimization: -0.3690153956413269
beta sum per layer: [2.083280563354492, 24.388139724731445, 26.81299591064453, 37.03501892089844, 47.84170150756836, 23.87310791015625]
alpha/beta optimization time: 0.14315390586853027
pruning_in_iteration open status: True
ratio of positive domain = 71 / 128 = 0.5546875
pruning-in-iteration extra time: 0.006053924560546875
Time: get_branching_decision.update_bounds 0.0154    pickout 0.0097    branching_decision 0.0001    decision 0.0001    set_bounds 0.0032    prepare 0.0049    transfer 0.0000    finalize 0.0017    func 0.1961    solve 0.1882    add 0.0007    bab_iteration 0.2028    
Accumulated time: get_branching_decision.update_bounds 0.0154    bab_iteration 38.2935    pickout 1.6705    decision 0.0180    branching_decision 0.0152    set_bounds 0.5447    solve 35.8871    func 36.0747    prepare 0.8688    transfer 0.0020    finalize 0.2793    add 0.1578    
max lb 0.0010991096496582031 min lb -0.027896881103515625
Number of Verified Splits: 71 of 128
Current worst splitting domains lb-rhs (depth):
-0.30738 (6), -0.30721 (6), -0.29449 (5), -0.28459 (5), -0.28008 (6), -0.27746 (6), -0.27236 (5), -0.27216 (5), -0.26685 (7), -0.26645 (5), -0.26371 (7), -0.25911 (8), -0.25722 (8), -0.25306 (7), -0.24440 (5), -0.24430 (7), -0.24391 (10), -0.23942 (11), -0.23749 (9), -0.23632 (9), 
Current (lb-rhs): -0.3073784112930298
22192 domains visited
Length of domains: 728
Cumulative time: 38.52580261230469

BaB round 178
batch: 64
splitting decisions: 
split level 0: [/input-28, 46] [/input-8, 35] [/input-8, 36] [/39, 482] [/44, 559] [/input, 1143] [/input-28, 75] [/input-20, 476] [/input-8, 35] [/input-28, 75] 
best_l after optimization: -0.33632510900497437
beta sum per layer: [2.8778016567230225, 21.686939239501953, 25.48495101928711, 36.189697265625, 49.878360748291016, 27.53856658935547]
alpha/beta optimization time: 0.13336825370788574
pruning_in_iteration open status: True
ratio of positive domain = 85 / 128 = 0.6640625
pruning-in-iteration extra time: 0.004154682159423828
Time: get_branching_decision.update_bounds 0.0154    pickout 0.0099    branching_decision 0.0001    decision 0.0001    set_bounds 0.0033    prepare 0.0051    transfer 0.0000    finalize 0.0010    func 0.1809    solve 0.1962    add 0.0008    bab_iteration 0.2101    
Accumulated time: get_branching_decision.update_bounds 0.0154    bab_iteration 38.5036    pickout 1.6804    decision 0.0181    branching_decision 0.0153    set_bounds 0.5480    solve 36.0833    func 36.2556    prepare 0.8739    transfer 0.0020    finalize 0.2803    add 0.1585    
max lb 9.999999747378752e-05 min lb -0.024043798446655273
Number of Verified Splits: 85 of 128
Current worst splitting domains lb-rhs (depth):
-0.30738 (6), -0.30721 (6), -0.29449 (5), -0.28459 (5), -0.28008 (6), -0.27746 (6), -0.27236 (5), -0.27216 (5), -0.26685 (7), -0.26645 (5), -0.26371 (7), -0.25911 (8), -0.25722 (8), -0.25306 (7), -0.24440 (5), -0.24430 (7), -0.24391 (10), -0.23942 (11), -0.23749 (9), -0.23632 (9), 
Current (lb-rhs): -0.3073784112930298
22320 domains visited
Length of domains: 707
Cumulative time: 38.720903396606445

BaB round 179
batch: 64
splitting decisions: 
split level 0: [/input-8, 164] [/44, 148] [/44, 476] [/44, 357] [/input-8, 28] [/input-28, 93] [/input-8, 164] [/44, 483] [/input-8, 604] [/39, 844] 
best_l after optimization: -1.4760972261428833
beta sum per layer: [3.045166015625, 27.63522720336914, 31.029081344604492, 46.768192291259766, 49.908843994140625, 29.36727523803711]
alpha/beta optimization time: 0.1446514129638672
pruning_in_iteration open status: True
ratio of positive domain = 64 / 128 = 0.5
pruning-in-iteration extra time: 0.006083488464355469
Time: get_branching_decision.update_bounds 0.0154    pickout 0.0101    branching_decision 0.0001    decision 0.0001    set_bounds 0.0031    prepare 0.0051    transfer 0.0000    finalize 0.0013    func 0.2016    solve 0.1810    add 0.0007    bab_iteration 0.1951    
Accumulated time: get_branching_decision.update_bounds 0.0154    bab_iteration 38.6987    pickout 1.6905    decision 0.0182    branching_decision 0.0154    set_bounds 0.5511    solve 36.2642    func 36.4572    prepare 0.8790    transfer 0.0020    finalize 0.2816    add 0.1592    
max lb 9.999999747378752e-05 min lb -0.07970762252807617
Number of Verified Splits: 64 of 128
Current worst splitting domains lb-rhs (depth):
-0.30738 (6), -0.30721 (6), -0.29449 (5), -0.28459 (5), -0.28008 (6), -0.27746 (6), -0.27236 (5), -0.27216 (5), -0.26685 (7), -0.26645 (5), -0.26371 (7), -0.25911 (8), -0.25722 (8), -0.25306 (7), -0.24440 (5), -0.24430 (7), -0.24391 (10), -0.23942 (11), -0.23749 (9), -0.23632 (9), 
Current (lb-rhs): -0.3073784112930298
22448 domains visited
Length of domains: 707
Cumulative time: 38.93692231178284

BaB round 180
batch: 64
splitting decisions: 
split level 0: [/44, 37] [/44, 483] [/44, 148] [/44, 483] [/44, 559] [/39, 412] [/39, 404] [/input-28, 29] [/44, 17] [/input-8, 35] 
best_l after optimization: -1.8729249238967896
beta sum per layer: [3.7958714962005615, 26.452953338623047, 31.513477325439453, 50.2199592590332, 46.336421966552734, 31.884946823120117]
alpha/beta optimization time: 0.13979721069335938
pruning_in_iteration open status: True
ratio of positive domain = 62 / 128 = 0.484375
pruning-in-iteration extra time: 0.005983591079711914
Time: get_branching_decision.update_bounds 0.0154    pickout 0.0116    branching_decision 0.0001    decision 0.0001    set_bounds 0.0030    prepare 0.0051    transfer 0.0000    finalize 0.0015    func 0.1944    solve 0.2017    add 0.0008    bab_iteration 0.2160    
Accumulated time: get_branching_decision.update_bounds 0.0154    bab_iteration 38.9147    pickout 1.7021    decision 0.0183    branching_decision 0.0155    set_bounds 0.5541    solve 36.4659    func 36.6516    prepare 0.8840    transfer 0.0021    finalize 0.2831    add 0.1601    
max lb 0.0005276203155517578 min lb -0.07295894622802734
Number of Verified Splits: 62 of 128
Current worst splitting domains lb-rhs (depth):
-0.30738 (6), -0.30721 (6), -0.29449 (5), -0.28459 (5), -0.28008 (6), -0.27746 (6), -0.27236 (5), -0.27216 (5), -0.26685 (7), -0.26645 (5), -0.26371 (7), -0.25911 (8), -0.25722 (8), -0.25306 (7), -0.24440 (5), -0.24430 (7), -0.24391 (10), -0.23942 (11), -0.23749 (9), -0.23632 (9), 
Current (lb-rhs): -0.3073784112930298
22576 domains visited
Length of domains: 709
Cumulative time: 39.147090911865234

BaB round 181
batch: 64
splitting decisions: 
split level 0: [/44, 483] [/input-8, 36] [/input-8, 604] [/input-28, 75] [/input-8, 36] [/39, 482] [/input-8, 604] [/44, 37] [/input, 393] [/39, 156] 
best_l after optimization: -2.3911046981811523
beta sum per layer: [2.0396971702575684, 22.7857666015625, 26.448755264282227, 41.23111343383789, 49.31352996826172, 39.9009895324707]
alpha/beta optimization time: 0.1503279209136963
pruning_in_iteration open status: True
ratio of positive domain = 51 / 128 = 0.3984375
pruning-in-iteration extra time: 0.007638216018676758
Time: get_branching_decision.update_bounds 0.0154    pickout 0.0104    branching_decision 0.0001    decision 0.0001    set_bounds 0.0036    prepare 0.0054    transfer 0.0000    finalize 0.0017    func 0.2121    solve 0.1945    add 0.0009    bab_iteration 0.2102    
Accumulated time: get_branching_decision.update_bounds 0.0154    bab_iteration 39.1248    pickout 1.7124    decision 0.0184    branching_decision 0.0156    set_bounds 0.5576    solve 36.6604    func 36.8638    prepare 0.8894    transfer 0.0021    finalize 0.2848    add 0.1610    
max lb 9.999999747378752e-05 min lb -0.06537914276123047
Number of Verified Splits: 51 of 128
Current worst splitting domains lb-rhs (depth):
-0.30738 (6), -0.30721 (6), -0.29449 (5), -0.28459 (5), -0.28008 (6), -0.27746 (6), -0.27236 (5), -0.27216 (5), -0.26685 (7), -0.26645 (5), -0.26371 (7), -0.25911 (8), -0.25722 (8), -0.25306 (7), -0.24440 (5), -0.24430 (7), -0.24391 (10), -0.23942 (11), -0.23749 (9), -0.23632 (9), 
Current (lb-rhs): -0.3073784112930298
22704 domains visited
Length of domains: 722
Cumulative time: 39.3744957447052

BaB round 182
batch: 64
splitting decisions: 
split level 0: [/39, 404] [/39, 482] [/input-8, 36] [/input, 1412] [/44, 559] [/44, 37] [/39, 414] [/39, 659] [/39, 482] [/input-28, 64] 
best_l after optimization: -2.4821345806121826
beta sum per layer: [1.8278013467788696, 16.682985305786133, 27.66388702392578, 37.58258819580078, 54.31874084472656, 44.12500762939453]
alpha/beta optimization time: 0.16286468505859375
pruning_in_iteration open status: True
ratio of positive domain = 38 / 128 = 0.296875
pruning-in-iteration extra time: 0.007589101791381836
Time: get_branching_decision.update_bounds 0.0154    pickout 0.0097    branching_decision 0.0001    decision 0.0001    set_bounds 0.0029    prepare 0.0051    transfer 0.0000    finalize 0.0018    func 0.2322    solve 0.2122    add 0.0010    bab_iteration 0.2274    
Accumulated time: get_branching_decision.update_bounds 0.0154    bab_iteration 39.3522    pickout 1.7221    decision 0.0185    branching_decision 0.0157    set_bounds 0.5605    solve 36.8726    func 37.0960    prepare 0.8945    transfer 0.0021    finalize 0.2867    add 0.1620    
max lb 0.0008919239044189453 min lb -0.05885457992553711
Number of Verified Splits: 38 of 128
Current worst splitting domains lb-rhs (depth):
-0.30738 (6), -0.30721 (6), -0.29449 (5), -0.28459 (5), -0.28008 (6), -0.27746 (6), -0.27236 (5), -0.27216 (5), -0.26685 (7), -0.26645 (5), -0.26371 (7), -0.25911 (8), -0.25722 (8), -0.25306 (7), -0.24440 (5), -0.24430 (7), -0.24391 (10), -0.23942 (11), -0.23749 (9), -0.23632 (9), 
Current (lb-rhs): -0.3073784112930298
22832 domains visited
Length of domains: 748
Cumulative time: 39.62040996551514

BaB round 183
batch: 64
splitting decisions: 
split level 0: [/44, 786] [/39, 482] [/input-8, 995] [/39, 414] [/input, 1412] [/44, 37] [/44, 786] [/39, 659] [/39, 164] [/39, 482] 
best_l after optimization: -2.2059826850891113
beta sum per layer: [3.1265742778778076, 16.613101959228516, 30.35746192932129, 42.33457946777344, 55.266361236572266, 39.828277587890625]
alpha/beta optimization time: 0.17073655128479004
pruning_in_iteration open status: True
ratio of positive domain = 34 / 128 = 0.265625
pruning-in-iteration extra time: 0.005262613296508789
Time: get_branching_decision.update_bounds 0.0154    pickout 0.0108    branching_decision 0.0001    decision 0.0002    set_bounds 0.0036    prepare 0.0053    transfer 0.0000    finalize 0.0019    func 0.2519    solve 0.2323    add 0.0009    bab_iteration 0.2459    
Accumulated time: get_branching_decision.update_bounds 0.0154    bab_iteration 39.5981    pickout 1.7328    decision 0.0187    branching_decision 0.0158    set_bounds 0.5641    solve 37.1048    func 37.3479    prepare 0.8999    transfer 0.0021    finalize 0.2886    add 0.1629    
max lb 9.999999747378752e-05 min lb -0.055310726165771484
Number of Verified Splits: 34 of 128
Current worst splitting domains lb-rhs (depth):
-0.30738 (6), -0.30721 (6), -0.29449 (5), -0.28459 (5), -0.28008 (6), -0.27746 (6), -0.27236 (5), -0.27216 (5), -0.26685 (7), -0.26645 (5), -0.26371 (7), -0.25911 (8), -0.25722 (8), -0.25306 (7), -0.24440 (5), -0.24430 (7), -0.24391 (10), -0.23942 (11), -0.23749 (9), -0.23632 (9), 
Current (lb-rhs): -0.3073784112930298
22960 domains visited
Length of domains: 778
Cumulative time: 39.88787770271301

BaB round 184
batch: 64
splitting decisions: 
split level 0: [/44, 17] [/44, 475] [/input-28, 75] [/input-8, 35] [/39, 883] [/39, 482] [/input-8, 36] [/39, 164] [/input-28, 75] [/input-8, 292] 
best_l after optimization: -1.8307414054870605
beta sum per layer: [3.6171092987060547, 12.45343017578125, 32.55293273925781, 38.510826110839844, 53.88888168334961, 40.455997467041016]
alpha/beta optimization time: 0.1527252197265625
pruning_in_iteration open status: True
ratio of positive domain = 40 / 128 = 0.3125
pruning-in-iteration extra time: 0.006932735443115234
Time: get_branching_decision.update_bounds 0.0154    pickout 0.0096    branching_decision 0.0001    decision 0.0001    set_bounds 0.0031    prepare 0.0049    transfer 0.0000    finalize 0.0020    func 0.2321    solve 0.2519    add 0.0008    bab_iteration 0.2675    
Accumulated time: get_branching_decision.update_bounds 0.0154    bab_iteration 39.8656    pickout 1.7424    decision 0.0188    branching_decision 0.0159    set_bounds 0.5672    solve 37.3568    func 37.5800    prepare 0.9048    transfer 0.0021    finalize 0.2907    add 0.1637    
max lb 0.00010824203491210938 min lb -0.04981112480163574
Number of Verified Splits: 40 of 128
Current worst splitting domains lb-rhs (depth):
-0.30738 (6), -0.30721 (6), -0.29449 (5), -0.28459 (5), -0.28008 (6), -0.27746 (6), -0.27236 (5), -0.27216 (5), -0.26685 (7), -0.26645 (5), -0.26371 (7), -0.25911 (8), -0.25722 (8), -0.25306 (7), -0.24440 (5), -0.24430 (7), -0.24391 (10), -0.23942 (11), -0.23749 (9), -0.23632 (9), 
Current (lb-rhs): -0.3073784112930298
23088 domains visited
Length of domains: 802
Cumulative time: 40.13388729095459

BaB round 185
batch: 64
splitting decisions: 
split level 0: [/39, 229] [/input-28, 75] [/input-8, 35] [/input-8, 35] [/39, 399] [/input-8, 740] [/input-8, 35] [/39, 229] [/input-8, 35] [/39, 229] 
best_l after optimization: -1.060792326927185
beta sum per layer: [4.302507400512695, 14.78639030456543, 40.812950134277344, 38.37574005126953, 47.460384368896484, 41.78802490234375]
alpha/beta optimization time: 0.16561269760131836
pruning_in_iteration open status: True
ratio of positive domain = 54 / 128 = 0.421875
pruning-in-iteration extra time: 0.008627653121948242
Time: get_branching_decision.update_bounds 0.0154    pickout 0.0101    branching_decision 0.0001    decision 0.0001    set_bounds 0.0029    prepare 0.0056    transfer 0.0000    finalize 0.0016    func 0.2284    solve 0.2322    add 0.0009    bab_iteration 0.2460    
Accumulated time: get_branching_decision.update_bounds 0.0154    bab_iteration 40.1116    pickout 1.7526    decision 0.0189    branching_decision 0.0160    set_bounds 0.5701    solve 37.5889    func 37.8084    prepare 0.9104    transfer 0.0021    finalize 0.2922    add 0.1646    
max lb 9.999999747378752e-05 min lb -0.04779338836669922
Number of Verified Splits: 54 of 128
Current worst splitting domains lb-rhs (depth):
-0.30738 (6), -0.30721 (6), -0.29449 (5), -0.28459 (5), -0.28008 (6), -0.27746 (6), -0.27236 (5), -0.27216 (5), -0.26685 (7), -0.26645 (5), -0.26371 (7), -0.25911 (8), -0.25722 (8), -0.25306 (7), -0.24440 (5), -0.24430 (7), -0.24391 (10), -0.23942 (11), -0.23749 (9), -0.23632 (9), 
Current (lb-rhs): -0.3073784112930298
23216 domains visited
Length of domains: 812
Cumulative time: 40.37650227546692

BaB round 186
batch: 64
splitting decisions: 
split level 0: [/input-8, 740] [/input-8, 740] [/39, 414] [/44, 474] [/39, 164] [/input-8, 740] [/input-8, 612] [/input-8, 740] [/39, 883] [/44, 474] 
best_l after optimization: -0.6753318905830383
beta sum per layer: [3.2974724769592285, 16.3116397857666, 49.383148193359375, 35.69226837158203, 45.844635009765625, 38.0314826965332]
alpha/beta optimization time: 0.13707756996154785
pruning_in_iteration open status: True
ratio of positive domain = 71 / 128 = 0.5546875
pruning-in-iteration extra time: 0.0056438446044921875
Time: get_branching_decision.update_bounds 0.0154    pickout 0.0094    branching_decision 0.0001    decision 0.0001    set_bounds 0.0029    prepare 0.0049    transfer 0.0000    finalize 0.0012    func 0.1863    solve 0.2285    add 0.0009    bab_iteration 0.2426    
Accumulated time: get_branching_decision.update_bounds 0.0154    bab_iteration 40.3542    pickout 1.7619    decision 0.0190    branching_decision 0.0160    set_bounds 0.5730    solve 37.8174    func 37.9947    prepare 0.9153    transfer 0.0021    finalize 0.2934    add 0.1655    
max lb 9.999999747378752e-05 min lb -0.04318737983703613
Number of Verified Splits: 71 of 128
Current worst splitting domains lb-rhs (depth):
-0.30738 (6), -0.30721 (6), -0.29449 (5), -0.28459 (5), -0.28008 (6), -0.27746 (6), -0.27236 (5), -0.27216 (5), -0.26685 (7), -0.26645 (5), -0.26371 (7), -0.25911 (8), -0.25722 (8), -0.25306 (7), -0.24440 (5), -0.24430 (7), -0.24391 (10), -0.23942 (11), -0.23749 (9), -0.23632 (9), 
Current (lb-rhs): -0.3073784112930298
23344 domains visited
Length of domains: 805
Cumulative time: 40.576061964035034

BaB round 187
batch: 64
splitting decisions: 
split level 0: [/input-8, 851] [/input-8, 851] [/39, 164] [/input-8, 851] [/input-8, 851] [/input-8, 740] [/39, 164] [/input, 1412] [/input-8, 740] [/input-8, 869] 
best_l after optimization: -0.892798900604248
beta sum per layer: [2.3723907470703125, 12.611096382141113, 34.71271514892578, 35.34258270263672, 47.55484390258789, 41.61728286743164]
alpha/beta optimization time: 0.15300846099853516
pruning_in_iteration open status: True
ratio of positive domain = 60 / 128 = 0.46875
pruning-in-iteration extra time: 0.006511211395263672
Time: get_branching_decision.update_bounds 0.0154    pickout 0.0095    branching_decision 0.0001    decision 0.0001    set_bounds 0.0030    prepare 0.0049    transfer 0.0000    finalize 0.0014    func 0.2129    solve 0.1863    add 0.0007    bab_iteration 0.1996    
Accumulated time: get_branching_decision.update_bounds 0.0154    bab_iteration 40.5538    pickout 1.7714    decision 0.0191    branching_decision 0.0161    set_bounds 0.5760    solve 38.0038    func 38.2077    prepare 0.9202    transfer 0.0021    finalize 0.2948    add 0.1662    
max lb 9.999999747378752e-05 min lb -0.04177975654602051
Number of Verified Splits: 60 of 128
Current worst splitting domains lb-rhs (depth):
-0.30738 (6), -0.30721 (6), -0.29449 (5), -0.28459 (5), -0.28008 (6), -0.27746 (6), -0.27236 (5), -0.27216 (5), -0.26685 (7), -0.26645 (5), -0.26371 (7), -0.25911 (8), -0.25722 (8), -0.25306 (7), -0.24440 (5), -0.24430 (7), -0.24391 (10), -0.23942 (11), -0.23749 (9), -0.23632 (9), 
Current (lb-rhs): -0.3073784112930298
23472 domains visited
Length of domains: 809
Cumulative time: 40.80263113975525

BaB round 188
batch: 64
splitting decisions: 
split level 0: [/input-20, 660] [/input, 393] [/39, 229] [/39, 659] [/input, 393] [/39, 229] [/input-8, 869] [/44, 483] [/39, 229] [/39, 229] 
best_l after optimization: -0.6108039617538452
beta sum per layer: [3.124851703643799, 16.760217666625977, 40.91568374633789, 48.22721481323242, 40.338993072509766, 33.47013854980469]
alpha/beta optimization time: 0.14278960227966309
pruning_in_iteration open status: True
ratio of positive domain = 86 / 128 = 0.671875
pruning-in-iteration extra time: 0.005699872970581055
Time: get_branching_decision.update_bounds 0.0154    pickout 0.0098    branching_decision 0.0001    decision 0.0001    set_bounds 0.0034    prepare 0.0051    transfer 0.0000    finalize 0.0010    func 0.1860    solve 0.2130    add 0.0008    bab_iteration 0.2266    
Accumulated time: get_branching_decision.update_bounds 0.0154    bab_iteration 40.7804    pickout 1.7811    decision 0.0192    branching_decision 0.0162    set_bounds 0.5794    solve 38.2168    func 38.3937    prepare 0.9253    transfer 0.0021    finalize 0.2957    add 0.1671    
max lb 0.00044918060302734375 min lb -0.035900115966796875
Number of Verified Splits: 86 of 128
Current worst splitting domains lb-rhs (depth):
-0.30738 (6), -0.30721 (6), -0.29449 (5), -0.28459 (5), -0.28008 (6), -0.27746 (6), -0.27236 (5), -0.27216 (5), -0.26685 (7), -0.26645 (5), -0.26371 (7), -0.25911 (8), -0.25722 (8), -0.25306 (7), -0.24440 (5), -0.24430 (7), -0.24391 (10), -0.23942 (11), -0.23749 (9), -0.23632 (9), 
Current (lb-rhs): -0.3073784112930298
23600 domains visited
Length of domains: 787
Cumulative time: 41.00268769264221

BaB round 189
batch: 64
splitting decisions: 
split level 0: [/input-28, 46] [/input, 1412] [/input-8, 35] [/input-8, 35] [/39, 229] [/input-20, 987] [/44, 474] [/39, 229] [/44, 474] [/44, 537] 
best_l after optimization: -0.9871615767478943
beta sum per layer: [5.138365745544434, 26.963878631591797, 46.17892074584961, 65.6500473022461, 34.421836853027344, 27.038022994995117]
alpha/beta optimization time: 0.1500692367553711
pruning_in_iteration open status: True
ratio of positive domain = 65 / 128 = 0.5078125
pruning-in-iteration extra time: 0.00738835334777832
Time: get_branching_decision.update_bounds 0.0154    pickout 0.0099    branching_decision 0.0001    decision 0.0001    set_bounds 0.0031    prepare 0.0051    transfer 0.0000    finalize 0.0014    func 0.2096    solve 0.1860    add 0.0007    bab_iteration 0.2001    
Accumulated time: get_branching_decision.update_bounds 0.0154    bab_iteration 40.9804    pickout 1.7910    decision 0.0193    branching_decision 0.0163    set_bounds 0.5825    solve 38.4028    func 38.6033    prepare 0.9305    transfer 0.0022    finalize 0.2971    add 0.1677    
max lb 0.00014925003051757812 min lb -0.03970766067504883
Number of Verified Splits: 65 of 128
Current worst splitting domains lb-rhs (depth):
-0.30738 (6), -0.30721 (6), -0.29449 (5), -0.28459 (5), -0.28008 (6), -0.27746 (6), -0.27236 (5), -0.27216 (5), -0.26685 (7), -0.26645 (5), -0.26371 (7), -0.25911 (8), -0.25722 (8), -0.25306 (7), -0.24440 (5), -0.24430 (7), -0.24391 (10), -0.23942 (11), -0.23749 (9), -0.23632 (9), 
Current (lb-rhs): -0.3073784112930298
23728 domains visited
Length of domains: 786
Cumulative time: 41.22638177871704

BaB round 190
batch: 64
splitting decisions: 
split level 0: [/39, 229] [/39, 164] [/input-8, 851] [/input-8, 851] [/39, 883] [/input-8, 851] [/input-20, 660] [/input, 1412] [/input-8, 740] [/39, 229] 
best_l after optimization: -1.0744177103042603
beta sum per layer: [5.910184860229492, 32.511634826660156, 54.779197692871094, 80.64978790283203, 29.193639755249023, 17.452627182006836]
alpha/beta optimization time: 0.1577894687652588
pruning_in_iteration open status: True
ratio of positive domain = 55 / 128 = 0.4296875
pruning-in-iteration extra time: 0.00855875015258789
Time: get_branching_decision.update_bounds 0.0154    pickout 0.0101    branching_decision 0.0001    decision 0.0001    set_bounds 0.0032    prepare 0.0060    transfer 0.0000    finalize 0.0027    func 0.2202    solve 0.2097    add 0.0007    bab_iteration 0.2237    
Accumulated time: get_branching_decision.update_bounds 0.0154    bab_iteration 41.2041    pickout 1.8012    decision 0.0194    branching_decision 0.0164    set_bounds 0.5857    solve 38.6125    func 38.8235    prepare 0.9365    transfer 0.0022    finalize 0.2998    add 0.1684    
max lb 9.999999747378752e-05 min lb -0.04442405700683594
Number of Verified Splits: 55 of 128
Current worst splitting domains lb-rhs (depth):
-0.30738 (6), -0.30721 (6), -0.29449 (5), -0.28459 (5), -0.28008 (6), -0.27746 (6), -0.27236 (5), -0.27216 (5), -0.26685 (7), -0.26645 (5), -0.26371 (7), -0.25911 (8), -0.25722 (8), -0.25306 (7), -0.24440 (5), -0.24430 (7), -0.24391 (10), -0.23942 (11), -0.23749 (9), -0.23632 (9), 
Current (lb-rhs): -0.3073784112930298
23856 domains visited
Length of domains: 795
Cumulative time: 41.46097540855408

BaB round 191
batch: 64
splitting decisions: 
split level 0: [/input-8, 851] [/input-20, 987] [/input-20, 660] [/input, 1412] [/input-8, 740] [/input, 1688] [/input-20, 987] [/input-20, 660] [/44, 475] [/input, 1143] 
best_l after optimization: -0.7097146511077881
beta sum per layer: [6.2053961753845215, 33.23735427856445, 57.68696594238281, 88.70967102050781, 25.521528244018555, 12.707237243652344]
alpha/beta optimization time: 0.14812231063842773
pruning_in_iteration open status: True
ratio of positive domain = 63 / 128 = 0.4921875
pruning-in-iteration extra time: 0.007068634033203125
Time: get_branching_decision.update_bounds 0.0154    pickout 0.0103    branching_decision 0.0001    decision 0.0001    set_bounds 0.0035    prepare 0.0052    transfer 0.0000    finalize 0.0015    func 0.2068    solve 0.2202    add 0.0008    bab_iteration 0.2346    
Accumulated time: get_branching_decision.update_bounds 0.0154    bab_iteration 41.4387    pickout 1.8114    decision 0.0195    branching_decision 0.0164    set_bounds 0.5892    solve 38.8327    func 39.0303    prepare 0.9416    transfer 0.0022    finalize 0.3013    add 0.1693    
max lb 0.001539468765258789 min lb -0.03264880180358887
Number of Verified Splits: 63 of 128
Current worst splitting domains lb-rhs (depth):
-0.30738 (6), -0.30721 (6), -0.29449 (5), -0.28459 (5), -0.28008 (6), -0.27746 (6), -0.27236 (5), -0.27216 (5), -0.26685 (7), -0.26645 (5), -0.26371 (7), -0.25911 (8), -0.25722 (8), -0.25306 (7), -0.24440 (5), -0.24430 (7), -0.24391 (10), -0.23942 (11), -0.23749 (9), -0.23632 (9), 
Current (lb-rhs): -0.3073784112930298
23984 domains visited
Length of domains: 796
Cumulative time: 41.6828248500824

BaB round 192
batch: 64
splitting decisions: 
split level 0: [/39, 739] [/39, 739] [/input, 1143] [/input-20, 660] [/input-8, 851] [/39, 739] [/39, 164] [/input, 1688] [/input-20, 557] [/input-8, 851] 
best_l after optimization: -0.5253696441650391
beta sum per layer: [7.7097320556640625, 34.45021438598633, 60.27751922607422, 93.5334701538086, 24.170141220092773, 8.532039642333984]
alpha/beta optimization time: 0.1661834716796875
pruning_in_iteration open status: True
ratio of positive domain = 66 / 128 = 0.515625
pruning-in-iteration extra time: 0.007994890213012695
Time: get_branching_decision.update_bounds 0.0154    pickout 0.0107    branching_decision 0.0001    decision 0.0001    set_bounds 0.0030    prepare 0.0057    transfer 0.0000    finalize 0.0013    func 0.2206    solve 0.2069    add 0.0009    bab_iteration 0.2218    
Accumulated time: get_branching_decision.update_bounds 0.0154    bab_iteration 41.6605    pickout 1.8221    decision 0.0195    branching_decision 0.0165    set_bounds 0.5922    solve 39.0396    func 39.2509    prepare 0.9473    transfer 0.0022    finalize 0.3026    add 0.1702    
max lb 0.0011303424835205078 min lb -0.026734590530395508
Number of Verified Splits: 66 of 128
Current worst splitting domains lb-rhs (depth):
-0.30738 (6), -0.30721 (6), -0.29449 (5), -0.28459 (5), -0.28008 (6), -0.27746 (6), -0.27236 (5), -0.27216 (5), -0.26685 (7), -0.26645 (5), -0.26371 (7), -0.25911 (8), -0.25722 (8), -0.25306 (7), -0.24440 (5), -0.24430 (7), -0.24391 (10), -0.23942 (11), -0.23749 (9), -0.23632 (9), 
Current (lb-rhs): -0.3073784112930298
24112 domains visited
Length of domains: 794
Cumulative time: 41.91815519332886

BaB round 193
batch: 64
splitting decisions: 
split level 0: [/input-8, 869] [/input-20, 660] [/39, 659] [/input, 1688] [/39, 883] [/input, 1143] [/39, 156] [/input-20, 987] [/input-8, 851] [/input, 1913] 
best_l after optimization: -0.433390736579895
beta sum per layer: [7.738696575164795, 30.71734046936035, 60.39759063720703, 97.76878356933594, 22.7517147064209, 4.992006778717041]
alpha/beta optimization time: 0.14826393127441406
pruning_in_iteration open status: True
ratio of positive domain = 78 / 128 = 0.609375
pruning-in-iteration extra time: 0.0053386688232421875
Time: get_branching_decision.update_bounds 0.0154    pickout 0.0106    branching_decision 0.0001    decision 0.0001    set_bounds 0.0031    prepare 0.0055    transfer 0.0000    finalize 0.0011    func 0.1964    solve 0.2207    add 0.0007    bab_iteration 0.2353    
Accumulated time: get_branching_decision.update_bounds 0.0154    bab_iteration 41.8959    pickout 1.8327    decision 0.0196    branching_decision 0.0166    set_bounds 0.5953    solve 39.2603    func 39.4473    prepare 0.9528    transfer 0.0022    finalize 0.3037    add 0.1709    
max lb 0.00022673606872558594 min lb -0.025408267974853516
Number of Verified Splits: 78 of 128
Current worst splitting domains lb-rhs (depth):
-0.30738 (6), -0.30721 (6), -0.29449 (5), -0.28459 (5), -0.28008 (6), -0.27746 (6), -0.27236 (5), -0.27216 (5), -0.26685 (7), -0.26645 (5), -0.26371 (7), -0.25911 (8), -0.25722 (8), -0.25306 (7), -0.24440 (5), -0.24430 (7), -0.24391 (10), -0.23942 (11), -0.23749 (9), -0.23632 (9), 
Current (lb-rhs): -0.3073784112930298
24240 domains visited
Length of domains: 780
Cumulative time: 42.12934613227844

BaB round 194
batch: 64
splitting decisions: 
split level 0: [/39, 164] [/39, 229] [/input, 1412] [/input-8, 35] [/input-20, 987] [/input-8, 35] [/input-8, 851] [/input-8, 740] [/39, 659] [/input-20, 660] 
best_l after optimization: -0.7818131446838379
beta sum per layer: [6.26363468170166, 26.736427307128906, 56.79233169555664, 97.82481384277344, 19.902299880981445, 7.37834358215332]
alpha/beta optimization time: 0.16339945793151855
pruning_in_iteration open status: True
ratio of positive domain = 71 / 128 = 0.5546875
pruning-in-iteration extra time: 0.007092714309692383
Time: get_branching_decision.update_bounds 0.0154    pickout 0.0103    branching_decision 0.0001    decision 0.0001    set_bounds 0.0032    prepare 0.0053    transfer 0.0000    finalize 0.0012    func 0.2118    solve 0.1965    add 0.0008    bab_iteration 0.2112    
Accumulated time: get_branching_decision.update_bounds 0.0154    bab_iteration 42.1071    pickout 1.8431    decision 0.0198    branching_decision 0.0167    set_bounds 0.5985    solve 39.4567    func 39.6591    prepare 0.9581    transfer 0.0022    finalize 0.3050    add 0.1717    
max lb 9.999999747378752e-05 min lb -0.04959368705749512
Number of Verified Splits: 71 of 128
Current worst splitting domains lb-rhs (depth):
-0.30738 (6), -0.30721 (6), -0.29449 (5), -0.28459 (5), -0.28008 (6), -0.27746 (6), -0.27236 (5), -0.27216 (5), -0.26685 (7), -0.26645 (5), -0.26371 (7), -0.25911 (8), -0.25722 (8), -0.25306 (7), -0.24440 (5), -0.24430 (7), -0.24391 (10), -0.23942 (11), -0.23749 (9), -0.23632 (9), 
Current (lb-rhs): -0.3073784112930298
24368 domains visited
Length of domains: 773
Cumulative time: 42.35583448410034

BaB round 195
batch: 64
splitting decisions: 
split level 0: [/39, 229] [/input-28, 46] [/44, 537] [/input-8, 35] [/input-8, 35] [/44, 537] [/input, 1688] [/input-8, 740] [/input-8, 851] [/39, 164] 
best_l after optimization: -0.9980965852737427
beta sum per layer: [6.405330181121826, 28.42293930053711, 56.13208770751953, 94.96412658691406, 21.172439575195312, 8.053593635559082]
alpha/beta optimization time: 0.14274311065673828
pruning_in_iteration open status: True
ratio of positive domain = 56 / 128 = 0.4375
pruning-in-iteration extra time: 0.0069768428802490234
Time: get_branching_decision.update_bounds 0.0154    pickout 0.0103    branching_decision 0.0001    decision 0.0001    set_bounds 0.0032    prepare 0.0053    transfer 0.0000    finalize 0.0024    func 0.2144    solve 0.2119    add 0.0007    bab_iteration 0.2265    
Accumulated time: get_branching_decision.update_bounds 0.0154    bab_iteration 42.3335    pickout 1.8534    decision 0.0199    branching_decision 0.0168    set_bounds 0.6018    solve 39.6686    func 39.8735    prepare 0.9634    transfer 0.0022    finalize 0.3074    add 0.1725    
max lb 0.00017976760864257812 min lb -0.04929780960083008
Number of Verified Splits: 56 of 128
Current worst splitting domains lb-rhs (depth):
-0.30738 (6), -0.30721 (6), -0.29449 (5), -0.28459 (5), -0.28008 (6), -0.27746 (6), -0.27236 (5), -0.27216 (5), -0.26685 (7), -0.26645 (5), -0.26371 (7), -0.25911 (8), -0.25722 (8), -0.25306 (7), -0.24440 (5), -0.24430 (7), -0.24391 (10), -0.23942 (11), -0.23749 (9), -0.23632 (9), 
Current (lb-rhs): -0.3073784112930298
24496 domains visited
Length of domains: 781
Cumulative time: 42.585766077041626

BaB round 196
batch: 64
splitting decisions: 
split level 0: [/39, 659] [/input-20, 557] [/input-8, 740] [/input, 1143] [/39, 739] [/44, 537] [/44, 483] [/44, 357] [/39, 156] [/input, 1672] 
best_l after optimization: -0.6787201762199402
beta sum per layer: [6.751604080200195, 29.559694290161133, 61.58100128173828, 98.88174438476562, 19.613882064819336, 5.108910083770752]
alpha/beta optimization time: 0.1472768783569336
pruning_in_iteration open status: True
ratio of positive domain = 59 / 128 = 0.4609375
pruning-in-iteration extra time: 0.006210803985595703
Time: get_branching_decision.update_bounds 0.0154    pickout 0.0194    branching_decision 0.0002    decision 0.0002    set_bounds 0.0053    prepare 0.0070    transfer 0.0000    finalize 0.0014    func 0.2067    solve 0.2144    add 0.0016    bab_iteration 0.2299    
Accumulated time: get_branching_decision.update_bounds 0.0154    bab_iteration 42.5635    pickout 1.8727    decision 0.0200    branching_decision 0.0169    set_bounds 0.6071    solve 39.8830    func 40.0803    prepare 0.9704    transfer 0.0023    finalize 0.3088    add 0.1740    
max lb 9.999999747378752e-05 min lb -0.038935184478759766
Number of Verified Splits: 59 of 128
Current worst splitting domains lb-rhs (depth):
-0.30738 (6), -0.30721 (6), -0.29449 (5), -0.28459 (5), -0.28008 (6), -0.27746 (6), -0.27236 (5), -0.27216 (5), -0.26685 (7), -0.26645 (5), -0.26371 (7), -0.25911 (8), -0.25722 (8), -0.25306 (7), -0.24440 (5), -0.24430 (7), -0.24391 (10), -0.23942 (11), -0.23749 (9), -0.23632 (9), 
Current (lb-rhs): -0.3073784112930298
24624 domains visited
Length of domains: 786
Cumulative time: 42.81844663619995

BaB round 197
batch: 64
splitting decisions: 
split level 0: [/44, 537] [/44, 357] [/input-20, 660] [/39, 156] [/input-8, 740] [/39, 229] [/44, 537] [/44, 475] [/39, 156] [/44, 357] 
best_l after optimization: -0.4973995089530945
beta sum per layer: [6.0266313552856445, 25.212900161743164, 59.55247497558594, 97.68453979492188, 22.174890518188477, 6.262977600097656]
alpha/beta optimization time: 0.15006732940673828
pruning_in_iteration open status: True
ratio of positive domain = 67 / 128 = 0.5234375
pruning-in-iteration extra time: 0.0066678524017333984
Time: get_branching_decision.update_bounds 0.0154    pickout 0.0102    branching_decision 0.0001    decision 0.0001    set_bounds 0.0031    prepare 0.0052    transfer 0.0000    finalize 0.0015    func 0.2095    solve 0.2068    add 0.0008    bab_iteration 0.2327    
Accumulated time: get_branching_decision.update_bounds 0.0154    bab_iteration 42.7961    pickout 1.8830    decision 0.0201    branching_decision 0.0170    set_bounds 0.6102    solve 40.0898    func 40.2898    prepare 0.9755    transfer 0.0023    finalize 0.3103    add 0.1749    
max lb 9.999999747378752e-05 min lb -0.03155970573425293
Number of Verified Splits: 67 of 128
Current worst splitting domains lb-rhs (depth):
-0.30738 (6), -0.30721 (6), -0.29449 (5), -0.28459 (5), -0.28008 (6), -0.27746 (6), -0.27236 (5), -0.27216 (5), -0.26685 (7), -0.26645 (5), -0.26371 (7), -0.25911 (8), -0.25722 (8), -0.25306 (7), -0.24440 (5), -0.24430 (7), -0.24391 (10), -0.23942 (11), -0.23749 (9), -0.23632 (9), 
Current (lb-rhs): -0.3073784112930298
24752 domains visited
Length of domains: 783
Cumulative time: 43.04279899597168

BaB round 198
batch: 64
splitting decisions: 
split level 0: [/input-20, 557] [/44, 357] [/input, 1672] [/44, 537] [/input-8, 869] [/input-20, 476] [/input-20, 987] [/input-20, 557] [/39, 414] [/39, 156] 
best_l after optimization: -0.4016631245613098
beta sum per layer: [5.325699806213379, 35.764617919921875, 56.313663482666016, 99.41444396972656, 22.59347152709961, 5.75489616394043]
alpha/beta optimization time: 0.15245652198791504
pruning_in_iteration open status: True
ratio of positive domain = 78 / 128 = 0.609375
pruning-in-iteration extra time: 0.005610466003417969
Time: get_branching_decision.update_bounds 0.0154    pickout 0.0105    branching_decision 0.0001    decision 0.0001    set_bounds 0.0030    prepare 0.0052    transfer 0.0000    finalize 0.0011    func 0.1975    solve 0.2096    add 0.0012    bab_iteration 0.2243    
Accumulated time: get_branching_decision.update_bounds 0.0154    bab_iteration 43.0205    pickout 1.8935    decision 0.0202    branching_decision 0.0171    set_bounds 0.6133    solve 40.2995    func 40.4873    prepare 0.9807    transfer 0.0023    finalize 0.3114    add 0.1760    
max lb 0.0012176036834716797 min lb -0.026878833770751953
Number of Verified Splits: 78 of 128
Current worst splitting domains lb-rhs (depth):
-0.30738 (6), -0.30721 (6), -0.29449 (5), -0.28459 (5), -0.28008 (6), -0.27746 (6), -0.27236 (5), -0.27216 (5), -0.26685 (7), -0.26645 (5), -0.26371 (7), -0.25911 (8), -0.25722 (8), -0.25306 (7), -0.24440 (5), -0.24430 (7), -0.24391 (10), -0.23942 (11), -0.23749 (9), -0.23632 (9), 
Current (lb-rhs): -0.3073784112930298
24880 domains visited
Length of domains: 769
Cumulative time: 43.254833936691284

BaB round 199
batch: 64
splitting decisions: 
split level 0: [/input-8, 35] [/input, 1412] [/input, 1412] [/input-8, 35] [/input-8, 851] [/39, 164] [/input-8, 995] [/input-20, 987] [/39, 659] [/input, 1412] 
best_l after optimization: -0.6105785965919495
beta sum per layer: [4.95523738861084, 36.90221405029297, 55.484535217285156, 97.58121490478516, 28.729419708251953, 8.121759414672852]
alpha/beta optimization time: 0.1565382480621338
pruning_in_iteration open status: True
ratio of positive domain = 76 / 128 = 0.59375
pruning-in-iteration extra time: 0.00848078727722168
Time: get_branching_decision.update_bounds 0.0154    pickout 0.0102    branching_decision 0.0001    decision 0.0001    set_bounds 0.0032    prepare 0.0053    transfer 0.0000    finalize 0.0011    func 0.2075    solve 0.1975    add 0.0007    bab_iteration 0.2120    
Accumulated time: get_branching_decision.update_bounds 0.0154    bab_iteration 43.2325    pickout 1.9037    decision 0.0203    branching_decision 0.0172    set_bounds 0.6164    solve 40.4969    func 40.6947    prepare 0.9860    transfer 0.0023    finalize 0.3125    add 0.1768    
max lb 9.999999747378752e-05 min lb -0.04695248603820801
Number of Verified Splits: 76 of 128
Current worst splitting domains lb-rhs (depth):
-0.30738 (6), -0.30721 (6), -0.29449 (5), -0.28459 (5), -0.28008 (6), -0.27746 (6), -0.27236 (5), -0.27216 (5), -0.26685 (7), -0.26645 (5), -0.26371 (7), -0.25911 (8), -0.25722 (8), -0.25306 (7), -0.24440 (5), -0.24430 (7), -0.24391 (10), -0.23942 (11), -0.23749 (9), -0.23632 (9), 
Current (lb-rhs): -0.3073784112930298
25008 domains visited
Length of domains: 757
Cumulative time: 43.476651191711426

BaB round 200
batch: 64
splitting decisions: 
split level 0: [/44, 475] [/39, 404] [/39, 482] [/input-8, 35] [/input-8, 995] [/44, 212] [/input-8, 35] [/39, 164] [/input-28, 75] [/39, 659] 
best_l after optimization: -0.8831071853637695
beta sum per layer: [4.380382537841797, 26.23120880126953, 52.84525680541992, 91.26190185546875, 36.640472412109375, 12.864530563354492]
alpha/beta optimization time: 0.14129328727722168
pruning_in_iteration open status: True
ratio of positive domain = 61 / 128 = 0.4765625
pruning-in-iteration extra time: 0.006367683410644531
Time: get_branching_decision.update_bounds 0.0154    pickout 0.0101    branching_decision 0.0001    decision 0.0001    set_bounds 0.0034    prepare 0.0051    transfer 0.0000    finalize 0.0015    func 0.1974    solve 0.2075    add 0.0007    bab_iteration 0.2218    
Accumulated time: get_branching_decision.update_bounds 0.0154    bab_iteration 43.4543    pickout 1.9138    decision 0.0204    branching_decision 0.0173    set_bounds 0.6199    solve 40.7045    func 40.8921    prepare 0.9911    transfer 0.0023    finalize 0.3140    add 0.1775    
max lb 9.999999747378752e-05 min lb -0.04549551010131836
Number of Verified Splits: 61 of 128
Current worst splitting domains lb-rhs (depth):
-0.30738 (6), -0.30721 (6), -0.29449 (5), -0.28459 (5), -0.28008 (6), -0.27746 (6), -0.27236 (5), -0.27216 (5), -0.26685 (7), -0.26645 (5), -0.26371 (7), -0.25911 (8), -0.25722 (8), -0.25306 (7), -0.24440 (5), -0.24430 (7), -0.24391 (10), -0.23942 (11), -0.23749 (9), -0.23632 (9), 
Current (lb-rhs): -0.3073784112930298
25136 domains visited
Length of domains: 760
Cumulative time: 43.68874549865723

BaB round 201
batch: 64
splitting decisions: 
split level 0: [/39, 164] [/39, 229] [/input, 1412] [/input-8, 35] [/44, 475] [/44, 212] [/39, 156] [/input-8, 869] [/input, 393] [/39, 739] 
best_l after optimization: -0.7413039207458496
beta sum per layer: [4.640313148498535, 26.535804748535156, 53.40021896362305, 89.89971160888672, 37.13652420043945, 16.51565170288086]
alpha/beta optimization time: 0.14632225036621094
pruning_in_iteration open status: True
ratio of positive domain = 60 / 128 = 0.46875
pruning-in-iteration extra time: 0.0065996646881103516
Time: get_branching_decision.update_bounds 0.0154    pickout 0.0101    branching_decision 0.0001    decision 0.0001    set_bounds 0.0030    prepare 0.0053    transfer 0.0000    finalize 0.0014    func 0.2035    solve 0.1975    add 0.0009    bab_iteration 0.2121    
Accumulated time: get_branching_decision.update_bounds 0.0154    bab_iteration 43.6664    pickout 1.9239    decision 0.0205    branching_decision 0.0174    set_bounds 0.6228    solve 40.9019    func 41.0957    prepare 0.9965    transfer 0.0023    finalize 0.3155    add 0.1783    
max lb 0.0009982585906982422 min lb -0.045493364334106445
Number of Verified Splits: 60 of 128
Current worst splitting domains lb-rhs (depth):
-0.30738 (6), -0.30721 (6), -0.29449 (5), -0.28459 (5), -0.28008 (6), -0.27746 (6), -0.27236 (5), -0.27216 (5), -0.26685 (7), -0.26645 (5), -0.26371 (7), -0.25911 (8), -0.25722 (8), -0.25306 (7), -0.24440 (5), -0.24430 (7), -0.24391 (10), -0.23942 (11), -0.23749 (9), -0.23632 (9), 
Current (lb-rhs): -0.3073784112930298
25264 domains visited
Length of domains: 764
Cumulative time: 43.906580686569214

BaB round 202
batch: 64
splitting decisions: 
split level 0: [/44, 475] [/input-8, 740] [/input, 393] [/input, 1688] [/44, 483] [/39, 659] [/input-20, 476] [/44, 475] [/input, 393] [/44, 357] 
best_l after optimization: -0.5949312448501587
beta sum per layer: [3.804896593093872, 26.95302963256836, 53.34723663330078, 90.37168884277344, 36.767452239990234, 13.163301467895508]
alpha/beta optimization time: 0.13560986518859863
pruning_in_iteration open status: True
ratio of positive domain = 73 / 128 = 0.5703125
pruning-in-iteration extra time: 0.005194425582885742
Time: get_branching_decision.update_bounds 0.0154    pickout 0.0101    branching_decision 0.0001    decision 0.0001    set_bounds 0.0029    prepare 0.0053    transfer 0.0000    finalize 0.0017    func 0.1883    solve 0.2036    add 0.0009    bab_iteration 0.2178    
Accumulated time: get_branching_decision.update_bounds 0.0154    bab_iteration 43.8843    pickout 1.9340    decision 0.0206    branching_decision 0.0174    set_bounds 0.6257    solve 41.1055    func 41.2840    prepare 1.0018    transfer 0.0023    finalize 0.3171    add 0.1793    
max lb 0.0028667449951171875 min lb -0.03995156288146973
Number of Verified Splits: 73 of 128
Current worst splitting domains lb-rhs (depth):
-0.30738 (6), -0.30721 (6), -0.29449 (5), -0.28459 (5), -0.28008 (6), -0.27746 (6), -0.27236 (5), -0.27216 (5), -0.26685 (7), -0.26645 (5), -0.26371 (7), -0.25911 (8), -0.25722 (8), -0.25306 (7), -0.24440 (5), -0.24430 (7), -0.24391 (10), -0.23942 (11), -0.23749 (9), -0.23632 (9), 
Current (lb-rhs): -0.3073784112930298
25392 domains visited
Length of domains: 755
Cumulative time: 44.10900640487671

BaB round 203
batch: 64
splitting decisions: 
split level 0: [/input-8, 995] [/input-8, 35] [/input-20, 987] [/input-20, 987] [/input-8, 35] [/39, 229] [/input-8, 851] [/44, 475] [/44, 483] [/input-20, 987] 
best_l after optimization: -0.6528699994087219
beta sum per layer: [2.8926689624786377, 27.42662811279297, 53.32849884033203, 89.80699157714844, 35.26881790161133, 14.97294807434082]
alpha/beta optimization time: 0.13652706146240234
pruning_in_iteration open status: True
ratio of positive domain = 76 / 128 = 0.59375
pruning-in-iteration extra time: 0.005440950393676758
Time: get_branching_decision.update_bounds 0.0154    pickout 0.0105    branching_decision 0.0001    decision 0.0001    set_bounds 0.0036    prepare 0.0052    transfer 0.0000    finalize 0.0011    func 0.1871    solve 0.1884    add 0.0008    bab_iteration 0.2024    
Accumulated time: get_branching_decision.update_bounds 0.0154    bab_iteration 44.0867    pickout 1.9445    decision 0.0207    branching_decision 0.0175    set_bounds 0.6294    solve 41.2939    func 41.4711    prepare 1.0070    transfer 0.0023    finalize 0.3183    add 0.1800    
max lb 9.999999747378752e-05 min lb -0.03686046600341797
Number of Verified Splits: 76 of 128
Current worst splitting domains lb-rhs (depth):
-0.30738 (6), -0.30721 (6), -0.29449 (5), -0.28459 (5), -0.28008 (6), -0.27746 (6), -0.27236 (5), -0.27216 (5), -0.26685 (7), -0.26645 (5), -0.26371 (7), -0.25911 (8), -0.25722 (8), -0.25306 (7), -0.24440 (5), -0.24430 (7), -0.24391 (10), -0.23942 (11), -0.23749 (9), -0.23632 (9), 
Current (lb-rhs): -0.3073784112930298
25520 domains visited
Length of domains: 743
Cumulative time: 44.31131553649902

BaB round 204
batch: 64
splitting decisions: 
split level 0: [/input-8, 36] [/input-28, 64] [/input, 1412] [/input-8, 995] [/44, 37] [/input, 1412] [/input-8, 36] [/input-8, 36] [/39, 164] [/input-28, 75] 
best_l after optimization: -1.0982792377471924
beta sum per layer: [3.3489253520965576, 26.67467498779297, 50.07960510253906, 81.90673828125, 32.21337890625, 21.410350799560547]
alpha/beta optimization time: 0.18224596977233887
pruning_in_iteration open status: True
ratio of positive domain = 58 / 128 = 0.453125
pruning-in-iteration extra time: 0.009240150451660156
Time: get_branching_decision.update_bounds 0.0154    pickout 0.0104    branching_decision 0.0001    decision 0.0001    set_bounds 0.0034    prepare 0.0081    transfer 0.0000    finalize 0.0017    func 0.2482    solve 0.1871    add 0.0007    bab_iteration 0.2023    
Accumulated time: get_branching_decision.update_bounds 0.0154    bab_iteration 44.2890    pickout 1.9549    decision 0.0209    branching_decision 0.0176    set_bounds 0.6328    solve 41.4810    func 41.7193    prepare 1.0151    transfer 0.0024    finalize 0.3199    add 0.1808    
max lb 9.999999747378752e-05 min lb -0.055420637130737305
Number of Verified Splits: 58 of 128
Current worst splitting domains lb-rhs (depth):
-0.30738 (6), -0.30721 (6), -0.29449 (5), -0.28459 (5), -0.28008 (6), -0.27746 (6), -0.27236 (5), -0.27216 (5), -0.26685 (7), -0.26645 (5), -0.26371 (7), -0.25911 (8), -0.25722 (8), -0.25306 (7), -0.24440 (5), -0.24430 (7), -0.24391 (10), -0.23942 (11), -0.23749 (9), -0.23632 (9), 
Current (lb-rhs): -0.3073784112930298
25648 domains visited
Length of domains: 749
Cumulative time: 44.57456111907959

BaB round 205
batch: 64
splitting decisions: 
split level 0: [/input-8, 35] [/39, 229] [/44, 212] [/input-20, 987] [/input-8, 740] [/input-8, 851] [/input-20, 987] [/input-8, 740] [/input-20, 987] [/44, 475] 
best_l after optimization: -0.7869926691055298
beta sum per layer: [4.226892948150635, 28.374582290649414, 50.60539245605469, 85.44873809814453, 33.310325622558594, 17.20878028869629]
alpha/beta optimization time: 0.16750574111938477
pruning_in_iteration open status: True
ratio of positive domain = 61 / 128 = 0.4765625
pruning-in-iteration extra time: 0.010821342468261719
Time: get_branching_decision.update_bounds 0.0154    pickout 0.0102    branching_decision 0.0001    decision 0.0001    set_bounds 0.0033    prepare 0.0062    transfer 0.0000    finalize 0.0021    func 0.2286    solve 0.2482    add 0.0009    bab_iteration 0.2632    
Accumulated time: get_branching_decision.update_bounds 0.0154    bab_iteration 44.5522    pickout 1.9651    decision 0.0209    branching_decision 0.0177    set_bounds 0.6361    solve 41.7292    func 41.9479    prepare 1.0213    transfer 0.0024    finalize 0.3221    add 0.1817    
max lb 0.0007932186126708984 min lb -0.05089855194091797
Number of Verified Splits: 61 of 128
Current worst splitting domains lb-rhs (depth):
-0.30738 (6), -0.30721 (6), -0.29449 (5), -0.28459 (5), -0.28008 (6), -0.27746 (6), -0.27236 (5), -0.27216 (5), -0.26685 (7), -0.26645 (5), -0.26371 (7), -0.25911 (8), -0.25722 (8), -0.25306 (7), -0.24440 (5), -0.24430 (7), -0.24391 (10), -0.23942 (11), -0.23749 (9), -0.23632 (9), 
Current (lb-rhs): -0.3073784112930298
25776 domains visited
Length of domains: 752
Cumulative time: 44.81816339492798

BaB round 206
batch: 64
splitting decisions: 
split level 0: [/input-20, 987] [/input-8, 851] [/input, 1143] [/44, 537] [/39, 164] [/44, 537] [/39, 229] [/39, 659] [/39, 659] [/44, 881] 
best_l after optimization: -0.5344536304473877
beta sum per layer: [3.6975009441375732, 31.662946701049805, 55.91771697998047, 85.80963134765625, 31.30617904663086, 15.103025436401367]
alpha/beta optimization time: 0.17548418045043945
pruning_in_iteration open status: True
ratio of positive domain = 70 / 128 = 0.546875
pruning-in-iteration extra time: 0.009297609329223633
Time: get_branching_decision.update_bounds 0.0154    pickout 0.0120    branching_decision 0.0002    decision 0.0002    set_bounds 0.0049    prepare 0.0067    transfer 0.0000    finalize 0.0013    func 0.2315    solve 0.2287    add 0.0012    bab_iteration 0.2436    
Accumulated time: get_branching_decision.update_bounds 0.0154    bab_iteration 44.7958    pickout 1.9771    decision 0.0211    branching_decision 0.0179    set_bounds 0.6410    solve 41.9579    func 42.1794    prepare 1.0280    transfer 0.0024    finalize 0.3233    add 0.1828    
max lb 0.00322723388671875 min lb -0.04449582099914551
Number of Verified Splits: 70 of 128
Current worst splitting domains lb-rhs (depth):
-0.30738 (6), -0.30721 (6), -0.29449 (5), -0.28459 (5), -0.28008 (6), -0.27746 (6), -0.27236 (5), -0.27216 (5), -0.26685 (7), -0.26645 (5), -0.26371 (7), -0.25911 (8), -0.25722 (8), -0.25306 (7), -0.24440 (5), -0.24430 (7), -0.24391 (10), -0.23942 (11), -0.23749 (9), -0.23632 (9), 
Current (lb-rhs): -0.3073784112930298
25904 domains visited
Length of domains: 746
Cumulative time: 45.067643880844116

BaB round 207
batch: 64
splitting decisions: 
split level 0: [/input-8, 35] [/input-28, 75] [/input-8, 292] [/input-8, 851] [/input, 1672] [/39, 229] [/input, 1672] [/44, 475] [/input-20, 476] [/39, 883] 
best_l after optimization: -0.5792272090911865
beta sum per layer: [2.404022693634033, 36.43580627441406, 52.931114196777344, 96.32400512695312, 28.675012588500977, 10.30903434753418]
alpha/beta optimization time: 0.15073895454406738
pruning_in_iteration open status: True
ratio of positive domain = 72 / 128 = 0.5625
pruning-in-iteration extra time: 0.005246639251708984
Time: get_branching_decision.update_bounds 0.0154    pickout 0.0101    branching_decision 0.0001    decision 0.0001    set_bounds 0.0032    prepare 0.0056    transfer 0.0000    finalize 0.0014    func 0.2068    solve 0.2316    add 0.0007    bab_iteration 0.2495    
Accumulated time: get_branching_decision.update_bounds 0.0154    bab_iteration 45.0453    pickout 1.9871    decision 0.0212    branching_decision 0.0180    set_bounds 0.6442    solve 42.1895    func 42.3862    prepare 1.0336    transfer 0.0024    finalize 0.3247    add 0.1836    
max lb 9.999999747378752e-05 min lb -0.05017495155334473
Number of Verified Splits: 72 of 128
Current worst splitting domains lb-rhs (depth):
-0.30738 (6), -0.30721 (6), -0.29449 (5), -0.28459 (5), -0.28008 (6), -0.27746 (6), -0.27236 (5), -0.27216 (5), -0.26685 (7), -0.26645 (5), -0.26371 (7), -0.25911 (8), -0.25722 (8), -0.25306 (7), -0.24440 (5), -0.24430 (7), -0.24391 (10), -0.23942 (11), -0.23749 (9), -0.23632 (9), 
Current (lb-rhs): -0.3073784112930298
26032 domains visited
Length of domains: 738
Cumulative time: 45.288790464401245

BaB round 208
batch: 64
splitting decisions: 
split level 0: [/input-8, 36] [/input-8, 36] [/input-28, 75] [/input-8, 35] [/input-20, 476] [/input-8, 35] [/input-8, 995] [/44, 475] [/44, 212] [/39, 164] 
best_l after optimization: -0.8324030637741089
beta sum per layer: [1.5801172256469727, 36.024818420410156, 49.927406311035156, 87.13361358642578, 30.420751571655273, 17.695274353027344]
alpha/beta optimization time: 0.14240646362304688
pruning_in_iteration open status: True
ratio of positive domain = 71 / 128 = 0.5546875
pruning-in-iteration extra time: 0.005972146987915039
Time: get_branching_decision.update_bounds 0.0154    pickout 0.0103    branching_decision 0.0001    decision 0.0001    set_bounds 0.0032    prepare 0.0052    transfer 0.0000    finalize 0.0013    func 0.1931    solve 0.2069    add 0.0007    bab_iteration 0.2211    
Accumulated time: get_branching_decision.update_bounds 0.0154    bab_iteration 45.2665    pickout 1.9974    decision 0.0213    branching_decision 0.0180    set_bounds 0.6474    solve 42.3964    func 42.5793    prepare 1.0388    transfer 0.0024    finalize 0.3260    add 0.1843    
max lb 0.0011208057403564453 min lb -0.05006980895996094
Number of Verified Splits: 71 of 128
Current worst splitting domains lb-rhs (depth):
-0.30738 (6), -0.30721 (6), -0.29449 (5), -0.28459 (5), -0.28008 (6), -0.27746 (6), -0.27236 (5), -0.27216 (5), -0.26685 (7), -0.26645 (5), -0.26371 (7), -0.25911 (8), -0.25722 (8), -0.25306 (7), -0.24440 (5), -0.24430 (7), -0.24391 (10), -0.23942 (11), -0.23749 (9), -0.23632 (9), 
Current (lb-rhs): -0.3073784112930298
26160 domains visited
Length of domains: 731
Cumulative time: 45.496366024017334

BaB round 209
batch: 64
splitting decisions: 
split level 0: [/input-28, 64] [/input-8, 35] [/44, 212] [/input-8, 995] [/input-28, 46] [/input, 1412] [/input-8, 36] [/input-8, 35] [/39, 164] [/input-8, 35] 
best_l after optimization: -1.0690326690673828
beta sum per layer: [1.7474253177642822, 29.752389907836914, 45.50669860839844, 77.55874633789062, 30.57058334350586, 22.414031982421875]
alpha/beta optimization time: 0.14102983474731445
pruning_in_iteration open status: True
ratio of positive domain = 60 / 128 = 0.46875
pruning-in-iteration extra time: 0.006685733795166016
Time: get_branching_decision.update_bounds 0.0154    pickout 0.0120    branching_decision 0.0002    decision 0.0002    set_bounds 0.0045    prepare 0.0061    transfer 0.0000    finalize 0.0015    func 0.1993    solve 0.1931    add 0.0008    bab_iteration 0.2076    
Accumulated time: get_branching_decision.update_bounds 0.0154    bab_iteration 45.4740    pickout 2.0094    decision 0.0215    branching_decision 0.0182    set_bounds 0.6519    solve 42.5895    func 42.7786    prepare 1.0449    transfer 0.0024    finalize 0.3275    add 0.1851    
max lb 9.999999747378752e-05 min lb -0.04644191265106201
Number of Verified Splits: 60 of 128
Current worst splitting domains lb-rhs (depth):
-0.30738 (6), -0.30721 (6), -0.29449 (5), -0.28459 (5), -0.28008 (6), -0.27746 (6), -0.27236 (5), -0.27216 (5), -0.26685 (7), -0.26645 (5), -0.26371 (7), -0.25911 (8), -0.25722 (8), -0.25306 (7), -0.24440 (5), -0.24430 (7), -0.24391 (10), -0.23942 (11), -0.23749 (9), -0.23632 (9), 
Current (lb-rhs): -0.3073784112930298
26288 domains visited
Length of domains: 735
Cumulative time: 45.71356177330017

BaB round 210
batch: 64
splitting decisions: 
split level 0: [/input-8, 995] [/39, 229] [/input-20, 987] [/input-8, 740] [/input, 393] [/input-20, 660] [/44, 357] [/input, 393] [/input-20, 660] [/input, 1688] 
best_l after optimization: -1.0072001218795776
beta sum per layer: [3.095285654067993, 34.40196990966797, 48.68102264404297, 84.06965637207031, 32.980228424072266, 17.679861068725586]
alpha/beta optimization time: 0.1629021167755127
pruning_in_iteration open status: True
ratio of positive domain = 60 / 128 = 0.46875
pruning-in-iteration extra time: 0.0070896148681640625
Time: get_branching_decision.update_bounds 0.0154    pickout 0.0112    branching_decision 0.0001    decision 0.0001    set_bounds 0.0030    prepare 0.0053    transfer 0.0000    finalize 0.0028    func 0.2197    solve 0.1993    add 0.0010    bab_iteration 0.2172    
Accumulated time: get_branching_decision.update_bounds 0.0154    bab_iteration 45.6912    pickout 2.0206    decision 0.0216    branching_decision 0.0183    set_bounds 0.6549    solve 42.7888    func 42.9983    prepare 1.0503    transfer 0.0024    finalize 0.3303    add 0.1861    
max lb 9.999999747378752e-05 min lb -0.04548811912536621
Number of Verified Splits: 60 of 128
Current worst splitting domains lb-rhs (depth):
-0.30738 (6), -0.30721 (6), -0.29449 (5), -0.28459 (5), -0.28008 (6), -0.27746 (6), -0.27236 (5), -0.27216 (5), -0.26685 (7), -0.26645 (5), -0.26371 (7), -0.25911 (8), -0.25722 (8), -0.25306 (7), -0.24440 (5), -0.24430 (7), -0.24391 (10), -0.23942 (11), -0.23749 (9), -0.23632 (9), 
Current (lb-rhs): -0.3073784112930298
26416 domains visited
Length of domains: 739
Cumulative time: 45.949158906936646

BaB round 211
batch: 64
splitting decisions: 
split level 0: [/input, 1688] [/input, 1143] [/input, 1913] [/39, 229] [/input-8, 851] [/input, 393] [/39, 156] [/input, 1688] [/input, 1143] [/input, 1143] 
best_l after optimization: -0.820665717124939
beta sum per layer: [3.206071615219116, 41.68305969238281, 55.28396987915039, 88.21588134765625, 20.929607391357422, 16.36254119873047]
alpha/beta optimization time: 0.14090943336486816
pruning_in_iteration open status: True
ratio of positive domain = 58 / 128 = 0.453125
pruning-in-iteration extra time: 0.006480216979980469
Time: get_branching_decision.update_bounds 0.0154    pickout 0.0108    branching_decision 0.0001    decision 0.0001    set_bounds 0.0030    prepare 0.0053    transfer 0.0000    finalize 0.0014    func 0.1958    solve 0.2198    add 0.0014    bab_iteration 0.2356    
Accumulated time: get_branching_decision.update_bounds 0.0154    bab_iteration 45.9268    pickout 2.0314    decision 0.0217    branching_decision 0.0184    set_bounds 0.6579    solve 43.0086    func 43.1941    prepare 1.0556    transfer 0.0024    finalize 0.3318    add 0.1875    
max lb 9.999999747378752e-05 min lb -0.04522562026977539
Number of Verified Splits: 58 of 128
Current worst splitting domains lb-rhs (depth):
-0.30738 (6), -0.30721 (6), -0.29449 (5), -0.28459 (5), -0.28008 (6), -0.27746 (6), -0.27236 (5), -0.27216 (5), -0.26685 (7), -0.26645 (5), -0.26371 (7), -0.25911 (8), -0.25722 (8), -0.25306 (7), -0.24440 (5), -0.24430 (7), -0.24391 (10), -0.23942 (11), -0.23749 (9), -0.23632 (9), 
Current (lb-rhs): -0.3073784112930298
26544 domains visited
Length of domains: 745
Cumulative time: 46.159862995147705

BaB round 212
batch: 64
splitting decisions: 
split level 0: [/44, 475] [/input, 1143] [/44, 357] [/39, 156] [/44, 492] [/44, 357] [/44, 212] [/44, 475] [/44, 474] [/44, 475] 
best_l after optimization: -0.5880469083786011
beta sum per layer: [3.2245190143585205, 31.116865158081055, 57.15290069580078, 85.55036926269531, 24.75939178466797, 19.423969268798828]
alpha/beta optimization time: 0.14192986488342285
pruning_in_iteration open status: True
ratio of positive domain = 74 / 128 = 0.578125
pruning-in-iteration extra time: 0.005781650543212891
Time: get_branching_decision.update_bounds 0.0154    pickout 0.0103    branching_decision 0.0001    decision 0.0001    set_bounds 0.0031    prepare 0.0052    transfer 0.0000    finalize 0.0013    func 0.1923    solve 0.1958    add 0.0008    bab_iteration 0.2107    
Accumulated time: get_branching_decision.update_bounds 0.0154    bab_iteration 46.1375    pickout 2.0417    decision 0.0218    branching_decision 0.0185    set_bounds 0.6610    solve 43.2044    func 43.3864    prepare 1.0608    transfer 0.0024    finalize 0.3331    add 0.1883    
max lb 0.00048828125 min lb -0.036751747131347656
Number of Verified Splits: 74 of 128
Current worst splitting domains lb-rhs (depth):
-0.30738 (6), -0.30721 (6), -0.29449 (5), -0.28459 (5), -0.28008 (6), -0.27746 (6), -0.27236 (5), -0.27216 (5), -0.26685 (7), -0.26645 (5), -0.26371 (7), -0.25911 (8), -0.25722 (8), -0.25306 (7), -0.24440 (5), -0.24430 (7), -0.24391 (10), -0.23942 (11), -0.23749 (9), -0.23632 (9), 
Current (lb-rhs): -0.3073784112930298
26672 domains visited
Length of domains: 735
Cumulative time: 46.366559743881226

BaB round 213
batch: 64
splitting decisions: 
split level 0: [/input-8, 35] [/input-8, 851] [/39, 659] [/39, 659] [/input, 1143] [/39, 156] [/input, 1143] [/input-8, 851] [/input-20, 660] [/39, 164] 
best_l after optimization: -0.6837073564529419
beta sum per layer: [3.9676096439361572, 28.06555938720703, 49.029815673828125, 86.7767333984375, 27.47272300720215, 20.248910903930664]
alpha/beta optimization time: 0.14154338836669922
pruning_in_iteration open status: True
ratio of positive domain = 63 / 128 = 0.4921875
pruning-in-iteration extra time: 0.00603175163269043
Time: get_branching_decision.update_bounds 0.0154    pickout 0.0106    branching_decision 0.0001    decision 0.0001    set_bounds 0.0032    prepare 0.0055    transfer 0.0000    finalize 0.0014    func 0.1962    solve 0.1923    add 0.0007    bab_iteration 0.2067    
Accumulated time: get_branching_decision.update_bounds 0.0154    bab_iteration 46.3442    pickout 2.0523    decision 0.0219    branching_decision 0.0185    set_bounds 0.6642    solve 43.3967    func 43.5826    prepare 1.0662    transfer 0.0025    finalize 0.3345    add 0.1890    
max lb 0.0016384124755859375 min lb -0.04251360893249512
Number of Verified Splits: 63 of 128
Current worst splitting domains lb-rhs (depth):
-0.30738 (6), -0.30721 (6), -0.29449 (5), -0.28459 (5), -0.28008 (6), -0.27746 (6), -0.27236 (5), -0.27216 (5), -0.26685 (7), -0.26645 (5), -0.26371 (7), -0.25911 (8), -0.25722 (8), -0.25306 (7), -0.24440 (5), -0.24430 (7), -0.24391 (10), -0.23942 (11), -0.23749 (9), -0.23632 (9), 
Current (lb-rhs): -0.3073784112930298
26800 domains visited
Length of domains: 736
Cumulative time: 46.57773184776306

BaB round 214
batch: 64
splitting decisions: 
split level 0: [/input-20, 660] [/39, 156] [/input-20, 557] [/input, 1672] [/44, 357] [/input-8, 732] [/39, 229] [/39, 399] [/44, 537] [/input, 1672] 
best_l after optimization: -0.5518562197685242
beta sum per layer: [4.752863883972168, 33.039608001708984, 51.52194595336914, 91.90336608886719, 23.99024200439453, 18.062862396240234]
alpha/beta optimization time: 0.13887643814086914
pruning_in_iteration open status: True
ratio of positive domain = 78 / 128 = 0.609375
pruning-in-iteration extra time: 0.005599498748779297
Time: get_branching_decision.update_bounds 0.0154    pickout 0.0103    branching_decision 0.0001    decision 0.0001    set_bounds 0.0031    prepare 0.0052    transfer 0.0000    finalize 0.0026    func 0.1912    solve 0.1963    add 0.0009    bab_iteration 0.2112    
Accumulated time: get_branching_decision.update_bounds 0.0154    bab_iteration 46.5554    pickout 2.0626    decision 0.0220    branching_decision 0.0186    set_bounds 0.6673    solve 43.5930    func 43.7738    prepare 1.0714    transfer 0.0025    finalize 0.3371    add 0.1899    
max lb 9.999999747378752e-05 min lb -0.03549790382385254
Number of Verified Splits: 78 of 128
Current worst splitting domains lb-rhs (depth):
-0.30738 (6), -0.30721 (6), -0.29449 (5), -0.28459 (5), -0.28008 (6), -0.27746 (6), -0.27236 (5), -0.27216 (5), -0.26685 (7), -0.26645 (5), -0.26371 (7), -0.25911 (8), -0.25722 (8), -0.25306 (7), -0.24440 (5), -0.24430 (7), -0.24391 (10), -0.23942 (11), -0.23749 (9), -0.23632 (9), 
Current (lb-rhs): -0.3073784112930298
26928 domains visited
Length of domains: 722
Cumulative time: 46.783897161483765

BaB round 215
batch: 64
splitting decisions: 
split level 0: [/input-8, 36] [/input, 1412] [/input-8, 35] [/44, 37] [/44, 786] [/39, 659] [/44, 212] [/input-8, 36] [/input-8, 995] [/input-8, 995] 
best_l after optimization: -0.8810677528381348
beta sum per layer: [3.979060411453247, 36.38859558105469, 46.35491180419922, 83.73277282714844, 28.941410064697266, 24.313207626342773]
alpha/beta optimization time: 0.14350152015686035
pruning_in_iteration open status: True
ratio of positive domain = 55 / 128 = 0.4296875
pruning-in-iteration extra time: 0.006616353988647461
Time: get_branching_decision.update_bounds 0.0154    pickout 0.0112    branching_decision 0.0001    decision 0.0002    set_bounds 0.0048    prepare 0.0053    transfer 0.0000    finalize 0.0017    func 0.2018    solve 0.1912    add 0.0011    bab_iteration 0.2062    
Accumulated time: get_branching_decision.update_bounds 0.0154    bab_iteration 46.7616    pickout 2.0738    decision 0.0222    branching_decision 0.0188    set_bounds 0.6720    solve 43.7842    func 43.9755    prepare 1.0767    transfer 0.0025    finalize 0.3388    add 0.1911    
max lb 9.999999747378752e-05 min lb -0.05323159694671631
Number of Verified Splits: 55 of 128
Current worst splitting domains lb-rhs (depth):
-0.30738 (6), -0.30721 (6), -0.29449 (5), -0.28459 (5), -0.28008 (6), -0.27746 (6), -0.27236 (5), -0.27216 (5), -0.26685 (7), -0.26645 (5), -0.26371 (7), -0.25911 (8), -0.25722 (8), -0.25306 (7), -0.24440 (5), -0.24430 (7), -0.24391 (10), -0.23942 (11), -0.23749 (9), -0.23632 (9), 
Current (lb-rhs): -0.3073784112930298
27056 domains visited
Length of domains: 731
Cumulative time: 47.002837896347046

BaB round 216
batch: 64
splitting decisions: 
split level 0: [/input, 1688] [/input, 1672] [/input, 1688] [/input, 1143] [/input, 1143] [/input, 1688] [/39, 659] [/39, 659] [/input-20, 987] [/44, 881] 
best_l after optimization: -0.5650611519813538
beta sum per layer: [3.548725128173828, 30.544841766357422, 48.0405387878418, 81.9173355102539, 31.459217071533203, 26.254823684692383]
alpha/beta optimization time: 0.1437077522277832
pruning_in_iteration open status: True
ratio of positive domain = 78 / 128 = 0.609375
pruning-in-iteration extra time: 0.007646083831787109
Time: get_branching_decision.update_bounds 0.0154    pickout 0.0105    branching_decision 0.0001    decision 0.0001    set_bounds 0.0033    prepare 0.0053    transfer 0.0000    finalize 0.0018    func 0.1917    solve 0.2018    add 0.0008    bab_iteration 0.2189    
Accumulated time: get_branching_decision.update_bounds 0.0154    bab_iteration 46.9805    pickout 2.0843    decision 0.0223    branching_decision 0.0189    set_bounds 0.6753    solve 43.9860    func 44.1672    prepare 1.0820    transfer 0.0025    finalize 0.3405    add 0.1919    
max lb 0.00014853477478027344 min lb -0.04609262943267822
Number of Verified Splits: 78 of 128
Current worst splitting domains lb-rhs (depth):
-0.30738 (6), -0.30721 (6), -0.29449 (5), -0.28459 (5), -0.28008 (6), -0.27746 (6), -0.27236 (5), -0.27216 (5), -0.26685 (7), -0.26645 (5), -0.26371 (7), -0.25911 (8), -0.25722 (8), -0.25306 (7), -0.24440 (5), -0.24430 (7), -0.24391 (10), -0.23942 (11), -0.23749 (9), -0.23632 (9), 
Current (lb-rhs): -0.3073784112930298
27184 domains visited
Length of domains: 717
Cumulative time: 47.20937895774841

BaB round 217
batch: 64
splitting decisions: 
split level 0: [/39, 414] [/input-20, 659] [/input-28, 75] [/input-28, 64] [/input-8, 36] [/input-8, 35] [/39, 164] [/input-28, 75] [/input, 1688] [/input, 1412] 
best_l after optimization: -0.9566360712051392
beta sum per layer: [3.9565744400024414, 30.79154396057129, 48.875247955322266, 83.02346801757812, 27.945064544677734, 25.01211929321289]
alpha/beta optimization time: 0.14128518104553223
pruning_in_iteration open status: True
ratio of positive domain = 61 / 128 = 0.4765625
pruning-in-iteration extra time: 0.006499052047729492
Time: get_branching_decision.update_bounds 0.0154    pickout 0.0107    branching_decision 0.0001    decision 0.0001    set_bounds 0.0036    prepare 0.0056    transfer 0.0000    finalize 0.0014    func 0.1956    solve 0.1918    add 0.0007    bab_iteration 0.2065    
Accumulated time: get_branching_decision.update_bounds 0.0154    bab_iteration 47.1870    pickout 2.0950    decision 0.0224    branching_decision 0.0189    set_bounds 0.6789    solve 44.1778    func 44.3629    prepare 1.0875    transfer 0.0025    finalize 0.3420    add 0.1926    
max lb 9.999999747378752e-05 min lb -0.05625152587890625
Number of Verified Splits: 61 of 128
Current worst splitting domains lb-rhs (depth):
-0.30738 (6), -0.30721 (6), -0.29449 (5), -0.28459 (5), -0.28008 (6), -0.27746 (6), -0.27236 (5), -0.27216 (5), -0.26685 (7), -0.26645 (5), -0.26371 (7), -0.25911 (8), -0.25722 (8), -0.25306 (7), -0.24440 (5), -0.24430 (7), -0.24391 (10), -0.23942 (11), -0.23749 (9), -0.23632 (9), 
Current (lb-rhs): -0.3073784112930298
27312 domains visited
Length of domains: 720
Cumulative time: 47.42057538032532

BaB round 218
batch: 64
splitting decisions: 
split level 0: [/44, 474] [/39, 229] [/44, 212] [/39, 156] [/input-8, 292] [/input-8, 35] [/44, 483] [/input-20, 987] [/39, 659] [/39, 156] 
best_l after optimization: -0.7582888603210449
beta sum per layer: [2.8508145809173584, 29.787479400634766, 48.06700134277344, 82.25343322753906, 32.49679183959961, 25.417964935302734]
alpha/beta optimization time: 0.1362156867980957
pruning_in_iteration open status: True
ratio of positive domain = 74 / 128 = 0.578125
pruning-in-iteration extra time: 0.005333900451660156
Time: get_branching_decision.update_bounds 0.0154    pickout 0.0104    branching_decision 0.0001    decision 0.0001    set_bounds 0.0032    prepare 0.0052    transfer 0.0000    finalize 0.0013    func 0.1868    solve 0.1957    add 0.0010    bab_iteration 0.2112    
Accumulated time: get_branching_decision.update_bounds 0.0154    bab_iteration 47.3982    pickout 2.1054    decision 0.0225    branching_decision 0.0190    set_bounds 0.6821    solve 44.3735    func 44.5497    prepare 1.0927    transfer 0.0025    finalize 0.3432    add 0.1937    
max lb 9.999999747378752e-05 min lb -0.05018973350524902
Number of Verified Splits: 74 of 128
Current worst splitting domains lb-rhs (depth):
-0.30738 (6), -0.30721 (6), -0.29449 (5), -0.28459 (5), -0.28008 (6), -0.27746 (6), -0.27236 (5), -0.27216 (5), -0.26685 (7), -0.26645 (5), -0.26371 (7), -0.25911 (8), -0.25722 (8), -0.25306 (7), -0.24440 (5), -0.24430 (7), -0.24391 (10), -0.23942 (11), -0.23749 (9), -0.23632 (9), 
Current (lb-rhs): -0.3073784112930298
27440 domains visited
Length of domains: 710
Cumulative time: 47.62206268310547

BaB round 219
batch: 64
splitting decisions: 
split level 0: [/input-8, 995] [/input-20, 653] [/39, 482] [/input-28, 64] [/input, 1412] [/input-28, 46] [/input-28, 75] [/39, 482] [/input-8, 995] [/input-8, 995] 
best_l after optimization: -1.07916259765625
beta sum per layer: [2.809593677520752, 23.32162857055664, 40.98974609375, 69.03695678710938, 34.97776794433594, 33.90928268432617]
alpha/beta optimization time: 0.14487648010253906
pruning_in_iteration open status: True
ratio of positive domain = 57 / 128 = 0.4453125
pruning-in-iteration extra time: 0.006403923034667969
Time: get_branching_decision.update_bounds 0.0154    pickout 0.0107    branching_decision 0.0001    decision 0.0001    set_bounds 0.0032    prepare 0.0052    transfer 0.0000    finalize 0.0016    func 0.2040    solve 0.1868    add 0.0007    bab_iteration 0.2015    
Accumulated time: get_branching_decision.update_bounds 0.0154    bab_iteration 47.5997    pickout 2.1161    decision 0.0226    branching_decision 0.0191    set_bounds 0.6853    solve 44.5603    func 44.7537    prepare 1.0979    transfer 0.0025    finalize 0.3449    add 0.1944    
max lb 9.999999747378752e-05 min lb -0.04730510711669922
Number of Verified Splits: 57 of 128
Current worst splitting domains lb-rhs (depth):
-0.30738 (6), -0.30721 (6), -0.29449 (5), -0.28459 (5), -0.28008 (6), -0.27746 (6), -0.27236 (5), -0.27216 (5), -0.26685 (7), -0.26645 (5), -0.26371 (7), -0.25911 (8), -0.25722 (8), -0.25306 (7), -0.24440 (5), -0.24430 (7), -0.24391 (10), -0.23942 (11), -0.23749 (9), -0.23632 (9), 
Current (lb-rhs): -0.3073784112930298
27568 domains visited
Length of domains: 717
Cumulative time: 47.84133744239807

BaB round 220
batch: 64
splitting decisions: 
split level 0: [/input-8, 36] [/39, 414] [/input-8, 851] [/39, 659] [/input-20, 660] [/44, 357] [/input, 393] [/39, 164] [/input-8, 35] [/39, 399] 
best_l after optimization: -0.842793345451355
beta sum per layer: [1.3050663471221924, 22.208358764648438, 38.01155471801758, 62.747066497802734, 35.82196044921875, 38.34745788574219]
alpha/beta optimization time: 0.15080904960632324
pruning_in_iteration open status: True
ratio of positive domain = 67 / 128 = 0.5234375
pruning-in-iteration extra time: 0.007632255554199219
Time: get_branching_decision.update_bounds 0.0154    pickout 0.0104    branching_decision 0.0001    decision 0.0001    set_bounds 0.0031    prepare 0.0052    transfer 0.0000    finalize 0.0013    func 0.2019    solve 0.2041    add 0.0009    bab_iteration 0.2193    
Accumulated time: get_branching_decision.update_bounds 0.0154    bab_iteration 47.8190    pickout 2.1265    decision 0.0227    branching_decision 0.0192    set_bounds 0.6884    solve 44.7644    func 44.9556    prepare 1.1031    transfer 0.0026    finalize 0.3462    add 0.1954    
max lb 0.0002684593200683594 min lb -0.04402923583984375
Number of Verified Splits: 67 of 128
Current worst splitting domains lb-rhs (depth):
-0.30738 (6), -0.30721 (6), -0.29449 (5), -0.28459 (5), -0.28008 (6), -0.27746 (6), -0.27236 (5), -0.27216 (5), -0.26685 (7), -0.26645 (5), -0.26371 (7), -0.25911 (8), -0.25722 (8), -0.25306 (7), -0.24440 (5), -0.24430 (7), -0.24391 (10), -0.23942 (11), -0.23749 (9), -0.23632 (9), 
Current (lb-rhs): -0.3073784112930298
27696 domains visited
Length of domains: 714
Cumulative time: 48.057979583740234

BaB round 221
batch: 64
splitting decisions: 
split level 0: [/44, 37] [/39, 164] [/39, 740] [/input-8, 35] [/input-8, 740] [/input, 1688] [/39, 156] [/39, 404] [/input, 1412] [/input-28, 75] 
best_l after optimization: -0.8474180698394775
beta sum per layer: [1.9127144813537598, 21.599857330322266, 38.38116455078125, 67.5356216430664, 30.600322723388672, 35.58875274658203]
alpha/beta optimization time: 0.15214991569519043
pruning_in_iteration open status: True
ratio of positive domain = 65 / 128 = 0.5078125
pruning-in-iteration extra time: 0.006956815719604492
Time: get_branching_decision.update_bounds 0.0154    pickout 0.0104    branching_decision 0.0001    decision 0.0001    set_bounds 0.0030    prepare 0.0052    transfer 0.0000    finalize 0.0014    func 0.2048    solve 0.2020    add 0.0009    bab_iteration 0.2166    
Accumulated time: get_branching_decision.update_bounds 0.0154    bab_iteration 48.0356    pickout 2.1369    decision 0.0228    branching_decision 0.0193    set_bounds 0.6914    solve 44.9664    func 45.1604    prepare 1.1082    transfer 0.0026    finalize 0.3476    add 0.1962    
max lb 0.002769947052001953 min lb -0.04183673858642578
Number of Verified Splits: 65 of 128
Current worst splitting domains lb-rhs (depth):
-0.30738 (6), -0.30721 (6), -0.29449 (5), -0.28459 (5), -0.28008 (6), -0.27746 (6), -0.27236 (5), -0.27216 (5), -0.26685 (7), -0.26645 (5), -0.26371 (7), -0.25911 (8), -0.25722 (8), -0.25306 (7), -0.24440 (5), -0.24430 (7), -0.24391 (10), -0.23942 (11), -0.23749 (9), -0.23632 (9), 
Current (lb-rhs): -0.3073784112930298
27824 domains visited
Length of domains: 713
Cumulative time: 48.277100563049316

BaB round 222
batch: 64
splitting decisions: 
split level 0: [/input-8, 35] [/input-28, 75] [/39, 659] [/44, 474] [/input-20, 660] [/input-8, 35] [/39, 164] [/input, 1688] [/44, 474] [/39, 164] 
best_l after optimization: -0.7752278447151184
beta sum per layer: [2.113213300704956, 19.88869285583496, 36.71065139770508, 60.43989944458008, 35.52471923828125, 39.92790985107422]
alpha/beta optimization time: 0.14375543594360352
pruning_in_iteration open status: True
ratio of positive domain = 54 / 128 = 0.421875
pruning-in-iteration extra time: 0.0066547393798828125
Time: get_branching_decision.update_bounds 0.0154    pickout 0.0104    branching_decision 0.0001    decision 0.0001    set_bounds 0.0030    prepare 0.0051    transfer 0.0000    finalize 0.0017    func 0.2051    solve 0.2048    add 0.0008    bab_iteration 0.2191    
Accumulated time: get_branching_decision.update_bounds 0.0154    bab_iteration 48.2547    pickout 2.1473    decision 0.0229    branching_decision 0.0194    set_bounds 0.6944    solve 45.1712    func 45.3655    prepare 1.1133    transfer 0.0026    finalize 0.3492    add 0.1970    
max lb 0.0019800662994384766 min lb -0.04183673858642578
Number of Verified Splits: 54 of 128
Current worst splitting domains lb-rhs (depth):
-0.30738 (6), -0.30721 (6), -0.29449 (5), -0.28459 (5), -0.28008 (6), -0.27746 (6), -0.27236 (5), -0.27216 (5), -0.26685 (7), -0.26645 (5), -0.26371 (7), -0.25911 (8), -0.25722 (8), -0.25306 (7), -0.24440 (5), -0.24430 (7), -0.24391 (10), -0.23942 (11), -0.23749 (9), -0.23632 (9), 
Current (lb-rhs): -0.3073784112930298
27952 domains visited
Length of domains: 723
Cumulative time: 48.49681735038757

BaB round 223
batch: 64
splitting decisions: 
split level 0: [/39, 229] [/input-8, 292] [/39, 229] [/39, 414] [/input, 1688] [/39, 399] [/input-20, 987] [/44, 1001] [/44, 1001] [/44, 474] 
best_l after optimization: -0.32289522886276245
beta sum per layer: [2.652801275253296, 20.24297523498535, 35.78514099121094, 52.74776840209961, 39.012229919433594, 45.23839569091797]
alpha/beta optimization time: 0.13227105140686035
pruning_in_iteration open status: True
ratio of positive domain = 83 / 128 = 0.6484375
pruning-in-iteration extra time: 0.004930019378662109
Time: get_branching_decision.update_bounds 0.0154    pickout 0.0108    branching_decision 0.0001    decision 0.0001    set_bounds 0.0030    prepare 0.0052    transfer 0.0000    finalize 0.0010    func 0.1803    solve 0.2052    add 0.0009    bab_iteration 0.2197    
Accumulated time: get_branching_decision.update_bounds 0.0154    bab_iteration 48.4745    pickout 2.1581    decision 0.0230    branching_decision 0.0194    set_bounds 0.6974    solve 45.3763    func 45.5458    prepare 1.1185    transfer 0.0026    finalize 0.3503    add 0.1978    
max lb 0.0014433860778808594 min lb -0.025194883346557617
Number of Verified Splits: 83 of 128
Current worst splitting domains lb-rhs (depth):
-0.30738 (6), -0.30721 (6), -0.29449 (5), -0.28459 (5), -0.28008 (6), -0.27746 (6), -0.27236 (5), -0.27216 (5), -0.26685 (7), -0.26645 (5), -0.26371 (7), -0.25911 (8), -0.25722 (8), -0.25306 (7), -0.24440 (5), -0.24430 (7), -0.24391 (10), -0.23942 (11), -0.23749 (9), -0.23632 (9), 
Current (lb-rhs): -0.3073784112930298
28080 domains visited
Length of domains: 704
Cumulative time: 48.69190764427185

BaB round 224
batch: 64
splitting decisions: 
split level 0: [/44, 476] [/44, 525] [/44, 434] [/input-20, 484] [/input-28, 64] [/39, 414] [/input-28, 64] [/44, 17] [/44, 212] [/44, 212] 
best_l after optimization: -0.967135488986969
beta sum per layer: [2.5874319076538086, 12.145883560180664, 30.46488380432129, 49.37369155883789, 39.7994270324707, 53.8040657043457]
alpha/beta optimization time: 0.141282320022583
pruning_in_iteration open status: True
ratio of positive domain = 78 / 128 = 0.609375
pruning-in-iteration extra time: 0.006539106369018555
Time: get_branching_decision.update_bounds 0.0154    pickout 0.0100    branching_decision 0.0001    decision 0.0001    set_bounds 0.0032    prepare 0.0052    transfer 0.0000    finalize 0.0011    func 0.1892    solve 0.1803    add 0.0007    bab_iteration 0.1951    
Accumulated time: get_branching_decision.update_bounds 0.0154    bab_iteration 48.6695    pickout 2.1681    decision 0.0231    branching_decision 0.0195    set_bounds 0.7006    solve 45.5566    func 45.7350    prepare 1.1236    transfer 0.0026    finalize 0.3514    add 0.1986    
max lb 0.0020940303802490234 min lb -0.07360661029815674
Number of Verified Splits: 78 of 128
Current worst splitting domains lb-rhs (depth):
-0.30738 (6), -0.30721 (6), -0.29449 (5), -0.28459 (5), -0.28008 (6), -0.27746 (6), -0.27236 (5), -0.27216 (5), -0.26685 (7), -0.26645 (5), -0.26371 (7), -0.25911 (8), -0.25722 (8), -0.25306 (7), -0.24440 (5), -0.24430 (7), -0.24391 (10), -0.23942 (11), -0.23749 (9), -0.23632 (9), 
Current (lb-rhs): -0.3073784112930298
28208 domains visited
Length of domains: 690
Cumulative time: 48.895304441452026

BaB round 225
batch: 64
splitting decisions: 
split level 0: [/44, 148] [/44, 483] [/input-28, 93] [/44, 483] [/44, 786] [/44, 786] [/44, 357] [/44, 786] [/39, 412] [/44, 434] 
best_l after optimization: -1.6894618272781372
beta sum per layer: [2.8179240226745605, 8.545675277709961, 35.02128219604492, 56.527584075927734, 41.04262161254883, 48.970489501953125]
alpha/beta optimization time: 0.14866089820861816
pruning_in_iteration open status: True
ratio of positive domain = 55 / 128 = 0.4296875
pruning-in-iteration extra time: 0.007425069808959961
Time: get_branching_decision.update_bounds 0.0154    pickout 0.0099    branching_decision 0.0001    decision 0.0001    set_bounds 0.0033    prepare 0.0050    transfer 0.0000    finalize 0.0018    func 0.2086    solve 0.1892    add 0.0007    bab_iteration 0.2034    
Accumulated time: get_branching_decision.update_bounds 0.0154    bab_iteration 48.8729    pickout 2.1780    decision 0.0232    branching_decision 0.0196    set_bounds 0.7039    solve 45.7459    func 45.9435    prepare 1.1286    transfer 0.0026    finalize 0.3532    add 0.1993    
max lb 0.0006303787231445312 min lb -0.08520841598510742
Number of Verified Splits: 55 of 128
Current worst splitting domains lb-rhs (depth):
-0.30738 (6), -0.30721 (6), -0.29449 (5), -0.28459 (5), -0.28008 (6), -0.27746 (6), -0.27236 (5), -0.27216 (5), -0.26685 (7), -0.26645 (5), -0.26371 (7), -0.25911 (8), -0.25722 (8), -0.25306 (7), -0.24440 (5), -0.24430 (7), -0.24391 (10), -0.23942 (11), -0.23749 (9), -0.23632 (9), 
Current (lb-rhs): -0.3073784112930298
28336 domains visited
Length of domains: 699
Cumulative time: 49.118215560913086

BaB round 226
batch: 64
splitting decisions: 
split level 0: [/input-28, 93] [/input-8, 292] [/input-8, 36] [/input-8, 35] [/input-8, 35] [/39, 164] [/input-20, 660] [/39, 414] [/39, 739] [/39, 164] 
best_l after optimization: -1.538722038269043
beta sum per layer: [2.553762435913086, 7.465377330780029, 38.643592834472656, 59.835262298583984, 41.57709503173828, 46.22914505004883]
alpha/beta optimization time: 0.1484999656677246
pruning_in_iteration open status: True
ratio of positive domain = 68 / 128 = 0.53125
pruning-in-iteration extra time: 0.00737762451171875
Time: get_branching_decision.update_bounds 0.0154    pickout 0.0131    branching_decision 0.0001    decision 0.0002    set_bounds 0.0046    prepare 0.0065    transfer 0.0000    finalize 0.0013    func 0.2019    solve 0.2086    add 0.0009    bab_iteration 0.2229    
Accumulated time: get_branching_decision.update_bounds 0.0154    bab_iteration 49.0958    pickout 2.1910    decision 0.0234    branching_decision 0.0197    set_bounds 0.7085    solve 45.9545    func 46.1454    prepare 1.1351    transfer 0.0026    finalize 0.3546    add 0.2002    
max lb 0.0014312267303466797 min lb -0.06874513626098633
Number of Verified Splits: 68 of 128
Current worst splitting domains lb-rhs (depth):
-0.30738 (6), -0.30721 (6), -0.29449 (5), -0.28459 (5), -0.28008 (6), -0.27746 (6), -0.27236 (5), -0.27216 (5), -0.26685 (7), -0.26645 (5), -0.26371 (7), -0.25911 (8), -0.25722 (8), -0.25306 (7), -0.24440 (5), -0.24430 (7), -0.24391 (10), -0.23942 (11), -0.23749 (9), -0.23632 (9), 
Current (lb-rhs): -0.3073784112930298
28464 domains visited
Length of domains: 695
Cumulative time: 49.338839292526245

BaB round 227
batch: 64
splitting decisions: 
split level 0: [/39, 434] [/input-8, 164] [/input-28, 64] [/input-28, 64] [/44, 17] [/input-8, 995] [/39, 229] [/39, 229] [/input-8, 740] [/input-28, 64] 
best_l after optimization: -2.3132951259613037
beta sum per layer: [1.8105199337005615, 7.258724212646484, 34.149131774902344, 57.26249313354492, 39.6650390625, 41.46026611328125]
alpha/beta optimization time: 0.1477038860321045
pruning_in_iteration open status: True
ratio of positive domain = 50 / 128 = 0.390625
pruning-in-iteration extra time: 0.006846427917480469
Time: get_branching_decision.update_bounds 0.0154    pickout 0.0103    branching_decision 0.0001    decision 0.0001    set_bounds 0.0034    prepare 0.0050    transfer 0.0000    finalize 0.0017    func 0.2110    solve 0.2019    add 0.0008    bab_iteration 0.2206    
Accumulated time: get_branching_decision.update_bounds 0.0154    bab_iteration 49.3165    pickout 2.2013    decision 0.0235    branching_decision 0.0198    set_bounds 0.7118    solve 46.1564    func 46.3564    prepare 1.1401    transfer 0.0026    finalize 0.3563    add 0.2009    
max lb 9.999999747378752e-05 min lb -0.08036589622497559
Number of Verified Splits: 50 of 128
Current worst splitting domains lb-rhs (depth):
-0.30738 (6), -0.30721 (6), -0.29449 (5), -0.28459 (5), -0.28008 (6), -0.27746 (6), -0.27236 (5), -0.27216 (5), -0.26685 (7), -0.26645 (5), -0.26371 (7), -0.25911 (8), -0.25722 (8), -0.25306 (7), -0.24440 (5), -0.24430 (7), -0.24391 (10), -0.23942 (11), -0.23749 (9), -0.23632 (9), 
Current (lb-rhs): -0.3073784112930298
28592 domains visited
Length of domains: 709
Cumulative time: 49.56469202041626

BaB round 228
batch: 64
splitting decisions: 
split level 0: [/input-8, 604] [/input-28, 75] [/input-8, 995] [/input-8, 36] [/input, 1412] [/input-8, 35] [/input-8, 851] [/input, 393] [/input, 1143] [/input-8, 851] 
best_l after optimization: -2.3479113578796387
beta sum per layer: [2.9591732025146484, 8.759939193725586, 33.6925163269043, 60.85939407348633, 38.4962272644043, 36.10389709472656]
alpha/beta optimization time: 0.16719341278076172
pruning_in_iteration open status: True
ratio of positive domain = 36 / 128 = 0.28125
pruning-in-iteration extra time: 0.008243799209594727
Time: get_branching_decision.update_bounds 0.0154    pickout 0.0115    branching_decision 0.0001    decision 0.0001    set_bounds 0.0029    prepare 0.0054    transfer 0.0000    finalize 0.0019    func 0.2394    solve 0.2110    add 0.0009    bab_iteration 0.2259    
Accumulated time: get_branching_decision.update_bounds 0.0154    bab_iteration 49.5423    pickout 2.2128    decision 0.0236    branching_decision 0.0199    set_bounds 0.7147    solve 46.3674    func 46.5958    prepare 1.1455    transfer 0.0026    finalize 0.3582    add 0.2018    
max lb 9.999999747378752e-05 min lb -0.06837248802185059
Number of Verified Splits: 36 of 128
Current worst splitting domains lb-rhs (depth):
-0.30738 (6), -0.30721 (6), -0.29449 (5), -0.28459 (5), -0.28008 (6), -0.27746 (6), -0.27236 (5), -0.27216 (5), -0.26685 (7), -0.26645 (5), -0.26371 (7), -0.25911 (8), -0.25722 (8), -0.25306 (7), -0.24440 (5), -0.24430 (7), -0.24391 (10), -0.23942 (11), -0.23749 (9), -0.23632 (9), 
Current (lb-rhs): -0.3073784112930298
28720 domains visited
Length of domains: 737
Cumulative time: 49.81966423988342

BaB round 229
batch: 64
splitting decisions: 
split level 0: [/input-20, 987] [/input-8, 35] [/39, 164] [/44, 474] [/44, 475] [/input, 393] [/input, 1143] [/44, 37] [/input-28, 46] [/39, 412] 
best_l after optimization: -1.9078859090805054
beta sum per layer: [3.706742763519287, 9.458968162536621, 32.485721588134766, 54.731178283691406, 43.57194519042969, 36.217620849609375]
alpha/beta optimization time: 0.1807246208190918
pruning_in_iteration open status: True
ratio of positive domain = 40 / 128 = 0.3125
pruning-in-iteration extra time: 0.006234645843505859
Time: get_branching_decision.update_bounds 0.0154    pickout 0.0097    branching_decision 0.0001    decision 0.0001    set_bounds 0.0029    prepare 0.0051    transfer 0.0000    finalize 0.0025    func 0.2502    solve 0.2395    add 0.0008    bab_iteration 0.2550    
Accumulated time: get_branching_decision.update_bounds 0.0154    bab_iteration 49.7973    pickout 2.2225    decision 0.0237    branching_decision 0.0200    set_bounds 0.7176    solve 46.6069    func 46.8460    prepare 1.1506    transfer 0.0027    finalize 0.3607    add 0.2027    
max lb 0.0004565715789794922 min lb -0.058249711990356445
Number of Verified Splits: 40 of 128
Current worst splitting domains lb-rhs (depth):
-0.30738 (6), -0.30721 (6), -0.29449 (5), -0.28459 (5), -0.28008 (6), -0.27746 (6), -0.27236 (5), -0.27216 (5), -0.26685 (7), -0.26645 (5), -0.26371 (7), -0.25911 (8), -0.25722 (8), -0.25306 (7), -0.24440 (5), -0.24430 (7), -0.24391 (10), -0.23942 (11), -0.23749 (9), -0.23632 (9), 
Current (lb-rhs): -0.3073784112930298
28848 domains visited
Length of domains: 761
Cumulative time: 50.08374524116516

BaB round 230
batch: 64
splitting decisions: 
split level 0: [/39, 482] [/input-8, 612] [/39, 482] [/44, 559] [/44, 537] [/44, 537] [/39, 482] [/39, 414] [/44, 474] [/input, 1143] 
best_l after optimization: -1.6890207529067993
beta sum per layer: [1.836853265762329, 11.496665954589844, 29.26112174987793, 44.405879974365234, 51.44388961791992, 39.74012756347656]
alpha/beta optimization time: 0.15943121910095215
pruning_in_iteration open status: True
ratio of positive domain = 40 / 128 = 0.3125
pruning-in-iteration extra time: 0.00598454475402832
Time: get_branching_decision.update_bounds 0.0154    pickout 0.0103    branching_decision 0.0001    decision 0.0001    set_bounds 0.0029    prepare 0.0050    transfer 0.0000    finalize 0.0019    func 0.2288    solve 0.2502    add 0.0009    bab_iteration 0.2641    
Accumulated time: get_branching_decision.update_bounds 0.0154    bab_iteration 50.0614    pickout 2.2328    decision 0.0238    branching_decision 0.0201    set_bounds 0.7206    solve 46.8571    func 47.0748    prepare 1.1556    transfer 0.0027    finalize 0.3626    add 0.2036    
max lb 0.0010418891906738281 min lb -0.05057525634765625
Number of Verified Splits: 40 of 128
Current worst splitting domains lb-rhs (depth):
-0.30738 (6), -0.30721 (6), -0.29449 (5), -0.28459 (5), -0.28008 (6), -0.27746 (6), -0.27236 (5), -0.27216 (5), -0.26685 (7), -0.26645 (5), -0.26371 (7), -0.25911 (8), -0.25722 (8), -0.25306 (7), -0.24440 (5), -0.24430 (7), -0.24391 (10), -0.23942 (11), -0.23749 (9), -0.23632 (9), 
Current (lb-rhs): -0.3073784112930298
28976 domains visited
Length of domains: 785
Cumulative time: 50.327059268951416

BaB round 231
batch: 64
splitting decisions: 
split level 0: [/44, 474] [/44, 537] [/input, 1412] [/44, 474] [/input, 1412] [/input-28, 46] [/39, 404] [/44, 537] [/39, 164] [/44, 474] 
best_l after optimization: -1.601609706878662
beta sum per layer: [1.8362492322921753, 14.571455001831055, 23.600540161132812, 33.819679260253906, 61.14177703857422, 40.02898025512695]
alpha/beta optimization time: 0.1605238914489746
pruning_in_iteration open status: True
ratio of positive domain = 34 / 128 = 0.265625
pruning-in-iteration extra time: 0.007535696029663086
Time: get_branching_decision.update_bounds 0.0154    pickout 0.0092    branching_decision 0.0001    decision 0.0001    set_bounds 0.0028    prepare 0.0049    transfer 0.0000    finalize 0.0020    func 0.2361    solve 0.2289    add 0.0009    bab_iteration 0.2433    
Accumulated time: get_branching_decision.update_bounds 0.0154    bab_iteration 50.3047    pickout 2.2421    decision 0.0239    branching_decision 0.0202    set_bounds 0.7234    solve 47.0860    func 47.3109    prepare 1.1605    transfer 0.0027    finalize 0.3646    add 0.2046    
max lb 9.999999747378752e-05 min lb -0.04700493812561035
Number of Verified Splits: 34 of 128
Current worst splitting domains lb-rhs (depth):
-0.30738 (6), -0.30721 (6), -0.29449 (5), -0.28459 (5), -0.28008 (6), -0.27746 (6), -0.27236 (5), -0.27216 (5), -0.26685 (7), -0.26645 (5), -0.26371 (7), -0.25911 (8), -0.25722 (8), -0.25306 (7), -0.24440 (5), -0.24430 (7), -0.24391 (10), -0.23942 (11), -0.23749 (9), -0.23632 (9), 
Current (lb-rhs): -0.3073784112930298
29104 domains visited
Length of domains: 815
Cumulative time: 50.576348066329956

BaB round 232
batch: 64
splitting decisions: 
split level 0: [/44, 466] [/input-8, 35] [/44, 786] [/input, 1412] [/39, 156] [/44, 473] [/44, 537] [/39, 164] [/44, 466] [/44, 466] 
best_l after optimization: -1.0393705368041992
beta sum per layer: [2.666374921798706, 13.076906204223633, 25.594219207763672, 33.39846420288086, 66.17893981933594, 37.33301544189453]
alpha/beta optimization time: 0.15909838676452637
pruning_in_iteration open status: True
ratio of positive domain = 51 / 128 = 0.3984375
pruning-in-iteration extra time: 0.006871700286865234
Time: get_branching_decision.update_bounds 0.0154    pickout 0.0094    branching_decision 0.0001    decision 0.0001    set_bounds 0.0029    prepare 0.0051    transfer 0.0000    finalize 0.0017    func 0.2308    solve 0.2361    add 0.0008    bab_iteration 0.2493    
Accumulated time: get_branching_decision.update_bounds 0.0154    bab_iteration 50.5539    pickout 2.2515    decision 0.0240    branching_decision 0.0203    set_bounds 0.7263    solve 47.3221    func 47.5417    prepare 1.1656    transfer 0.0027    finalize 0.3663    add 0.2054    
max lb 0.0011394023895263672 min lb -0.03575730323791504
Number of Verified Splits: 51 of 128
Current worst splitting domains lb-rhs (depth):
-0.30738 (6), -0.30721 (6), -0.29449 (5), -0.28459 (5), -0.28008 (6), -0.27746 (6), -0.27236 (5), -0.27216 (5), -0.26685 (7), -0.26645 (5), -0.26371 (7), -0.25911 (8), -0.25722 (8), -0.25306 (7), -0.24440 (5), -0.24430 (7), -0.24391 (10), -0.23942 (11), -0.23749 (9), -0.23632 (9), 
Current (lb-rhs): -0.3073784112930298
29232 domains visited
Length of domains: 828
Cumulative time: 50.82070589065552

BaB round 233
batch: 64
splitting decisions: 
split level 0: [/39, 659] [/39, 164] [/44, 357] [/input-8, 995] [/39, 404] [/44, 475] [/39, 404] [/44, 474] [/input-8, 35] [/39, 404] 
best_l after optimization: -0.7714799642562866
beta sum per layer: [2.5149078369140625, 12.806832313537598, 22.57583999633789, 22.470441818237305, 75.09457397460938, 41.36408996582031]
alpha/beta optimization time: 0.15637612342834473
pruning_in_iteration open status: True
ratio of positive domain = 51 / 128 = 0.3984375
pruning-in-iteration extra time: 0.0067021846771240234
Time: get_branching_decision.update_bounds 0.0154    pickout 0.0094    branching_decision 0.0001    decision 0.0001    set_bounds 0.0030    prepare 0.0050    transfer 0.0000    finalize 0.0025    func 0.2166    solve 0.2308    add 0.0009    bab_iteration 0.2444    
Accumulated time: get_branching_decision.update_bounds 0.0154    bab_iteration 50.7983    pickout 2.2609    decision 0.0241    branching_decision 0.0203    set_bounds 0.7293    solve 47.5529    func 47.7582    prepare 1.1706    transfer 0.0027    finalize 0.3687    add 0.2063    
max lb 9.999999747378752e-05 min lb -0.025502681732177734
Number of Verified Splits: 51 of 128
Current worst splitting domains lb-rhs (depth):
-0.30738 (6), -0.30721 (6), -0.29449 (5), -0.28459 (5), -0.28008 (6), -0.27746 (6), -0.27236 (5), -0.27216 (5), -0.26685 (7), -0.26645 (5), -0.26371 (7), -0.25911 (8), -0.25722 (8), -0.25306 (7), -0.24440 (5), -0.24430 (7), -0.24391 (10), -0.23942 (11), -0.23749 (9), -0.23632 (9), 
Current (lb-rhs): -0.3073784112930298
29360 domains visited
Length of domains: 841
Cumulative time: 51.05087232589722

BaB round 234
batch: 64
splitting decisions: 
split level 0: [/input-8, 604] [/39, 229] [/39, 404] [/39, 404] [/input-20, 653] [/44, 1001] [/input-8, 740] [/input-8, 35] [/input-8, 35] [/39, 414] 
best_l after optimization: -0.5472168922424316
beta sum per layer: [1.7841764688491821, 13.667867660522461, 17.958696365356445, 14.482816696166992, 77.23090362548828, 44.66330337524414]
alpha/beta optimization time: 0.14372038841247559
pruning_in_iteration open status: True
ratio of positive domain = 61 / 128 = 0.4765625
pruning-in-iteration extra time: 0.006701231002807617
Time: get_branching_decision.update_bounds 0.0154    pickout 0.0102    branching_decision 0.0001    decision 0.0001    set_bounds 0.0032    prepare 0.0052    transfer 0.0000    finalize 0.0014    func 0.1988    solve 0.2166    add 0.0009    bab_iteration 0.2302    
Accumulated time: get_branching_decision.update_bounds 0.0154    bab_iteration 51.0285    pickout 2.2711    decision 0.0242    branching_decision 0.0204    set_bounds 0.7325    solve 47.7695    func 47.9570    prepare 1.1759    transfer 0.0027    finalize 0.3701    add 0.2072    
max lb 9.999999747378752e-05 min lb -0.02117764949798584
Number of Verified Splits: 61 of 128
Current worst splitting domains lb-rhs (depth):
-0.30738 (6), -0.30721 (6), -0.29449 (5), -0.28459 (5), -0.28008 (6), -0.27746 (6), -0.27236 (5), -0.27216 (5), -0.26685 (7), -0.26645 (5), -0.26371 (7), -0.25911 (8), -0.25722 (8), -0.25306 (7), -0.24440 (5), -0.24430 (7), -0.24391 (10), -0.23942 (11), -0.23749 (9), -0.23632 (9), 
Current (lb-rhs): -0.3073784112930298
29488 domains visited
Length of domains: 844
Cumulative time: 51.26424813270569

BaB round 235
batch: 64
splitting decisions: 
split level 0: [/input-8, 35] [/input-8, 995] [/39, 404] [/44, 474] [/input-8, 35] [/39, 404] [/39, 414] [/39, 404] [/input-20, 653] [/input-20, 653] 
best_l after optimization: -0.34427690505981445
beta sum per layer: [0.5584779977798462, 9.524776458740234, 8.09134292602539, 5.413961410522461, 83.12651062011719, 42.77326965332031]
alpha/beta optimization time: 0.13626694679260254
pruning_in_iteration open status: True
ratio of positive domain = 76 / 128 = 0.59375
pruning-in-iteration extra time: 0.0054285526275634766
Time: get_branching_decision.update_bounds 0.0154    pickout 0.0093    branching_decision 0.0001    decision 0.0001    set_bounds 0.0029    prepare 0.0048    transfer 0.0000    finalize 0.0011    func 0.1840    solve 0.1989    add 0.0009    bab_iteration 0.2134    
Accumulated time: get_branching_decision.update_bounds 0.0154    bab_iteration 51.2418    pickout 2.2804    decision 0.0243    branching_decision 0.0205    set_bounds 0.7354    solve 47.9684    func 48.1411    prepare 1.1807    transfer 0.0027    finalize 0.3712    add 0.2080    
max lb 9.999999747378752e-05 min lb -0.016937613487243652
Number of Verified Splits: 76 of 128
Current worst splitting domains lb-rhs (depth):
-0.30738 (6), -0.30721 (6), -0.29449 (5), -0.28459 (5), -0.28008 (6), -0.27746 (6), -0.27236 (5), -0.27216 (5), -0.26685 (7), -0.26645 (5), -0.26371 (7), -0.25911 (8), -0.25722 (8), -0.25306 (7), -0.24440 (5), -0.24430 (7), -0.24391 (10), -0.23942 (11), -0.23749 (9), -0.23632 (9), 
Current (lb-rhs): -0.3073784112930298
29616 domains visited
Length of domains: 832
Cumulative time: 51.46143651008606

BaB round 236
batch: 64
splitting decisions: 
split level 0: [/input-8, 35] [/input-8, 604] [/44, 474] [/44, 466] [/39, 229] [/input-8, 740] [/input-8, 35] [/44, 474] [/39, 883] [/input-20, 653] 
best_l after optimization: -0.29375720024108887
beta sum per layer: [1.1687514781951904, 9.651407241821289, 11.873184204101562, 9.679291725158691, 88.15860748291016, 33.02595901489258]
alpha/beta optimization time: 0.1420729160308838
pruning_in_iteration open status: True
ratio of positive domain = 81 / 128 = 0.6328125
pruning-in-iteration extra time: 0.004873514175415039
Time: get_branching_decision.update_bounds 0.0154    pickout 0.0094    branching_decision 0.0001    decision 0.0001    set_bounds 0.0032    prepare 0.0048    transfer 0.0000    finalize 0.0010    func 0.1875    solve 0.1841    add 0.0007    bab_iteration 0.1972    
Accumulated time: get_branching_decision.update_bounds 0.0154    bab_iteration 51.4390    pickout 2.2898    decision 0.0244    branching_decision 0.0206    set_bounds 0.7386    solve 48.1524    func 48.3286    prepare 1.1855    transfer 0.0027    finalize 0.3723    add 0.2087    
max lb 9.999999747378752e-05 min lb -0.019568920135498047
Number of Verified Splits: 81 of 128
Current worst splitting domains lb-rhs (depth):
-0.30738 (6), -0.30721 (6), -0.29449 (5), -0.28459 (5), -0.28008 (6), -0.27746 (6), -0.27236 (5), -0.27216 (5), -0.26685 (7), -0.26645 (5), -0.26371 (7), -0.25911 (8), -0.25722 (8), -0.25306 (7), -0.24440 (5), -0.24430 (7), -0.24391 (10), -0.23942 (11), -0.23749 (9), -0.23632 (9), 
Current (lb-rhs): -0.3073784112930298
29744 domains visited
Length of domains: 815
Cumulative time: 51.662644386291504

BaB round 237
batch: 64
splitting decisions: 
split level 0: [/39, 404] [/39, 404] [/39, 164] [/44, 466] [/input-8, 604] [/39, 883] [/39, 883] [/44, 466] [/39, 659] [/input-8, 995] 
best_l after optimization: -0.39795130491256714
beta sum per layer: [2.480419158935547, 12.062670707702637, 19.18984031677246, 23.452884674072266, 87.47838592529297, 25.611303329467773]
alpha/beta optimization time: 0.14142155647277832
pruning_in_iteration open status: True
ratio of positive domain = 71 / 128 = 0.5546875
pruning-in-iteration extra time: 0.0054779052734375
Time: get_branching_decision.update_bounds 0.0154    pickout 0.0095    branching_decision 0.0001    decision 0.0001    set_bounds 0.0033    prepare 0.0048    transfer 0.0000    finalize 0.0021    func 0.1988    solve 0.1876    add 0.0007    bab_iteration 0.2012    
Accumulated time: get_branching_decision.update_bounds 0.0154    bab_iteration 51.6402    pickout 2.2993    decision 0.0245    branching_decision 0.0207    set_bounds 0.7419    solve 48.3400    func 48.5274    prepare 1.1903    transfer 0.0027    finalize 0.3743    add 0.2095    
max lb 9.999999747378752e-05 min lb -0.027894973754882812
Number of Verified Splits: 71 of 128
Current worst splitting domains lb-rhs (depth):
-0.30738 (6), -0.30721 (6), -0.29449 (5), -0.28459 (5), -0.28008 (6), -0.27746 (6), -0.27236 (5), -0.27216 (5), -0.26685 (7), -0.26645 (5), -0.26371 (7), -0.25911 (8), -0.25722 (8), -0.25306 (7), -0.24440 (5), -0.24430 (7), -0.24391 (10), -0.23942 (11), -0.23749 (9), -0.23632 (9), 
Current (lb-rhs): -0.3073784112930298
29872 domains visited
Length of domains: 808
Cumulative time: 51.87537670135498

BaB round 238
batch: 64
splitting decisions: 
split level 0: [/input-8, 35] [/input-20, 476] [/44, 473] [/44, 474] [/39, 164] [/44, 473] [/39, 164] [/input-8, 995] [/44, 474] [/39, 883] 
best_l after optimization: -0.36687660217285156
beta sum per layer: [3.5120694637298584, 15.314621925354004, 22.880468368530273, 33.085289001464844, 79.47994232177734, 24.977184295654297]
alpha/beta optimization time: 0.1327507495880127
pruning_in_iteration open status: True
ratio of positive domain = 81 / 128 = 0.6328125
pruning-in-iteration extra time: 0.0048792362213134766
Time: get_branching_decision.update_bounds 0.0154    pickout 0.0100    branching_decision 0.0001    decision 0.0001    set_bounds 0.0032    prepare 0.0049    transfer 0.0000    finalize 0.0017    func 0.1846    solve 0.1989    add 0.0008    bab_iteration 0.2127    
Accumulated time: get_branching_decision.update_bounds 0.0154    bab_iteration 51.8530    pickout 2.3093    decision 0.0246    branching_decision 0.0207    set_bounds 0.7452    solve 48.5389    func 48.7120    prepare 1.1953    transfer 0.0028    finalize 0.3761    add 0.2102    
max lb 9.999999747378752e-05 min lb -0.04607272148132324
Number of Verified Splits: 81 of 128
Current worst splitting domains lb-rhs (depth):
-0.30738 (6), -0.30721 (6), -0.29449 (5), -0.28459 (5), -0.28008 (6), -0.27746 (6), -0.27236 (5), -0.27216 (5), -0.26685 (7), -0.26645 (5), -0.26371 (7), -0.25911 (8), -0.25722 (8), -0.25306 (7), -0.24440 (5), -0.24430 (7), -0.24391 (10), -0.23942 (11), -0.23749 (9), -0.23632 (9), 
Current (lb-rhs): -0.3073784112930298
30000 domains visited
Length of domains: 791
Cumulative time: 52.07429838180542

BaB round 239
batch: 64
splitting decisions: 
split level 0: [/39, 164] [/39, 164] [/44, 212] [/input, 1412] [/44, 357] [/input-8, 604] [/39, 883] [/input-8, 604] [/input, 1412] [/input-8, 995] 
best_l after optimization: -0.619254469871521
beta sum per layer: [4.103635787963867, 15.75704288482666, 32.64659118652344, 49.423648834228516, 67.796142578125, 19.24037742614746]
alpha/beta optimization time: 0.15267276763916016
pruning_in_iteration open status: True
ratio of positive domain = 72 / 128 = 0.5625
pruning-in-iteration extra time: 0.005959033966064453
Time: get_branching_decision.update_bounds 0.0154    pickout 0.0102    branching_decision 0.0001    decision 0.0001    set_bounds 0.0032    prepare 0.0051    transfer 0.0000    finalize 0.0012    func 0.2091    solve 0.1846    add 0.0007    bab_iteration 0.1989    
Accumulated time: get_branching_decision.update_bounds 0.0154    bab_iteration 52.0519    pickout 2.3195    decision 0.0247    branching_decision 0.0208    set_bounds 0.7484    solve 48.7235    func 48.9211    prepare 1.2004    transfer 0.0028    finalize 0.3773    add 0.2110    
max lb 9.999999747378752e-05 min lb -0.03843188285827637
Number of Verified Splits: 72 of 128
Current worst splitting domains lb-rhs (depth):
-0.30738 (6), -0.30721 (6), -0.29449 (5), -0.28459 (5), -0.28008 (6), -0.27746 (6), -0.27236 (5), -0.27216 (5), -0.26685 (7), -0.26645 (5), -0.26371 (7), -0.25911 (8), -0.25722 (8), -0.25306 (7), -0.24440 (5), -0.24430 (7), -0.24391 (10), -0.23942 (11), -0.23749 (9), -0.23632 (9), 
Current (lb-rhs): -0.3073784112930298
30128 domains visited
Length of domains: 783
Cumulative time: 52.29788947105408

BaB round 240
batch: 64
splitting decisions: 
split level 0: [/39, 659] [/input-8, 612] [/44, 474] [/39, 164] [/44, 475] [/input-20, 653] [/input-8, 995] [/39, 883] [/39, 883] [/39, 883] 
best_l after optimization: -0.7850792407989502
beta sum per layer: [3.3735368251800537, 16.973913192749023, 41.12466812133789, 55.704647064208984, 65.89224243164062, 16.149333953857422]
alpha/beta optimization time: 0.1482386589050293
pruning_in_iteration open status: True
ratio of positive domain = 61 / 128 = 0.4765625
pruning-in-iteration extra time: 0.006855964660644531
Time: get_branching_decision.update_bounds 0.0154    pickout 0.0098    branching_decision 0.0001    decision 0.0001    set_bounds 0.0032    prepare 0.0050    transfer 0.0000    finalize 0.0014    func 0.2013    solve 0.2091    add 0.0007    bab_iteration 0.2236    
Accumulated time: get_branching_decision.update_bounds 0.0154    bab_iteration 52.2755    pickout 2.3293    decision 0.0248    branching_decision 0.0209    set_bounds 0.7516    solve 48.9327    func 49.1225    prepare 1.2054    transfer 0.0028    finalize 0.3787    add 0.2117    
max lb 9.999999747378752e-05 min lb -0.041199684143066406
Number of Verified Splits: 61 of 128
Current worst splitting domains lb-rhs (depth):
-0.30738 (6), -0.30721 (6), -0.29449 (5), -0.28459 (5), -0.28008 (6), -0.27746 (6), -0.27236 (5), -0.27216 (5), -0.26685 (7), -0.26645 (5), -0.26371 (7), -0.25911 (8), -0.25722 (8), -0.25306 (7), -0.24440 (5), -0.24430 (7), -0.24391 (10), -0.23942 (11), -0.23749 (9), -0.23632 (9), 
Current (lb-rhs): -0.3073784112930298
30256 domains visited
Length of domains: 786
Cumulative time: 52.51341152191162

BaB round 241
batch: 64
splitting decisions: 
split level 0: [/44, 786] [/input-8, 740] [/39, 229] [/input-8, 740] [/39, 659] [/39, 883] [/39, 659] [/input-8, 995] [/39, 414] [/39, 404] 
best_l after optimization: -0.6909424066543579
beta sum per layer: [3.256864547729492, 18.892597198486328, 38.03339767456055, 59.885284423828125, 70.99118041992188, 16.295595169067383]
alpha/beta optimization time: 0.1503458023071289
pruning_in_iteration open status: True
ratio of positive domain = 66 / 128 = 0.515625
pruning-in-iteration extra time: 0.00607609748840332
Time: get_branching_decision.update_bounds 0.0154    pickout 0.0099    branching_decision 0.0001    decision 0.0001    set_bounds 0.0030    prepare 0.0052    transfer 0.0000    finalize 0.0015    func 0.2108    solve 0.2014    add 0.0009    bab_iteration 0.2155    
Accumulated time: get_branching_decision.update_bounds 0.0154    bab_iteration 52.4910    pickout 2.3392    decision 0.0249    branching_decision 0.0210    set_bounds 0.7546    solve 49.1341    func 49.3333    prepare 1.2106    transfer 0.0028    finalize 0.3802    add 0.2126    
max lb 0.0010650157928466797 min lb -0.04120039939880371
Number of Verified Splits: 66 of 128
Current worst splitting domains lb-rhs (depth):
-0.30738 (6), -0.30721 (6), -0.29449 (5), -0.28459 (5), -0.28008 (6), -0.27746 (6), -0.27236 (5), -0.27216 (5), -0.26685 (7), -0.26645 (5), -0.26371 (7), -0.25911 (8), -0.25722 (8), -0.25306 (7), -0.24440 (5), -0.24430 (7), -0.24391 (10), -0.23942 (11), -0.23749 (9), -0.23632 (9), 
Current (lb-rhs): -0.3073784112930298
30384 domains visited
Length of domains: 784
Cumulative time: 52.73829793930054

BaB round 242
batch: 64
splitting decisions: 
split level 0: [/input-20, 987] [/44, 537] [/39, 404] [/input, 1412] [/39, 659] [/39, 229] [/39, 156] [/39, 659] [/input, 1412] [/input-20, 653] 
best_l after optimization: -0.61126708984375
beta sum per layer: [2.7913105487823486, 20.392026901245117, 37.82181930541992, 61.663150787353516, 71.68404388427734, 13.138472557067871]
alpha/beta optimization time: 0.16335129737854004
pruning_in_iteration open status: True
ratio of positive domain = 65 / 128 = 0.5078125
pruning-in-iteration extra time: 0.008148908615112305
Time: get_branching_decision.update_bounds 0.0154    pickout 0.0131    branching_decision 0.0001    decision 0.0001    set_bounds 0.0030    prepare 0.0055    transfer 0.0000    finalize 0.0015    func 0.2190    solve 0.2109    add 0.0008    bab_iteration 0.2249    
Accumulated time: get_branching_decision.update_bounds 0.0154    bab_iteration 52.7159    pickout 2.3524    decision 0.0250    branching_decision 0.0211    set_bounds 0.7576    solve 49.3449    func 49.5523    prepare 1.2161    transfer 0.0028    finalize 0.3817    add 0.2134    
max lb 0.00028717517852783203 min lb -0.035423994064331055
Number of Verified Splits: 65 of 128
Current worst splitting domains lb-rhs (depth):
-0.30738 (6), -0.30721 (6), -0.29449 (5), -0.28459 (5), -0.28008 (6), -0.27746 (6), -0.27236 (5), -0.27216 (5), -0.26685 (7), -0.26645 (5), -0.26371 (7), -0.25911 (8), -0.25722 (8), -0.25306 (7), -0.24440 (5), -0.24430 (7), -0.24391 (10), -0.23942 (11), -0.23749 (9), -0.23632 (9), 
Current (lb-rhs): -0.3073784112930298
30512 domains visited
Length of domains: 783
Cumulative time: 52.97465133666992

BaB round 243
batch: 64
splitting decisions: 
split level 0: [/44, 475] [/input-8, 35] [/44, 474] [/39, 659] [/input-8, 869] [/39, 659] [/44, 475] [/39, 229] [/input-8, 740] [/input, 1143] 
best_l after optimization: -0.4887353181838989
beta sum per layer: [2.342820644378662, 23.453502655029297, 42.31382751464844, 68.02630615234375, 64.47112274169922, 12.006458282470703]
alpha/beta optimization time: 0.1409010887145996
pruning_in_iteration open status: True
ratio of positive domain = 68 / 128 = 0.53125
pruning-in-iteration extra time: 0.005684614181518555
Time: get_branching_decision.update_bounds 0.0154    pickout 0.0101    branching_decision 0.0001    decision 0.0001    set_bounds 0.0029    prepare 0.0055    transfer 0.0000    finalize 0.0012    func 0.1975    solve 0.2190    add 0.0009    bab_iteration 0.2364    
Accumulated time: get_branching_decision.update_bounds 0.0154    bab_iteration 52.9522    pickout 2.3625    decision 0.0251    branching_decision 0.0212    set_bounds 0.7605    solve 49.5639    func 49.7497    prepare 1.2217    transfer 0.0028    finalize 0.3829    add 0.2144    
max lb 0.0006628036499023438 min lb -0.03527569770812988
Number of Verified Splits: 68 of 128
Current worst splitting domains lb-rhs (depth):
-0.30738 (6), -0.30721 (6), -0.29449 (5), -0.28459 (5), -0.28008 (6), -0.27746 (6), -0.27236 (5), -0.27216 (5), -0.26685 (7), -0.26645 (5), -0.26371 (7), -0.25911 (8), -0.25722 (8), -0.25306 (7), -0.24440 (5), -0.24430 (7), -0.24391 (10), -0.23942 (11), -0.23749 (9), -0.23632 (9), 
Current (lb-rhs): -0.3073784112930298
30640 domains visited
Length of domains: 779
Cumulative time: 53.18619513511658

BaB round 244
batch: 64
splitting decisions: 
split level 0: [/44, 537] [/39, 164] [/44, 474] [/44, 474] [/input-20, 987] [/39, 229] [/input-8, 851] [/input-8, 869] [/44, 475] [/44, 475] 
best_l after optimization: -0.5185934901237488
beta sum per layer: [1.7212469577789307, 26.924123764038086, 37.50472640991211, 68.2903823852539, 60.77058792114258, 12.836775779724121]
alpha/beta optimization time: 0.13453960418701172
pruning_in_iteration open status: True
ratio of positive domain = 81 / 128 = 0.6328125
pruning-in-iteration extra time: 0.0048182010650634766
Time: get_branching_decision.update_bounds 0.0154    pickout 0.0105    branching_decision 0.0001    decision 0.0001    set_bounds 0.0037    prepare 0.0050    transfer 0.0000    finalize 0.0011    func 0.1789    solve 0.1975    add 0.0008    bab_iteration 0.2115    
Accumulated time: get_branching_decision.update_bounds 0.0154    bab_iteration 53.1638    pickout 2.3730    decision 0.0252    branching_decision 0.0213    set_bounds 0.7642    solve 49.7614    func 49.9286    prepare 1.2267    transfer 0.0028    finalize 0.3840    add 0.2151    
max lb 9.999999747378752e-05 min lb -0.03490400314331055
Number of Verified Splits: 81 of 128
Current worst splitting domains lb-rhs (depth):
-0.30738 (6), -0.30721 (6), -0.29449 (5), -0.28459 (5), -0.28008 (6), -0.27746 (6), -0.27236 (5), -0.27216 (5), -0.26685 (7), -0.26645 (5), -0.26371 (7), -0.25911 (8), -0.25722 (8), -0.25306 (7), -0.24440 (5), -0.24430 (7), -0.24391 (10), -0.23942 (11), -0.23749 (9), -0.23632 (9), 
Current (lb-rhs): -0.3073784112930298
30768 domains visited
Length of domains: 762
Cumulative time: 53.38034677505493

BaB round 245
batch: 64
splitting decisions: 
split level 0: [/44, 474] [/input, 1412] [/input-8, 35] [/input-8, 740] [/44, 483] [/44, 537] [/39, 156] [/44, 466] [/39, 164] [/39, 482] 
best_l after optimization: -0.6980905532836914
beta sum per layer: [2.134528875350952, 22.218536376953125, 41.89252853393555, 78.82891845703125, 56.02468490600586, 13.06704044342041]
alpha/beta optimization time: 0.14170265197753906
pruning_in_iteration open status: True
ratio of positive domain = 69 / 128 = 0.5390625
pruning-in-iteration extra time: 0.006787538528442383
Time: get_branching_decision.update_bounds 0.0154    pickout 0.0104    branching_decision 0.0001    decision 0.0001    set_bounds 0.0032    prepare 0.0052    transfer 0.0000    finalize 0.0013    func 0.1938    solve 0.1790    add 0.0007    bab_iteration 0.1941    
Accumulated time: get_branching_decision.update_bounds 0.0154    bab_iteration 53.3579    pickout 2.3834    decision 0.0253    branching_decision 0.0214    set_bounds 0.7674    solve 49.9404    func 50.1224    prepare 1.2319    transfer 0.0028    finalize 0.3852    add 0.2159    
max lb 9.999999747378752e-05 min lb -0.03203296661376953
Number of Verified Splits: 69 of 128
Current worst splitting domains lb-rhs (depth):
-0.30738 (6), -0.30721 (6), -0.29449 (5), -0.28459 (5), -0.28008 (6), -0.27746 (6), -0.27236 (5), -0.27216 (5), -0.26685 (7), -0.26645 (5), -0.26371 (7), -0.25911 (8), -0.25722 (8), -0.25306 (7), -0.24440 (5), -0.24430 (7), -0.24391 (10), -0.23942 (11), -0.23749 (9), -0.23632 (9), 
Current (lb-rhs): -0.3073784112930298
30896 domains visited
Length of domains: 757
Cumulative time: 53.58877897262573

BaB round 246
batch: 64
splitting decisions: 
split level 0: [/input-8, 612] [/input-8, 740] [/44, 474] [/39, 399] [/39, 164] [/44, 212] [/39, 164] [/44, 357] [/44, 483] [/39, 883] 
best_l after optimization: -0.8215606212615967
beta sum per layer: [0.5839257836341858, 22.342931747436523, 39.34016036987305, 71.54755401611328, 58.2342414855957, 15.874383926391602]
alpha/beta optimization time: 0.14742469787597656
pruning_in_iteration open status: True
ratio of positive domain = 56 / 128 = 0.4375
pruning-in-iteration extra time: 0.006819963455200195
Time: get_branching_decision.update_bounds 0.0154    pickout 0.0099    branching_decision 0.0001    decision 0.0001    set_bounds 0.0032    prepare 0.0049    transfer 0.0000    finalize 0.0014    func 0.2084    solve 0.1939    add 0.0007    bab_iteration 0.2084    
Accumulated time: get_branching_decision.update_bounds 0.0154    bab_iteration 53.5663    pickout 2.3933    decision 0.0254    branching_decision 0.0215    set_bounds 0.7706    solve 50.1343    func 50.3309    prepare 1.2368    transfer 0.0028    finalize 0.3867    add 0.2166    
max lb 0.0004558563232421875 min lb -0.034844398498535156
Number of Verified Splits: 56 of 128
Current worst splitting domains lb-rhs (depth):
-0.30738 (6), -0.30721 (6), -0.29449 (5), -0.28459 (5), -0.28008 (6), -0.27746 (6), -0.27236 (5), -0.27216 (5), -0.26685 (7), -0.26645 (5), -0.26371 (7), -0.25911 (8), -0.25722 (8), -0.25306 (7), -0.24440 (5), -0.24430 (7), -0.24391 (10), -0.23942 (11), -0.23749 (9), -0.23632 (9), 
Current (lb-rhs): -0.3073784112930298
31024 domains visited
Length of domains: 765
Cumulative time: 53.8114972114563

BaB round 247
batch: 64
splitting decisions: 
split level 0: [/44, 212] [/39, 404] [/44, 537] [/39, 404] [/input, 1412] [/39, 739] [/44, 537] [/input-8, 851] [/44, 537] [/39, 404] 
best_l after optimization: -0.5450996160507202
beta sum per layer: [1.4944844245910645, 25.64742660522461, 36.88005828857422, 64.45236206054688, 63.9150276184082, 18.119070053100586]
alpha/beta optimization time: 0.14698576927185059
pruning_in_iteration open status: True
ratio of positive domain = 52 / 128 = 0.40625
pruning-in-iteration extra time: 0.006974935531616211
Time: get_branching_decision.update_bounds 0.0154    pickout 0.0097    branching_decision 0.0001    decision 0.0001    set_bounds 0.0029    prepare 0.0050    transfer 0.0000    finalize 0.0017    func 0.2079    solve 0.2085    add 0.0008    bab_iteration 0.2227    
Accumulated time: get_branching_decision.update_bounds 0.0154    bab_iteration 53.7891    pickout 2.4030    decision 0.0255    branching_decision 0.0215    set_bounds 0.7735    solve 50.3427    func 50.5387    prepare 1.2418    transfer 0.0029    finalize 0.3884    add 0.2175    
max lb 9.999999747378752e-05 min lb -0.027035951614379883
Number of Verified Splits: 52 of 128
Current worst splitting domains lb-rhs (depth):
-0.30738 (6), -0.30721 (6), -0.29449 (5), -0.28459 (5), -0.28008 (6), -0.27746 (6), -0.27236 (5), -0.27216 (5), -0.26685 (7), -0.26645 (5), -0.26371 (7), -0.25911 (8), -0.25722 (8), -0.25306 (7), -0.24440 (5), -0.24430 (7), -0.24391 (10), -0.23942 (11), -0.23749 (9), -0.23632 (9), 
Current (lb-rhs): -0.3073784112930298
31152 domains visited
Length of domains: 777
Cumulative time: 54.03337788581848

BaB round 248
batch: 64
splitting decisions: 
split level 0: [/39, 883] [/44, 474] [/44, 786] [/39, 156] [/input-8, 35] [/input, 393] [/input, 1688] [/input, 1143] [/39, 164] [/39, 659] 
best_l after optimization: -0.3297698199748993
beta sum per layer: [1.1169559955596924, 24.139225006103516, 33.76460647583008, 60.720333099365234, 58.62274932861328, 16.701662063598633]
alpha/beta optimization time: 0.1329634189605713
pruning_in_iteration open status: True
ratio of positive domain = 81 / 128 = 0.6328125
pruning-in-iteration extra time: 0.004744052886962891
Time: get_branching_decision.update_bounds 0.0154    pickout 0.0108    branching_decision 0.0001    decision 0.0001    set_bounds 0.0035    prepare 0.0056    transfer 0.0000    finalize 0.0019    func 0.1785    solve 0.2079    add 0.0011    bab_iteration 0.2219    
Accumulated time: get_branching_decision.update_bounds 0.0154    bab_iteration 54.0109    pickout 2.4138    decision 0.0257    branching_decision 0.0217    set_bounds 0.7770    solve 50.5506    func 50.7173    prepare 1.2475    transfer 0.0029    finalize 0.3903    add 0.2186    
max lb 9.999999747378752e-05 min lb -0.027006149291992188
Number of Verified Splits: 81 of 128
Current worst splitting domains lb-rhs (depth):
-0.30738 (6), -0.30721 (6), -0.29449 (5), -0.28459 (5), -0.28008 (6), -0.27746 (6), -0.27236 (5), -0.27216 (5), -0.26685 (7), -0.26645 (5), -0.26371 (7), -0.25911 (8), -0.25722 (8), -0.25306 (7), -0.24440 (5), -0.24430 (7), -0.24391 (10), -0.23942 (11), -0.23749 (9), -0.23632 (9), 
Current (lb-rhs): -0.3073784112930298
31280 domains visited
Length of domains: 760
Cumulative time: 54.22727656364441

BaB round 249
batch: 64
splitting decisions: 
split level 0: [/input, 1412] [/39, 164] [/input, 1412] [/44, 357] [/39, 229] [/44, 474] [/input-8, 35] [/input-8, 35] [/39, 229] [/input-8, 851] 
best_l after optimization: -0.39293691515922546
beta sum per layer: [2.029705047607422, 24.591196060180664, 35.693031311035156, 69.56206512451172, 55.65254592895508, 12.51512336730957]
alpha/beta optimization time: 0.1477799415588379
pruning_in_iteration open status: True
ratio of positive domain = 73 / 128 = 0.5703125
pruning-in-iteration extra time: 0.005148172378540039
Time: get_branching_decision.update_bounds 0.0154    pickout 0.0114    branching_decision 0.0002    decision 0.0002    set_bounds 0.0048    prepare 0.0060    transfer 0.0000    finalize 0.0012    func 0.1988    solve 0.1786    add 0.0007    bab_iteration 0.1939    
Accumulated time: get_branching_decision.update_bounds 0.0154    bab_iteration 54.2048    pickout 2.4252    decision 0.0258    branching_decision 0.0218    set_bounds 0.7818    solve 50.7292    func 50.9160    prepare 1.2535    transfer 0.0029    finalize 0.3915    add 0.2193    
max lb 9.999999747378752e-05 min lb -0.029727935791015625
Number of Verified Splits: 73 of 128
Current worst splitting domains lb-rhs (depth):
-0.30738 (6), -0.30721 (6), -0.29449 (5), -0.28459 (5), -0.28008 (6), -0.27746 (6), -0.27236 (5), -0.27216 (5), -0.26685 (7), -0.26645 (5), -0.26371 (7), -0.25911 (8), -0.25722 (8), -0.25306 (7), -0.24440 (5), -0.24430 (7), -0.24391 (10), -0.23942 (11), -0.23749 (9), -0.23632 (9), 
Current (lb-rhs): -0.3073784112930298
31408 domains visited
Length of domains: 751
Time out!!!!!!!!
{"solver_status":"unknown","status":"ok"}
